periodo,servicio,modalidad,dia,hora,grupo,n
201620,"Deprecated, APO 1",Normal,1,9,Atendida,16
201620,"Deprecated, APO 1",Normal,1,9,Cancelada,8
201620,"Deprecated, APO 1",Normal,1,9,Cola,16
201620,"Deprecated, APO 1",Normal,1,9,No asistió,2
201620,"Deprecated, APO 1",Normal,1,10,Atendida,19
201620,"Deprecated, APO 1",Normal,1,10,Cancelada,7
201620,"Deprecated, APO 1",Normal,1,10,Cola,29
201620,"Deprecated, APO 1",Normal,1,10,No asistió,3
201620,"Deprecated, APO 1",Normal,1,11,Abierta,1
201620,"Deprecated, APO 1",Normal,1,11,Atendida,24
201620,"Deprecated, APO 1",Normal,1,11,Cancelada,11
201620,"Deprecated, APO 1",Normal,1,11,Cola,9
201620,"Deprecated, APO 1",Normal,1,12,Atendida,20
201620,"Deprecated, APO 1",Normal,1,12,Cancelada,2
201620,"Deprecated, APO 1",Normal,1,12,Cola,9
201620,"Deprecated, APO 1",Normal,1,12,No asistió,3
201620,"Deprecated, APO 1",Normal,1,13,Atendida,20
201620,"Deprecated, APO 1",Normal,1,13,Cancelada,4
201620,"Deprecated, APO 1",Normal,1,13,Cola,10
201620,"Deprecated, APO 1",Normal,1,13,No asistió,1
201620,"Deprecated, APO 1",Normal,1,14,Abierta,1
201620,"Deprecated, APO 1",Normal,1,14,Atendida,14
201620,"Deprecated, APO 1",Normal,1,14,Cancelada,8
201620,"Deprecated, APO 1",Normal,1,14,Cola,21
201620,"Deprecated, APO 1",Normal,1,14,No asistió,5
201620,"Deprecated, APO 1",Normal,1,15,Atendida,17
201620,"Deprecated, APO 1",Normal,1,15,Cancelada,6
201620,"Deprecated, APO 1",Normal,1,15,Cola,22
201620,"Deprecated, APO 1",Normal,1,16,Abierta,1
201620,"Deprecated, APO 1",Normal,1,16,Atendida,15
201620,"Deprecated, APO 1",Normal,1,16,Cancelada,4
201620,"Deprecated, APO 1",Normal,1,16,Cola,5
201620,"Deprecated, APO 1",Normal,1,16,No asistió,1
201620,"Deprecated, APO 1",Normal,1,17,Atendida,14
201620,"Deprecated, APO 1",Normal,1,17,Cancelada,5
201620,"Deprecated, APO 1",Normal,1,17,Cola,8
201620,"Deprecated, APO 1",Normal,1,17,No asistió,2
201620,"Deprecated, APO 1",Normal,2,9,Atendida,19
201620,"Deprecated, APO 1",Normal,2,9,Cancelada,9
201620,"Deprecated, APO 1",Normal,2,9,Cola,11
201620,"Deprecated, APO 1",Normal,2,9,No asistió,4
201620,"Deprecated, APO 1",Normal,2,10,Atendida,25
201620,"Deprecated, APO 1",Normal,2,10,Cancelada,11
201620,"Deprecated, APO 1",Normal,2,10,Cola,14
201620,"Deprecated, APO 1",Normal,2,10,No asistió,1
201620,"Deprecated, APO 1",Normal,2,11,Abierta,1
201620,"Deprecated, APO 1",Normal,2,11,Atendida,31
201620,"Deprecated, APO 1",Normal,2,11,Cancelada,17
201620,"Deprecated, APO 1",Normal,2,11,Cola,15
201620,"Deprecated, APO 1",Normal,2,11,No asistió,5
201620,"Deprecated, APO 1",Normal,2,12,Atendida,9
201620,"Deprecated, APO 1",Normal,2,12,Cancelada,7
201620,"Deprecated, APO 1",Normal,2,12,Cola,6
201620,"Deprecated, APO 1",Normal,2,13,Atendida,23
201620,"Deprecated, APO 1",Normal,2,13,Cancelada,7
201620,"Deprecated, APO 1",Normal,2,13,Cola,14
201620,"Deprecated, APO 1",Normal,2,13,No asistió,3
201620,"Deprecated, APO 1",Normal,2,14,Atendida,18
201620,"Deprecated, APO 1",Normal,2,14,Cancelada,12
201620,"Deprecated, APO 1",Normal,2,14,Cola,11
201620,"Deprecated, APO 1",Normal,2,14,No asistió,3
201620,"Deprecated, APO 1",Normal,2,15,Atendida,11
201620,"Deprecated, APO 1",Normal,2,15,Cancelada,6
201620,"Deprecated, APO 1",Normal,2,15,Cola,8
201620,"Deprecated, APO 1",Normal,2,15,No asistió,2
201620,"Deprecated, APO 1",Normal,2,16,Atendida,24
201620,"Deprecated, APO 1",Normal,2,16,Cancelada,11
201620,"Deprecated, APO 1",Normal,2,16,Cola,12
201620,"Deprecated, APO 1",Normal,2,16,No asistió,4
201620,"Deprecated, APO 1",Normal,2,17,Atendida,19
201620,"Deprecated, APO 1",Normal,2,17,Cancelada,7
201620,"Deprecated, APO 1",Normal,2,17,Cola,10
201620,"Deprecated, APO 1",Normal,2,17,No asistió,1
201620,"Deprecated, APO 1",Normal,3,9,Atendida,23
201620,"Deprecated, APO 1",Normal,3,9,Cancelada,8
201620,"Deprecated, APO 1",Normal,3,9,Cola,9
201620,"Deprecated, APO 1",Normal,3,10,Atendida,30
201620,"Deprecated, APO 1",Normal,3,10,Cancelada,10
201620,"Deprecated, APO 1",Normal,3,10,Cola,17
201620,"Deprecated, APO 1",Normal,3,11,Atendida,27
201620,"Deprecated, APO 1",Normal,3,11,Cancelada,12
201620,"Deprecated, APO 1",Normal,3,11,Cola,16
201620,"Deprecated, APO 1",Normal,3,11,No asistió,4
201620,"Deprecated, APO 1",Normal,3,12,Atendida,9
201620,"Deprecated, APO 1",Normal,3,12,Cancelada,4
201620,"Deprecated, APO 1",Normal,3,12,Cola,9
201620,"Deprecated, APO 1",Normal,3,12,No asistió,2
201620,"Deprecated, APO 1",Normal,3,13,Atendida,16
201620,"Deprecated, APO 1",Normal,3,13,Cancelada,5
201620,"Deprecated, APO 1",Normal,3,13,Cola,16
201620,"Deprecated, APO 1",Normal,3,13,No asistió,2
201620,"Deprecated, APO 1",Normal,3,14,Atendida,29
201620,"Deprecated, APO 1",Normal,3,14,Cancelada,11
201620,"Deprecated, APO 1",Normal,3,14,Cola,15
201620,"Deprecated, APO 1",Normal,3,14,No asistió,3
201620,"Deprecated, APO 1",Normal,3,15,Abierta,1
201620,"Deprecated, APO 1",Normal,3,15,Atendida,26
201620,"Deprecated, APO 1",Normal,3,15,Cancelada,15
201620,"Deprecated, APO 1",Normal,3,15,Cola,8
201620,"Deprecated, APO 1",Normal,3,15,No asistió,1
201620,"Deprecated, APO 1",Normal,3,16,Atendida,36
201620,"Deprecated, APO 1",Normal,3,16,Cancelada,17
201620,"Deprecated, APO 1",Normal,3,16,Cola,12
201620,"Deprecated, APO 1",Normal,3,16,No asistió,2
201620,"Deprecated, APO 1",Normal,3,17,Atendida,19
201620,"Deprecated, APO 1",Normal,3,17,Cancelada,6
201620,"Deprecated, APO 1",Normal,3,17,Cola,8
201620,"Deprecated, APO 1",Normal,3,17,No asistió,1
201620,"Deprecated, APO 1",Normal,4,9,Atendida,8
201620,"Deprecated, APO 1",Normal,4,9,Cancelada,6
201620,"Deprecated, APO 1",Normal,4,9,Cola,8
201620,"Deprecated, APO 1",Normal,4,10,Atendida,31
201620,"Deprecated, APO 1",Normal,4,10,Cancelada,11
201620,"Deprecated, APO 1",Normal,4,10,Cola,15
201620,"Deprecated, APO 1",Normal,4,10,No asistió,1
201620,"Deprecated, APO 1",Normal,4,11,Atendida,34
201620,"Deprecated, APO 1",Normal,4,11,Cancelada,18
201620,"Deprecated, APO 1",Normal,4,11,Cola,12
201620,"Deprecated, APO 1",Normal,4,11,No asistió,3
201620,"Deprecated, APO 1",Normal,4,12,Atendida,27
201620,"Deprecated, APO 1",Normal,4,12,Cancelada,13
201620,"Deprecated, APO 1",Normal,4,12,Cola,7
201620,"Deprecated, APO 1",Normal,4,12,No asistió,3
201620,"Deprecated, APO 1",Normal,4,13,Atendida,24
201620,"Deprecated, APO 1",Normal,4,13,Cancelada,13
201620,"Deprecated, APO 1",Normal,4,13,Cola,9
201620,"Deprecated, APO 1",Normal,4,13,No asistió,4
201620,"Deprecated, APO 1",Normal,4,14,Atendida,23
201620,"Deprecated, APO 1",Normal,4,14,Cancelada,8
201620,"Deprecated, APO 1",Normal,4,14,Cola,13
201620,"Deprecated, APO 1",Normal,4,14,No asistió,7
201620,"Deprecated, APO 1",Normal,4,15,Atendida,20
201620,"Deprecated, APO 1",Normal,4,15,Cancelada,16
201620,"Deprecated, APO 1",Normal,4,15,Cola,11
201620,"Deprecated, APO 1",Normal,4,15,No asistió,5
201620,"Deprecated, APO 1",Normal,4,16,Abierta,1
201620,"Deprecated, APO 1",Normal,4,16,Atendida,20
201620,"Deprecated, APO 1",Normal,4,16,Cancelada,12
201620,"Deprecated, APO 1",Normal,4,16,Cola,10
201620,"Deprecated, APO 1",Normal,4,16,No asistió,5
201620,"Deprecated, APO 1",Normal,4,17,Atendida,15
201620,"Deprecated, APO 1",Normal,4,17,Cancelada,6
201620,"Deprecated, APO 1",Normal,4,17,Cola,14
201620,"Deprecated, APO 1",Normal,4,17,No asistió,2
201620,"Deprecated, APO 1",Normal,5,9,Atendida,19
201620,"Deprecated, APO 1",Normal,5,9,Cancelada,8
201620,"Deprecated, APO 1",Normal,5,9,Cola,20
201620,"Deprecated, APO 1",Normal,5,9,No asistió,2
201620,"Deprecated, APO 1",Normal,5,10,Atendida,25
201620,"Deprecated, APO 1",Normal,5,10,Cancelada,8
201620,"Deprecated, APO 1",Normal,5,10,Cola,30
201620,"Deprecated, APO 1",Normal,5,10,No asistió,4
201620,"Deprecated, APO 1",Normal,5,11,Atendida,26
201620,"Deprecated, APO 1",Normal,5,11,Cancelada,21
201620,"Deprecated, APO 1",Normal,5,11,Cola,29
201620,"Deprecated, APO 1",Normal,5,11,No asistió,2
201620,"Deprecated, APO 1",Normal,5,12,Atendida,31
201620,"Deprecated, APO 1",Normal,5,12,Cancelada,19
201620,"Deprecated, APO 1",Normal,5,12,Cola,10
201620,"Deprecated, APO 1",Normal,5,13,Abierta,1
201620,"Deprecated, APO 1",Normal,5,13,Atendida,29
201620,"Deprecated, APO 1",Normal,5,13,Cancelada,11
201620,"Deprecated, APO 1",Normal,5,13,Cola,8
201620,"Deprecated, APO 1",Normal,5,13,No asistió,2
201620,"Deprecated, APO 1",Normal,5,14,Abierta,1
201620,"Deprecated, APO 1",Normal,5,14,Atendida,25
201620,"Deprecated, APO 1",Normal,5,14,Cancelada,9
201620,"Deprecated, APO 1",Normal,5,14,Cola,12
201620,"Deprecated, APO 1",Normal,5,15,Atendida,25
201620,"Deprecated, APO 1",Normal,5,15,Cancelada,9
201620,"Deprecated, APO 1",Normal,5,15,Cola,13
201620,"Deprecated, APO 1",Normal,5,15,No asistió,3
201620,"Deprecated, APO 1",Normal,5,16,Atendida,26
201620,"Deprecated, APO 1",Normal,5,16,Cancelada,16
201620,"Deprecated, APO 1",Normal,5,16,Cola,12
201620,"Deprecated, APO 1",Normal,5,16,No asistió,1
201620,"Deprecated, APO 1",Normal,5,17,Atendida,20
201620,"Deprecated, APO 1",Normal,5,17,Cancelada,8
201620,"Deprecated, APO 1",Normal,5,17,Cola,15
201620,"Deprecated, APO 1",Normal,5,17,No asistió,2
201620,"Deprecated, APO 2",Normal,1,9,Atendida,2
201620,"Deprecated, APO 2",Normal,1,9,Cola,5
201620,"Deprecated, APO 2",Normal,1,9,No asistió,1
201620,"Deprecated, APO 2",Normal,1,10,Atendida,5
201620,"Deprecated, APO 2",Normal,1,10,Cancelada,3
201620,"Deprecated, APO 2",Normal,1,10,Cola,11
201620,"Deprecated, APO 2",Normal,1,10,No asistió,1
201620,"Deprecated, APO 2",Normal,1,11,Atendida,1
201620,"Deprecated, APO 2",Normal,1,12,Atendida,1
201620,"Deprecated, APO 2",Normal,1,12,Cola,2
201620,"Deprecated, APO 2",Normal,1,13,Atendida,4
201620,"Deprecated, APO 2",Normal,1,13,Cancelada,1
201620,"Deprecated, APO 2",Normal,1,13,Cola,3
201620,"Deprecated, APO 2",Normal,1,14,Abierta,1
201620,"Deprecated, APO 2",Normal,1,14,Atendida,8
201620,"Deprecated, APO 2",Normal,1,14,Cancelada,5
201620,"Deprecated, APO 2",Normal,1,14,Cola,13
201620,"Deprecated, APO 2",Normal,1,15,Atendida,6
201620,"Deprecated, APO 2",Normal,1,15,Cancelada,6
201620,"Deprecated, APO 2",Normal,1,15,Cola,11
201620,"Deprecated, APO 2",Normal,1,16,Atendida,2
201620,"Deprecated, APO 2",Normal,1,16,Cola,1
201620,"Deprecated, APO 2",Normal,1,17,Atendida,1
201620,"Deprecated, APO 2",Normal,1,17,Cancelada,1
201620,"Deprecated, APO 2",Normal,1,17,Cola,3
201620,"Deprecated, APO 2",Normal,2,9,Atendida,3
201620,"Deprecated, APO 2",Normal,2,9,Cancelada,2
201620,"Deprecated, APO 2",Normal,2,9,Cola,1
201620,"Deprecated, APO 2",Normal,2,10,Atendida,11
201620,"Deprecated, APO 2",Normal,2,10,Cancelada,4
201620,"Deprecated, APO 2",Normal,2,10,Cola,12
201620,"Deprecated, APO 2",Normal,2,11,Atendida,2
201620,"Deprecated, APO 2",Normal,2,11,Cancelada,1
201620,"Deprecated, APO 2",Normal,2,11,Cola,1
201620,"Deprecated, APO 2",Normal,2,12,Cancelada,1
201620,"Deprecated, APO 2",Normal,2,12,Cola,1
201620,"Deprecated, APO 2",Normal,2,13,Atendida,7
201620,"Deprecated, APO 2",Normal,2,13,Cancelada,2
201620,"Deprecated, APO 2",Normal,2,13,Cola,7
201620,"Deprecated, APO 2",Normal,2,13,No asistió,3
201620,"Deprecated, APO 2",Normal,2,14,Atendida,13
201620,"Deprecated, APO 2",Normal,2,14,Cancelada,6
201620,"Deprecated, APO 2",Normal,2,14,Cola,13
201620,"Deprecated, APO 2",Normal,2,14,No asistió,1
201620,"Deprecated, APO 2",Normal,2,15,Atendida,4
201620,"Deprecated, APO 2",Normal,2,15,Cancelada,1
201620,"Deprecated, APO 2",Normal,2,15,Cola,2
201620,"Deprecated, APO 2",Normal,2,16,Atendida,10
201620,"Deprecated, APO 2",Normal,2,16,Cancelada,2
201620,"Deprecated, APO 2",Normal,2,16,Cola,2
201620,"Deprecated, APO 2",Normal,2,16,No asistió,2
201620,"Deprecated, APO 2",Normal,2,17,Atendida,9
201620,"Deprecated, APO 2",Normal,2,17,Cancelada,3
201620,"Deprecated, APO 2",Normal,2,17,Cola,6
201620,"Deprecated, APO 2",Normal,2,17,No asistió,2
201620,"Deprecated, APO 2",Normal,3,9,Abierta,1
201620,"Deprecated, APO 2",Normal,3,9,Atendida,7
201620,"Deprecated, APO 2",Normal,3,9,Cancelada,5
201620,"Deprecated, APO 2",Normal,3,9,Cola,3
201620,"Deprecated, APO 2",Normal,3,9,No asistió,2
201620,"Deprecated, APO 2",Normal,3,10,Atendida,5
201620,"Deprecated, APO 2",Normal,3,10,Cola,2
201620,"Deprecated, APO 2",Normal,3,11,Atendida,7
201620,"Deprecated, APO 2",Normal,3,11,Cancelada,1
201620,"Deprecated, APO 2",Normal,3,11,Cola,5
201620,"Deprecated, APO 2",Normal,3,11,No asistió,2
201620,"Deprecated, APO 2",Normal,3,12,Atendida,18
201620,"Deprecated, APO 2",Normal,3,12,Cancelada,8
201620,"Deprecated, APO 2",Normal,3,12,Cola,5
201620,"Deprecated, APO 2",Normal,3,13,Atendida,6
201620,"Deprecated, APO 2",Normal,3,13,Cancelada,4
201620,"Deprecated, APO 2",Normal,3,13,Cola,4
201620,"Deprecated, APO 2",Normal,3,14,Atendida,10
201620,"Deprecated, APO 2",Normal,3,14,Cancelada,3
201620,"Deprecated, APO 2",Normal,3,14,Cola,3
201620,"Deprecated, APO 2",Normal,3,14,No asistió,1
201620,"Deprecated, APO 2",Normal,3,15,Abierta,1
201620,"Deprecated, APO 2",Normal,3,15,Atendida,7
201620,"Deprecated, APO 2",Normal,3,15,Cancelada,3
201620,"Deprecated, APO 2",Normal,3,15,Cola,2
201620,"Deprecated, APO 2",Normal,3,15,No asistió,2
201620,"Deprecated, APO 2",Normal,3,16,Atendida,5
201620,"Deprecated, APO 2",Normal,3,16,Cancelada,4
201620,"Deprecated, APO 2",Normal,3,17,Abierta,1
201620,"Deprecated, APO 2",Normal,3,17,Atendida,15
201620,"Deprecated, APO 2",Normal,3,17,Cancelada,6
201620,"Deprecated, APO 2",Normal,3,17,Cola,2
201620,"Deprecated, APO 2",Normal,3,17,No asistió,3
201620,"Deprecated, APO 2",Normal,4,9,Atendida,7
201620,"Deprecated, APO 2",Normal,4,9,Cancelada,6
201620,"Deprecated, APO 2",Normal,4,9,Cola,3
201620,"Deprecated, APO 2",Normal,4,9,No asistió,1
201620,"Deprecated, APO 2",Normal,4,10,Atendida,8
201620,"Deprecated, APO 2",Normal,4,10,Cancelada,7
201620,"Deprecated, APO 2",Normal,4,10,Cola,8
201620,"Deprecated, APO 2",Normal,4,10,No asistió,1
201620,"Deprecated, APO 2",Normal,4,11,Atendida,4
201620,"Deprecated, APO 2",Normal,4,11,Cancelada,3
201620,"Deprecated, APO 2",Normal,4,11,Cola,1
201620,"Deprecated, APO 2",Normal,4,11,No asistió,2
201620,"Deprecated, APO 2",Normal,4,12,Atendida,3
201620,"Deprecated, APO 2",Normal,4,12,Cancelada,3
201620,"Deprecated, APO 2",Normal,4,12,Cola,1
201620,"Deprecated, APO 2",Normal,4,12,No asistió,1
201620,"Deprecated, APO 2",Normal,4,13,Atendida,7
201620,"Deprecated, APO 2",Normal,4,13,Cancelada,1
201620,"Deprecated, APO 2",Normal,4,13,Cola,1
201620,"Deprecated, APO 2",Normal,4,14,Atendida,5
201620,"Deprecated, APO 2",Normal,4,14,Cancelada,1
201620,"Deprecated, APO 2",Normal,4,14,Cola,1
201620,"Deprecated, APO 2",Normal,4,14,No asistió,1
201620,"Deprecated, APO 2",Normal,4,16,Atendida,8
201620,"Deprecated, APO 2",Normal,4,16,Cancelada,7
201620,"Deprecated, APO 2",Normal,4,16,Cola,2
201620,"Deprecated, APO 2",Normal,4,17,Atendida,10
201620,"Deprecated, APO 2",Normal,4,17,Cancelada,5
201620,"Deprecated, APO 2",Normal,4,17,Cola,4
201620,"Deprecated, APO 2",Normal,4,17,No asistió,1
201620,"Deprecated, APO 2",Normal,5,9,Atendida,8
201620,"Deprecated, APO 2",Normal,5,9,Cancelada,8
201620,"Deprecated, APO 2",Normal,5,9,Cola,3
201620,"Deprecated, APO 2",Normal,5,9,No asistió,5
201620,"Deprecated, APO 2",Normal,5,10,Atendida,14
201620,"Deprecated, APO 2",Normal,5,10,Cancelada,4
201620,"Deprecated, APO 2",Normal,5,10,Cola,6
201620,"Deprecated, APO 2",Normal,5,10,No asistió,1
201620,"Deprecated, APO 2",Normal,5,11,Atendida,10
201620,"Deprecated, APO 2",Normal,5,11,Cancelada,12
201620,"Deprecated, APO 2",Normal,5,11,Cola,6
201620,"Deprecated, APO 2",Normal,5,11,No asistió,1
201620,"Deprecated, APO 2",Normal,5,12,Atendida,1
201620,"Deprecated, APO 2",Normal,5,12,Cancelada,1
201620,"Deprecated, APO 2",Normal,5,12,No asistió,1
201620,"Deprecated, APO 2",Normal,5,13,Atendida,3
201620,"Deprecated, APO 2",Normal,5,13,Cancelada,2
201620,"Deprecated, APO 2",Normal,5,13,Cola,1
201620,"Deprecated, APO 2",Normal,5,14,Atendida,3
201620,"Deprecated, APO 2",Normal,5,14,Cancelada,1
201620,"Deprecated, APO 2",Normal,5,15,Atendida,1
201620,"Deprecated, APO 2",Normal,5,15,Cancelada,2
201620,"Deprecated, APO 2",Normal,5,15,Cola,1
201620,"Deprecated, APO 2",Normal,5,16,Atendida,3
201620,"Deprecated, APO 2",Normal,5,16,Cancelada,3
201620,"Deprecated, APO 2",Normal,5,16,Cola,2
201620,"Deprecated, APO 2",Normal,5,17,Atendida,10
201620,"Deprecated, APO 2",Normal,5,17,Cancelada,3
201620,"Deprecated, APO 2",Normal,5,17,Cola,5
201620,"Deprecated, Apoyo",Normal,1,9,Cola,1
201620,"Deprecated, Apoyo",Normal,1,13,Atendida,1
201620,"Deprecated, Apoyo",Normal,1,13,Cancelada,1
201620,"Deprecated, Apoyo",Normal,1,14,Atendida,1
201620,"Deprecated, Apoyo",Normal,1,15,Cancelada,1
201620,"Deprecated, Apoyo",Normal,1,15,Cola,1
201620,"Deprecated, Apoyo",Normal,1,17,Atendida,1
201620,"Deprecated, Apoyo",Normal,1,17,Cancelada,1
201620,"Deprecated, Apoyo",Normal,2,9,Atendida,1
201620,"Deprecated, Apoyo",Normal,2,9,Cancelada,1
201620,"Deprecated, Apoyo",Normal,2,9,Cola,1
201620,"Deprecated, Apoyo",Normal,2,10,Cola,1
201620,"Deprecated, Apoyo",Normal,2,11,Atendida,2
201620,"Deprecated, Apoyo",Normal,2,11,Cancelada,1
201620,"Deprecated, Apoyo",Normal,2,16,Cola,1
201620,"Deprecated, Apoyo",Normal,3,9,Atendida,3
201620,"Deprecated, Apoyo",Normal,3,9,Cancelada,1
201620,"Deprecated, Apoyo",Normal,3,9,Cola,1
201620,"Deprecated, Apoyo",Normal,3,10,Atendida,1
201620,"Deprecated, Apoyo",Normal,3,10,Cola,2
201620,"Deprecated, Apoyo",Normal,3,11,Atendida,1
201620,"Deprecated, Apoyo",Normal,3,16,Cancelada,1
201620,"Deprecated, Apoyo",Normal,3,16,Cola,1
201620,"Deprecated, Apoyo",Normal,3,17,Cancelada,1
201620,"Deprecated, Apoyo",Normal,4,9,Atendida,2
201620,"Deprecated, Apoyo",Normal,4,10,Cancelada,1
201620,"Deprecated, Apoyo",Normal,4,11,Atendida,2
201620,"Deprecated, Apoyo",Normal,4,11,Cola,1
201620,"Deprecated, Apoyo",Normal,4,16,Atendida,2
201620,"Deprecated, Apoyo",Normal,4,16,Cola,2
201620,"Deprecated, Apoyo",Normal,5,10,Abierta,1
201620,"Deprecated, Apoyo",Normal,5,11,Atendida,1
201620,"Deprecated, Apoyo",Normal,5,14,Atendida,2
201620,"Deprecated, Apoyo",Normal,5,14,Cancelada,1
201620,"Deprecated, Apoyo",Normal,5,15,Atendida,6
201620,"Deprecated, IP Nivelación",Normal,1,9,Atendida,3
201620,"Deprecated, IP Nivelación",Normal,1,9,Cancelada,2
201620,"Deprecated, IP Nivelación",Normal,1,9,Cola,3
201620,"Deprecated, IP Nivelación",Normal,1,10,Atendida,2
201620,"Deprecated, IP Nivelación",Normal,1,13,Atendida,2
201620,"Deprecated, IP Nivelación",Normal,1,14,Cola,1
201620,"Deprecated, IP Nivelación",Normal,1,16,Cancelada,1
201620,"Deprecated, IP Nivelación",Normal,2,9,Atendida,5
201620,"Deprecated, IP Nivelación",Normal,2,10,Cancelada,1
201620,"Deprecated, IP Nivelación",Normal,2,12,Atendida,1
201620,"Deprecated, IP Nivelación",Normal,2,12,Cancelada,2
201620,"Deprecated, IP Nivelación",Normal,2,12,Cola,2
201620,"Deprecated, IP Nivelación",Normal,2,13,Atendida,2
201620,"Deprecated, IP Nivelación",Normal,2,13,Cancelada,1
201620,"Deprecated, IP Nivelación",Normal,2,14,Cancelada,2
201620,"Deprecated, IP Nivelación",Normal,2,15,Cola,1
201620,"Deprecated, IP Nivelación",Normal,2,17,Atendida,2
201620,"Deprecated, IP Nivelación",Normal,3,9,Atendida,1
201620,"Deprecated, IP Nivelación",Normal,3,11,No asistió,1
201620,"Deprecated, IP Nivelación",Normal,3,12,Atendida,1
201620,"Deprecated, IP Nivelación",Normal,3,14,Cola,2
201620,"Deprecated, IP Nivelación",Normal,3,15,Cancelada,1
201620,"Deprecated, IP Nivelación",Normal,3,15,Cola,1
201620,"Deprecated, IP Nivelación",Normal,3,17,Atendida,1
201620,"Deprecated, IP Nivelación",Normal,3,17,Cola,1
201620,"Deprecated, IP Nivelación",Normal,4,9,Atendida,1
201620,"Deprecated, IP Nivelación",Normal,4,9,Cola,1
201620,"Deprecated, IP Nivelación",Normal,4,12,Cancelada,2
201620,"Deprecated, IP Nivelación",Normal,4,14,Atendida,2
201620,"Deprecated, IP Nivelación",Normal,4,15,Atendida,1
201620,"Deprecated, IP Nivelación",Normal,4,15,Cancelada,1
201620,"Deprecated, IP Nivelación",Normal,5,9,Atendida,1
201620,"Deprecated, IP Nivelación",Normal,5,9,Cancelada,1
201620,"Deprecated, IP Nivelación",Normal,5,10,Cola,1
201620,"Deprecated, IP Nivelación",Normal,5,13,Cancelada,1
201620,"Deprecated, IP Nivelación",Normal,5,14,Cola,1
201620,"Deprecated, IP Nivelación",Normal,5,16,Atendida,2
201620,"Deprecated, IP Nivelación",Normal,5,16,Cancelada,1
201710,"Deprecated, APO 1","Deprecated, Grupal",1,11,Atendida,3
201710,"Deprecated, APO 1","Deprecated, Grupal",1,11,Cancelada,3
201710,"Deprecated, APO 1","Deprecated, Grupal",1,14,Atendida,13
201710,"Deprecated, APO 1","Deprecated, Grupal",1,14,Cancelada,2
201710,"Deprecated, APO 1","Deprecated, Grupal",1,14,Cola,2
201710,"Deprecated, APO 1","Deprecated, Grupal",2,11,Atendida,8
201710,"Deprecated, APO 1","Deprecated, Grupal",2,11,Cancelada,3
201710,"Deprecated, APO 1","Deprecated, Grupal",2,11,No asistió,1
201710,"Deprecated, APO 1","Deprecated, Grupal",2,14,Atendida,2
201710,"Deprecated, APO 1","Deprecated, Grupal",2,14,Cancelada,1
201710,"Deprecated, APO 1","Deprecated, Grupal",3,13,Atendida,8
201710,"Deprecated, APO 1","Deprecated, Grupal",3,13,Cancelada,2
201710,"Deprecated, APO 1","Deprecated, Grupal",3,13,Cola,1
201710,"Deprecated, APO 1","Deprecated, Grupal",3,13,No asistió,2
201710,"Deprecated, APO 1","Deprecated, Grupal",3,14,Atendida,6
201710,"Deprecated, APO 1","Deprecated, Grupal",4,10,No asistió,1
201710,"Deprecated, APO 1","Deprecated, Grupal",4,13,Atendida,10
201710,"Deprecated, APO 1","Deprecated, Grupal",4,13,Cancelada,2
201710,"Deprecated, APO 1","Deprecated, Grupal",4,13,Cola,2
201710,"Deprecated, APO 1","Deprecated, Grupal",5,14,Atendida,10
201710,"Deprecated, APO 1","Deprecated, Grupal",5,14,Cancelada,3
201710,"Deprecated, APO 1","Deprecated, Grupal",5,14,Cola,2
201710,"Deprecated, APO 1","Deprecated, Torre Séneca",3,18,Atendida,4
201710,"Deprecated, APO 1","Deprecated, Torre Séneca",3,18,Cancelada,2
201710,"Deprecated, APO 1",Express,1,9,Atendida,21
201710,"Deprecated, APO 1",Express,1,9,Cancelada,6
201710,"Deprecated, APO 1",Express,1,9,Cola,8
201710,"Deprecated, APO 1",Express,1,9,No asistió,2
201710,"Deprecated, APO 1",Express,1,10,Atendida,5
201710,"Deprecated, APO 1",Express,1,10,Cancelada,2
201710,"Deprecated, APO 1",Express,1,10,Cola,2
201710,"Deprecated, APO 1",Express,1,11,Atendida,24
201710,"Deprecated, APO 1",Express,1,11,Cancelada,4
201710,"Deprecated, APO 1",Express,1,11,Cola,12
201710,"Deprecated, APO 1",Express,1,11,No asistió,1
201710,"Deprecated, APO 1",Express,1,12,Atendida,35
201710,"Deprecated, APO 1",Express,1,12,Cancelada,6
201710,"Deprecated, APO 1",Express,1,12,Cola,16
201710,"Deprecated, APO 1",Express,1,12,No asistió,4
201710,"Deprecated, APO 1",Express,1,13,Atendida,3
201710,"Deprecated, APO 1",Express,1,13,Cola,1
201710,"Deprecated, APO 1",Express,1,14,Atendida,26
201710,"Deprecated, APO 1",Express,1,14,Cancelada,3
201710,"Deprecated, APO 1",Express,1,14,Cola,10
201710,"Deprecated, APO 1",Express,1,14,No asistió,2
201710,"Deprecated, APO 1",Express,1,15,Atendida,20
201710,"Deprecated, APO 1",Express,1,15,Cancelada,6
201710,"Deprecated, APO 1",Express,1,15,Cola,17
201710,"Deprecated, APO 1",Express,1,15,No asistió,1
201710,"Deprecated, APO 1",Express,1,16,Atendida,2
201710,"Deprecated, APO 1",Express,1,16,Cancelada,1
201710,"Deprecated, APO 1",Express,1,17,Atendida,15
201710,"Deprecated, APO 1",Express,1,17,Cancelada,3
201710,"Deprecated, APO 1",Express,1,17,Cola,11
201710,"Deprecated, APO 1",Express,1,17,No asistió,1
201710,"Deprecated, APO 1",Express,1,18,Atendida,4
201710,"Deprecated, APO 1",Express,1,18,Cancelada,3
201710,"Deprecated, APO 1",Express,2,9,Atendida,18
201710,"Deprecated, APO 1",Express,2,9,Cancelada,4
201710,"Deprecated, APO 1",Express,2,9,Cola,8
201710,"Deprecated, APO 1",Express,2,9,No asistió,1
201710,"Deprecated, APO 1",Express,2,10,Atendida,1
201710,"Deprecated, APO 1",Express,2,10,Cancelada,3
201710,"Deprecated, APO 1",Express,2,10,Cola,1
201710,"Deprecated, APO 1",Express,2,10,No asistió,2
201710,"Deprecated, APO 1",Express,2,11,Atendida,31
201710,"Deprecated, APO 1",Express,2,11,Cancelada,5
201710,"Deprecated, APO 1",Express,2,11,Cola,8
201710,"Deprecated, APO 1",Express,2,12,Atendida,20
201710,"Deprecated, APO 1",Express,2,12,Cancelada,11
201710,"Deprecated, APO 1",Express,2,12,Cola,2
201710,"Deprecated, APO 1",Express,2,12,No asistió,4
201710,"Deprecated, APO 1",Express,2,13,Atendida,1
201710,"Deprecated, APO 1",Express,2,14,Atendida,20
201710,"Deprecated, APO 1",Express,2,14,Cancelada,8
201710,"Deprecated, APO 1",Express,2,14,No asistió,2
201710,"Deprecated, APO 1",Express,2,15,Atendida,14
201710,"Deprecated, APO 1",Express,2,15,Cancelada,8
201710,"Deprecated, APO 1",Express,2,15,Cola,3
201710,"Deprecated, APO 1",Express,2,15,No asistió,2
201710,"Deprecated, APO 1",Express,2,16,Atendida,1
201710,"Deprecated, APO 1",Express,2,17,Atendida,15
201710,"Deprecated, APO 1",Express,2,17,Cancelada,3
201710,"Deprecated, APO 1",Express,2,17,Cola,1
201710,"Deprecated, APO 1",Express,2,17,No asistió,2
201710,"Deprecated, APO 1",Express,2,18,Cancelada,1
201710,"Deprecated, APO 1",Express,3,9,Atendida,22
201710,"Deprecated, APO 1",Express,3,9,Cancelada,11
201710,"Deprecated, APO 1",Express,3,9,Cola,4
201710,"Deprecated, APO 1",Express,3,9,No asistió,6
201710,"Deprecated, APO 1",Express,3,10,Cancelada,1
201710,"Deprecated, APO 1",Express,3,11,Atendida,26
201710,"Deprecated, APO 1",Express,3,11,Cancelada,11
201710,"Deprecated, APO 1",Express,3,11,No asistió,5
201710,"Deprecated, APO 1",Express,3,12,Atendida,30
201710,"Deprecated, APO 1",Express,3,12,Cancelada,11
201710,"Deprecated, APO 1",Express,3,12,Cola,1
201710,"Deprecated, APO 1",Express,3,13,Atendida,1
201710,"Deprecated, APO 1",Express,3,13,Cancelada,1
201710,"Deprecated, APO 1",Express,3,14,Atendida,19
201710,"Deprecated, APO 1",Express,3,14,Cancelada,11
201710,"Deprecated, APO 1",Express,3,14,Cola,1
201710,"Deprecated, APO 1",Express,3,14,No asistió,5
201710,"Deprecated, APO 1",Express,3,15,Atendida,23
201710,"Deprecated, APO 1",Express,3,15,Cancelada,8
201710,"Deprecated, APO 1",Express,3,15,No asistió,2
201710,"Deprecated, APO 1",Express,3,16,Cancelada,1
201710,"Deprecated, APO 1",Express,3,16,No asistió,1
201710,"Deprecated, APO 1",Express,3,17,Atendida,21
201710,"Deprecated, APO 1",Express,3,17,Cancelada,10
201710,"Deprecated, APO 1",Express,3,17,Cola,1
201710,"Deprecated, APO 1",Express,3,17,No asistió,1
201710,"Deprecated, APO 1",Express,4,9,Atendida,20
201710,"Deprecated, APO 1",Express,4,9,Cancelada,18
201710,"Deprecated, APO 1",Express,4,9,Cola,5
201710,"Deprecated, APO 1",Express,4,9,No asistió,4
201710,"Deprecated, APO 1",Express,4,10,Atendida,4
201710,"Deprecated, APO 1",Express,4,11,Atendida,35
201710,"Deprecated, APO 1",Express,4,11,Cancelada,10
201710,"Deprecated, APO 1",Express,4,11,Cola,4
201710,"Deprecated, APO 1",Express,4,11,No asistió,6
201710,"Deprecated, APO 1",Express,4,12,Atendida,26
201710,"Deprecated, APO 1",Express,4,12,Cancelada,17
201710,"Deprecated, APO 1",Express,4,12,Cola,1
201710,"Deprecated, APO 1",Express,4,12,No asistió,6
201710,"Deprecated, APO 1",Express,4,13,Atendida,3
201710,"Deprecated, APO 1",Express,4,13,Cancelada,2
201710,"Deprecated, APO 1",Express,4,14,Atendida,18
201710,"Deprecated, APO 1",Express,4,14,Cancelada,9
201710,"Deprecated, APO 1",Express,4,14,Cola,5
201710,"Deprecated, APO 1",Express,4,14,No asistió,2
201710,"Deprecated, APO 1",Express,4,15,Atendida,26
201710,"Deprecated, APO 1",Express,4,15,Cancelada,12
201710,"Deprecated, APO 1",Express,4,15,Cola,1
201710,"Deprecated, APO 1",Express,4,15,No asistió,5
201710,"Deprecated, APO 1",Express,4,16,Atendida,3
201710,"Deprecated, APO 1",Express,4,16,Cancelada,1
201710,"Deprecated, APO 1",Express,4,17,Atendida,20
201710,"Deprecated, APO 1",Express,4,17,Cancelada,5
201710,"Deprecated, APO 1",Express,4,17,No asistió,3
201710,"Deprecated, APO 1",Express,5,9,Atendida,24
201710,"Deprecated, APO 1",Express,5,9,Cancelada,11
201710,"Deprecated, APO 1",Express,5,9,Cola,8
201710,"Deprecated, APO 1",Express,5,9,No asistió,2
201710,"Deprecated, APO 1",Express,5,10,Atendida,4
201710,"Deprecated, APO 1",Express,5,10,Cancelada,2
201710,"Deprecated, APO 1",Express,5,10,Cola,4
201710,"Deprecated, APO 1",Express,5,11,Atendida,32
201710,"Deprecated, APO 1",Express,5,11,Cancelada,16
201710,"Deprecated, APO 1",Express,5,11,Cola,11
201710,"Deprecated, APO 1",Express,5,11,No asistió,6
201710,"Deprecated, APO 1",Express,5,12,Atendida,26
201710,"Deprecated, APO 1",Express,5,12,Cancelada,11
201710,"Deprecated, APO 1",Express,5,12,Cola,7
201710,"Deprecated, APO 1",Express,5,12,No asistió,4
201710,"Deprecated, APO 1",Express,5,13,Atendida,4
201710,"Deprecated, APO 1",Express,5,13,Cancelada,3
201710,"Deprecated, APO 1",Express,5,14,Atendida,24
201710,"Deprecated, APO 1",Express,5,14,Cancelada,9
201710,"Deprecated, APO 1",Express,5,14,Cola,7
201710,"Deprecated, APO 1",Express,5,14,No asistió,2
201710,"Deprecated, APO 1",Express,5,15,Atendida,23
201710,"Deprecated, APO 1",Express,5,15,Cancelada,15
201710,"Deprecated, APO 1",Express,5,15,Cola,10
201710,"Deprecated, APO 1",Express,5,15,No asistió,2
201710,"Deprecated, APO 1",Express,5,16,Atendida,5
201710,"Deprecated, APO 1",Express,5,16,Cancelada,1
201710,"Deprecated, APO 1",Express,5,16,Cola,4
201710,"Deprecated, APO 1",Express,5,17,Atendida,2
201710,"Deprecated, APO 1",Express,5,17,Cola,5
201710,"Deprecated, APO 1",Express,5,17,No asistió,1
201710,"Deprecated, APO 1",Express,5,18,Atendida,1
201710,"Deprecated, APO 1",Express,5,18,Cola,3
201710,"Deprecated, APO 1",Normal,1,9,Atendida,4
201710,"Deprecated, APO 1",Normal,1,9,Cancelada,1
201710,"Deprecated, APO 1",Normal,1,9,No asistió,1
201710,"Deprecated, APO 1",Normal,1,10,Atendida,37
201710,"Deprecated, APO 1",Normal,1,10,Cancelada,14
201710,"Deprecated, APO 1",Normal,1,10,Cola,22
201710,"Deprecated, APO 1",Normal,1,10,No asistió,1
201710,"Deprecated, APO 1",Normal,1,11,Atendida,45
201710,"Deprecated, APO 1",Normal,1,11,Cancelada,9
201710,"Deprecated, APO 1",Normal,1,11,Cola,14
201710,"Deprecated, APO 1",Normal,1,11,No asistió,1
201710,"Deprecated, APO 1",Normal,1,12,Atendida,3
201710,"Deprecated, APO 1",Normal,1,12,Cola,1
201710,"Deprecated, APO 1",Normal,1,13,Atendida,32
201710,"Deprecated, APO 1",Normal,1,13,Cancelada,12
201710,"Deprecated, APO 1",Normal,1,13,Cola,18
201710,"Deprecated, APO 1",Normal,1,13,No asistió,2
201710,"Deprecated, APO 1",Normal,1,14,Atendida,43
201710,"Deprecated, APO 1",Normal,1,14,Cancelada,7
201710,"Deprecated, APO 1",Normal,1,14,Cola,12
201710,"Deprecated, APO 1",Normal,1,14,No asistió,1
201710,"Deprecated, APO 1",Normal,1,15,Atendida,2
201710,"Deprecated, APO 1",Normal,1,15,Cola,5
201710,"Deprecated, APO 1",Normal,1,16,Atendida,25
201710,"Deprecated, APO 1",Normal,1,16,Cancelada,8
201710,"Deprecated, APO 1",Normal,1,16,Cola,10
201710,"Deprecated, APO 1",Normal,1,16,No asistió,3
201710,"Deprecated, APO 1",Normal,1,17,Atendida,36
201710,"Deprecated, APO 1",Normal,1,17,Cancelada,6
201710,"Deprecated, APO 1",Normal,1,17,Cola,13
201710,"Deprecated, APO 1",Normal,1,17,No asistió,3
201710,"Deprecated, APO 1",Normal,2,9,Atendida,3
201710,"Deprecated, APO 1",Normal,2,9,Cola,1
201710,"Deprecated, APO 1",Normal,2,10,Atendida,30
201710,"Deprecated, APO 1",Normal,2,10,Cancelada,14
201710,"Deprecated, APO 1",Normal,2,10,Cola,14
201710,"Deprecated, APO 1",Normal,2,10,No asistió,4
201710,"Deprecated, APO 1",Normal,2,11,Atendida,44
201710,"Deprecated, APO 1",Normal,2,11,Cancelada,7
201710,"Deprecated, APO 1",Normal,2,11,Cola,15
201710,"Deprecated, APO 1",Normal,2,11,No asistió,4
201710,"Deprecated, APO 1",Normal,2,13,Atendida,40
201710,"Deprecated, APO 1",Normal,2,13,Cancelada,11
201710,"Deprecated, APO 1",Normal,2,13,Cola,5
201710,"Deprecated, APO 1",Normal,2,13,No asistió,2
201710,"Deprecated, APO 1",Normal,2,14,Atendida,42
201710,"Deprecated, APO 1",Normal,2,14,Cancelada,16
201710,"Deprecated, APO 1",Normal,2,14,Cola,5
201710,"Deprecated, APO 1",Normal,2,14,No asistió,1
201710,"Deprecated, APO 1",Normal,2,16,Atendida,23
201710,"Deprecated, APO 1",Normal,2,16,Cancelada,12
201710,"Deprecated, APO 1",Normal,2,16,Cola,6
201710,"Deprecated, APO 1",Normal,2,16,No asistió,1
201710,"Deprecated, APO 1",Normal,2,17,Atendida,33
201710,"Deprecated, APO 1",Normal,2,17,Cancelada,12
201710,"Deprecated, APO 1",Normal,2,17,Cola,9
201710,"Deprecated, APO 1",Normal,2,17,No asistió,1
201710,"Deprecated, APO 1",Normal,3,10,Atendida,40
201710,"Deprecated, APO 1",Normal,3,10,Cancelada,15
201710,"Deprecated, APO 1",Normal,3,10,Cola,14
201710,"Deprecated, APO 1",Normal,3,11,Atendida,59
201710,"Deprecated, APO 1",Normal,3,11,Cancelada,19
201710,"Deprecated, APO 1",Normal,3,11,Cola,12
201710,"Deprecated, APO 1",Normal,3,11,No asistió,2
201710,"Deprecated, APO 1",Normal,3,12,No asistió,2
201710,"Deprecated, APO 1",Normal,3,13,Atendida,37
201710,"Deprecated, APO 1",Normal,3,13,Cancelada,13
201710,"Deprecated, APO 1",Normal,3,13,Cola,13
201710,"Deprecated, APO 1",Normal,3,13,No asistió,4
201710,"Deprecated, APO 1",Normal,3,14,Atendida,51
201710,"Deprecated, APO 1",Normal,3,14,Cancelada,14
201710,"Deprecated, APO 1",Normal,3,14,Cola,8
201710,"Deprecated, APO 1",Normal,3,14,No asistió,3
201710,"Deprecated, APO 1",Normal,3,16,Atendida,52
201710,"Deprecated, APO 1",Normal,3,16,Cancelada,9
201710,"Deprecated, APO 1",Normal,3,16,Cola,3
201710,"Deprecated, APO 1",Normal,3,16,No asistió,3
201710,"Deprecated, APO 1",Normal,3,17,Atendida,30
201710,"Deprecated, APO 1",Normal,3,17,Cancelada,7
201710,"Deprecated, APO 1",Normal,3,17,Cola,12
201710,"Deprecated, APO 1",Normal,4,9,Atendida,2
201710,"Deprecated, APO 1",Normal,4,9,Cancelada,1
201710,"Deprecated, APO 1",Normal,4,10,Atendida,42
201710,"Deprecated, APO 1",Normal,4,10,Cancelada,13
201710,"Deprecated, APO 1",Normal,4,10,Cola,14
201710,"Deprecated, APO 1",Normal,4,10,No asistió,4
201710,"Deprecated, APO 1",Normal,4,11,Atendida,60
201710,"Deprecated, APO 1",Normal,4,11,Cancelada,13
201710,"Deprecated, APO 1",Normal,4,11,Cola,8
201710,"Deprecated, APO 1",Normal,4,11,No asistió,4
201710,"Deprecated, APO 1",Normal,4,12,Atendida,7
201710,"Deprecated, APO 1",Normal,4,12,Cancelada,1
201710,"Deprecated, APO 1",Normal,4,13,Atendida,48
201710,"Deprecated, APO 1",Normal,4,13,Cancelada,14
201710,"Deprecated, APO 1",Normal,4,13,Cola,14
201710,"Deprecated, APO 1",Normal,4,13,No asistió,2
201710,"Deprecated, APO 1",Normal,4,14,Atendida,47
201710,"Deprecated, APO 1",Normal,4,14,Cancelada,16
201710,"Deprecated, APO 1",Normal,4,14,Cola,10
201710,"Deprecated, APO 1",Normal,4,14,No asistió,2
201710,"Deprecated, APO 1",Normal,4,15,Atendida,5
201710,"Deprecated, APO 1",Normal,4,15,Cancelada,1
201710,"Deprecated, APO 1",Normal,4,16,Atendida,48
201710,"Deprecated, APO 1",Normal,4,16,Cancelada,13
201710,"Deprecated, APO 1",Normal,4,16,Cola,16
201710,"Deprecated, APO 1",Normal,4,16,No asistió,3
201710,"Deprecated, APO 1",Normal,4,17,Atendida,34
201710,"Deprecated, APO 1",Normal,4,17,Cancelada,11
201710,"Deprecated, APO 1",Normal,4,17,Cola,10
201710,"Deprecated, APO 1",Normal,4,17,No asistió,1
201710,"Deprecated, APO 1",Normal,5,9,Atendida,1
201710,"Deprecated, APO 1",Normal,5,9,Cancelada,2
201710,"Deprecated, APO 1",Normal,5,10,Atendida,37
201710,"Deprecated, APO 1",Normal,5,10,Cancelada,12
201710,"Deprecated, APO 1",Normal,5,10,Cola,18
201710,"Deprecated, APO 1",Normal,5,10,No asistió,6
201710,"Deprecated, APO 1",Normal,5,11,Atendida,55
201710,"Deprecated, APO 1",Normal,5,11,Cancelada,16
201710,"Deprecated, APO 1",Normal,5,11,Cola,28
201710,"Deprecated, APO 1",Normal,5,11,No asistió,3
201710,"Deprecated, APO 1",Normal,5,12,Atendida,3
201710,"Deprecated, APO 1",Normal,5,12,No asistió,1
201710,"Deprecated, APO 1",Normal,5,13,Atendida,30
201710,"Deprecated, APO 1",Normal,5,13,Cancelada,9
201710,"Deprecated, APO 1",Normal,5,13,Cola,23
201710,"Deprecated, APO 1",Normal,5,13,No asistió,1
201710,"Deprecated, APO 1",Normal,5,14,Atendida,28
201710,"Deprecated, APO 1",Normal,5,14,Cancelada,9
201710,"Deprecated, APO 1",Normal,5,14,Cola,27
201710,"Deprecated, APO 1",Normal,5,15,Atendida,5
201710,"Deprecated, APO 1",Normal,5,15,Cancelada,1
201710,"Deprecated, APO 1",Normal,5,15,Cola,2
201710,"Deprecated, APO 1",Normal,5,16,Atendida,26
201710,"Deprecated, APO 1",Normal,5,16,Cancelada,12
201710,"Deprecated, APO 1",Normal,5,16,Cola,17
201710,"Deprecated, APO 1",Normal,5,16,No asistió,3
201710,"Deprecated, APO 1",Normal,5,17,Atendida,4
201710,"Deprecated, APO 1",Normal,5,17,Cola,6
201710,"Deprecated, APO 2","Deprecated, Nivelación IP",1,10,Atendida,4
201710,"Deprecated, APO 2","Deprecated, Nivelación IP",1,10,Cancelada,1
201710,"Deprecated, APO 2","Deprecated, Nivelación IP",1,10,Cola,1
201710,"Deprecated, APO 2","Deprecated, Nivelación IP",1,10,No asistió,1
201710,"Deprecated, APO 2","Deprecated, Nivelación IP",1,11,Atendida,5
201710,"Deprecated, APO 2","Deprecated, Nivelación IP",1,11,Cancelada,1
201710,"Deprecated, APO 2","Deprecated, Nivelación IP",1,11,Cola,3
201710,"Deprecated, APO 2","Deprecated, Nivelación IP",1,14,Atendida,5
201710,"Deprecated, APO 2","Deprecated, Nivelación IP",2,10,Atendida,2
201710,"Deprecated, APO 2","Deprecated, Nivelación IP",2,10,Cancelada,2
201710,"Deprecated, APO 2","Deprecated, Nivelación IP",2,16,Atendida,1
201710,"Deprecated, APO 2","Deprecated, Nivelación IP",2,16,Cancelada,1
201710,"Deprecated, APO 2","Deprecated, Nivelación IP",2,17,Atendida,1
201710,"Deprecated, APO 2","Deprecated, Nivelación IP",2,17,Cancelada,1
201710,"Deprecated, APO 2","Deprecated, Nivelación IP",3,11,Atendida,4
201710,"Deprecated, APO 2","Deprecated, Nivelación IP",3,11,Cola,3
201710,"Deprecated, APO 2","Deprecated, Nivelación IP",3,11,No asistió,1
201710,"Deprecated, APO 2","Deprecated, Nivelación IP",3,14,Atendida,3
201710,"Deprecated, APO 2","Deprecated, Nivelación IP",3,14,Cancelada,4
201710,"Deprecated, APO 2","Deprecated, Nivelación IP",3,15,Atendida,1
201710,"Deprecated, APO 2","Deprecated, Nivelación IP",4,9,Atendida,4
201710,"Deprecated, APO 2","Deprecated, Nivelación IP",4,9,No asistió,1
201710,"Deprecated, APO 2","Deprecated, Nivelación IP",4,10,Atendida,4
201710,"Deprecated, APO 2","Deprecated, Nivelación IP",4,10,Cancelada,2
201710,"Deprecated, APO 2","Deprecated, Nivelación IP",4,10,Cola,2
201710,"Deprecated, APO 2","Deprecated, Nivelación IP",4,14,Atendida,5
201710,"Deprecated, APO 2","Deprecated, Nivelación IP",4,14,Cancelada,1
201710,"Deprecated, APO 2","Deprecated, Nivelación IP",4,14,Cola,2
201710,"Deprecated, APO 2","Deprecated, Nivelación IP",5,10,Cancelada,6
201710,"Deprecated, APO 2","Deprecated, Nivelación IP",5,10,Cola,2
201710,"Deprecated, APO 2","Deprecated, Nivelación IP",5,10,No asistió,3
201710,"Deprecated, APO 2","Deprecated, Nivelación IP",5,12,Atendida,4
201710,"Deprecated, APO 2","Deprecated, Nivelación IP",5,12,Cancelada,1
201710,"Deprecated, APO 2","Deprecated, Nivelación IP",5,13,Atendida,2
201710,"Deprecated, APO 2","Deprecated, Nivelación IP",5,13,Cancelada,2
201710,"Deprecated, APO 2","Deprecated, Nivelación IP",5,13,No asistió,2
201710,"Deprecated, APO 2",Express,1,9,Atendida,5
201710,"Deprecated, APO 2",Express,1,9,Cola,4
201710,"Deprecated, APO 2",Express,1,10,Atendida,1
201710,"Deprecated, APO 2",Express,1,10,Cola,2
201710,"Deprecated, APO 2",Express,1,12,Atendida,5
201710,"Deprecated, APO 2",Express,1,12,Cancelada,1
201710,"Deprecated, APO 2",Express,1,12,Cola,1
201710,"Deprecated, APO 2",Express,1,13,Atendida,1
201710,"Deprecated, APO 2",Express,1,13,Cola,2
201710,"Deprecated, APO 2",Express,1,15,Atendida,12
201710,"Deprecated, APO 2",Express,1,15,Cancelada,2
201710,"Deprecated, APO 2",Express,1,15,No asistió,2
201710,"Deprecated, APO 2",Express,1,16,Atendida,3
201710,"Deprecated, APO 2",Express,1,16,Cancelada,2
201710,"Deprecated, APO 2",Express,1,16,Cola,3
201710,"Deprecated, APO 2",Express,1,17,Atendida,7
201710,"Deprecated, APO 2",Express,1,17,Cancelada,3
201710,"Deprecated, APO 2",Express,1,17,Cola,1
201710,"Deprecated, APO 2",Express,1,17,No asistió,1
201710,"Deprecated, APO 2",Express,1,18,Atendida,2
201710,"Deprecated, APO 2",Express,1,18,Cola,3
201710,"Deprecated, APO 2",Express,2,9,Atendida,6
201710,"Deprecated, APO 2",Express,2,9,Cola,3
201710,"Deprecated, APO 2",Express,2,10,Atendida,1
201710,"Deprecated, APO 2",Express,2,10,Cola,3
201710,"Deprecated, APO 2",Express,2,14,Atendida,1
201710,"Deprecated, APO 2",Express,2,15,Atendida,3
201710,"Deprecated, APO 2",Express,2,15,Cancelada,4
201710,"Deprecated, APO 2",Express,2,15,Cola,4
201710,"Deprecated, APO 2",Express,2,15,No asistió,3
201710,"Deprecated, APO 2",Express,2,16,Atendida,2
201710,"Deprecated, APO 2",Express,2,17,Atendida,5
201710,"Deprecated, APO 2",Express,2,17,Cancelada,5
201710,"Deprecated, APO 2",Express,2,17,Cola,3
201710,"Deprecated, APO 2",Express,2,18,Atendida,2
201710,"Deprecated, APO 2",Express,2,18,Cancelada,1
201710,"Deprecated, APO 2",Express,2,18,Cola,2
201710,"Deprecated, APO 2",Express,3,9,Atendida,5
201710,"Deprecated, APO 2",Express,3,9,Cancelada,3
201710,"Deprecated, APO 2",Express,3,9,Cola,7
201710,"Deprecated, APO 2",Express,3,9,No asistió,1
201710,"Deprecated, APO 2",Express,3,10,Atendida,1
201710,"Deprecated, APO 2",Express,3,10,Cancelada,1
201710,"Deprecated, APO 2",Express,3,10,Cola,1
201710,"Deprecated, APO 2",Express,3,11,Atendida,1
201710,"Deprecated, APO 2",Express,4,9,Atendida,2
201710,"Deprecated, APO 2",Express,4,9,No asistió,2
201710,"Deprecated, APO 2",Express,4,10,Atendida,2
201710,"Deprecated, APO 2",Express,4,10,Cancelada,1
201710,"Deprecated, APO 2",Express,4,17,Atendida,1
201710,"Deprecated, APO 2",Express,5,9,Atendida,3
201710,"Deprecated, APO 2",Express,5,9,Cancelada,1
201710,"Deprecated, APO 2",Express,5,10,Atendida,2
201710,"Deprecated, APO 2",Express,5,10,Cancelada,1
201710,"Deprecated, APO 2",Express,5,10,Cola,1
201710,"Deprecated, APO 2",Express,5,11,Atendida,2
201710,"Deprecated, APO 2",Express,5,12,Atendida,4
201710,"Deprecated, APO 2",Express,5,12,Cancelada,2
201710,"Deprecated, APO 2",Express,5,13,Cancelada,2
201710,"Deprecated, APO 2",Express,5,14,Atendida,2
201710,"Deprecated, APO 2",Express,5,14,Cancelada,2
201710,"Deprecated, APO 2",Express,5,14,No asistió,1
201710,"Deprecated, APO 2",Express,5,15,Atendida,4
201710,"Deprecated, APO 2",Express,5,15,Cancelada,1
201710,"Deprecated, APO 2",Express,5,16,Cancelada,2
201710,"Deprecated, APO 2",Normal,1,9,Atendida,1
201710,"Deprecated, APO 2",Normal,1,9,Cola,1
201710,"Deprecated, APO 2",Normal,1,10,Atendida,4
201710,"Deprecated, APO 2",Normal,1,10,Cola,9
201710,"Deprecated, APO 2",Normal,1,10,No asistió,2
201710,"Deprecated, APO 2",Normal,1,11,Cancelada,1
201710,"Deprecated, APO 2",Normal,1,12,Atendida,1
201710,"Deprecated, APO 2",Normal,1,12,Cola,1
201710,"Deprecated, APO 2",Normal,1,13,Atendida,7
201710,"Deprecated, APO 2",Normal,1,13,Cola,7
201710,"Deprecated, APO 2",Normal,1,15,Atendida,2
201710,"Deprecated, APO 2",Normal,1,15,No asistió,1
201710,"Deprecated, APO 2",Normal,1,16,Atendida,14
201710,"Deprecated, APO 2",Normal,1,16,Cancelada,1
201710,"Deprecated, APO 2",Normal,1,16,Cola,9
201710,"Deprecated, APO 2",Normal,1,17,Atendida,9
201710,"Deprecated, APO 2",Normal,1,17,Cancelada,2
201710,"Deprecated, APO 2",Normal,1,17,Cola,2
201710,"Deprecated, APO 2",Normal,2,9,Atendida,1
201710,"Deprecated, APO 2",Normal,2,10,Atendida,7
201710,"Deprecated, APO 2",Normal,2,10,Cancelada,2
201710,"Deprecated, APO 2",Normal,2,10,Cola,3
201710,"Deprecated, APO 2",Normal,2,11,No asistió,1
201710,"Deprecated, APO 2",Normal,2,13,Cancelada,1
201710,"Deprecated, APO 2",Normal,2,14,Atendida,1
201710,"Deprecated, APO 2",Normal,2,15,No asistió,1
201710,"Deprecated, APO 2",Normal,2,16,Atendida,9
201710,"Deprecated, APO 2",Normal,2,16,Cola,4
201710,"Deprecated, APO 2",Normal,2,17,Atendida,11
201710,"Deprecated, APO 2",Normal,2,17,Cancelada,3
201710,"Deprecated, APO 2",Normal,2,17,Cola,3
201710,"Deprecated, APO 2",Normal,3,9,Atendida,2
201710,"Deprecated, APO 2",Normal,3,9,Cola,1
201710,"Deprecated, APO 2",Normal,3,10,Atendida,11
201710,"Deprecated, APO 2",Normal,3,10,Cancelada,5
201710,"Deprecated, APO 2",Normal,3,10,Cola,3
201710,"Deprecated, APO 2",Normal,3,10,No asistió,3
201710,"Deprecated, APO 2",Normal,3,11,Atendida,1
201710,"Deprecated, APO 2",Normal,3,13,Atendida,1
201710,"Deprecated, APO 2",Normal,4,9,Cola,2
201710,"Deprecated, APO 2",Normal,4,9,No asistió,1
201710,"Deprecated, APO 2",Normal,4,10,Atendida,2
201710,"Deprecated, APO 2",Normal,4,10,Cancelada,2
201710,"Deprecated, APO 2",Normal,4,10,Cola,3
201710,"Deprecated, APO 2",Normal,4,10,No asistió,2
201710,"Deprecated, APO 2",Normal,4,17,Cancelada,2
201710,"Deprecated, APO 2",Normal,4,17,Cola,1
201710,"Deprecated, APO 2",Normal,5,9,Atendida,1
201710,"Deprecated, APO 2",Normal,5,10,Atendida,5
201710,"Deprecated, APO 2",Normal,5,10,Cancelada,1
201710,"Deprecated, APO 2",Normal,5,10,Cola,2
201710,"Deprecated, APO 2",Normal,5,10,No asistió,1
201710,"Deprecated, APO 2",Normal,5,11,Atendida,2
201710,"Deprecated, APO 2",Normal,5,13,Atendida,6
201710,"Deprecated, APO 2",Normal,5,13,Cancelada,2
201710,"Deprecated, APO 2",Normal,5,13,Cola,1
201710,"Deprecated, APO 2",Normal,5,14,Atendida,11
201710,"Deprecated, APO 2",Normal,5,14,Cancelada,2
201710,"Deprecated, APO 2",Normal,5,14,No asistió,1
201710,"Deprecated, APO 2",Normal,5,15,Atendida,1
201710,"Deprecated, APO 2",Normal,5,16,Atendida,5
201710,"Deprecated, APO 2",Normal,5,16,Cancelada,4
201710,"Deprecated, APO 2",Normal,5,16,No asistió,1
201710,"Deprecated, Apoyo",Express,1,11,Atendida,1
201710,"Deprecated, Apoyo",Express,1,13,Atendida,1
201710,"Deprecated, Apoyo",Express,1,14,Atendida,2
201710,"Deprecated, Apoyo",Express,1,15,Atendida,1
201710,"Deprecated, Apoyo",Express,1,15,Cancelada,1
201710,"Deprecated, Apoyo",Express,1,15,Cola,1
201710,"Deprecated, Apoyo",Express,2,11,Atendida,1
201710,"Deprecated, Apoyo",Express,2,12,Atendida,2
201710,"Deprecated, Apoyo",Express,2,12,Cancelada,1
201710,"Deprecated, Apoyo",Express,3,11,Atendida,1
201710,"Deprecated, Apoyo",Express,3,11,Cancelada,1
201710,"Deprecated, Apoyo",Express,3,12,Atendida,2
201710,"Deprecated, Apoyo",Express,3,12,Cancelada,1
201710,"Deprecated, Apoyo",Express,3,12,Cola,1
201710,"Deprecated, Apoyo",Express,3,13,Atendida,1
201710,"Deprecated, Apoyo",Express,3,15,Atendida,1
201710,"Deprecated, Apoyo",Express,4,11,Cancelada,1
201710,"Deprecated, Apoyo",Express,4,15,Atendida,1
201710,"Deprecated, Apoyo",Express,4,17,Atendida,1
201710,"Deprecated, Apoyo",Express,5,14,Cola,1
201710,"Deprecated, Apoyo",Express,5,15,Atendida,1
201710,"Deprecated, Apoyo",Normal,1,12,Atendida,1
201710,"Deprecated, Apoyo",Normal,1,14,Atendida,1
201710,"Deprecated, Apoyo",Normal,1,14,Cola,1
201710,"Deprecated, Apoyo",Normal,1,15,Atendida,1
201710,"Deprecated, Apoyo",Normal,1,17,Cancelada,1
201710,"Deprecated, Apoyo",Normal,1,17,Cola,1
201710,"Deprecated, Apoyo",Normal,2,10,Atendida,1
201710,"Deprecated, Apoyo",Normal,2,10,Cancelada,1
201710,"Deprecated, Apoyo",Normal,2,10,No asistió,1
201710,"Deprecated, Apoyo",Normal,2,11,Atendida,4
201710,"Deprecated, Apoyo",Normal,2,11,Cancelada,1
201710,"Deprecated, Apoyo",Normal,2,11,Cola,1
201710,"Deprecated, Apoyo",Normal,2,12,Cancelada,1
201710,"Deprecated, Apoyo",Normal,2,13,Atendida,1
201710,"Deprecated, Apoyo",Normal,2,17,Atendida,1
201710,"Deprecated, Apoyo",Normal,3,10,Atendida,1
201710,"Deprecated, Apoyo",Normal,3,10,Cola,1
201710,"Deprecated, Apoyo",Normal,3,11,Atendida,2
201710,"Deprecated, Apoyo",Normal,3,11,Cancelada,1
201710,"Deprecated, Apoyo",Normal,3,11,Cola,1
201710,"Deprecated, Apoyo",Normal,3,12,Atendida,1
201710,"Deprecated, Apoyo",Normal,3,13,Cancelada,1
201710,"Deprecated, Apoyo",Normal,3,13,No asistió,1
201710,"Deprecated, Apoyo",Normal,3,16,Atendida,1
201710,"Deprecated, Apoyo",Normal,4,11,Atendida,1
201710,"Deprecated, Apoyo",Normal,4,11,Cola,1
201710,"Deprecated, Apoyo",Normal,4,13,Atendida,2
201710,"Deprecated, Apoyo",Normal,4,13,Cola,1
201710,"Deprecated, Apoyo",Normal,5,9,Atendida,1
201710,"Deprecated, Apoyo",Normal,5,10,Cancelada,1
201710,"Deprecated, Apoyo",Normal,5,10,No asistió,1
201710,"Deprecated, Apoyo",Normal,5,11,Atendida,3
201710,"Deprecated, Apoyo",Normal,5,13,Cancelada,1
201710,"Deprecated, Apoyo",Normal,5,16,Cancelada,1
201710,"Deprecated, IP Nivelación","Deprecated, Nivelación IP",3,11,Cancelada,2
201710,"Deprecated, IP Nivelación","Deprecated, Nivelación IP",4,10,Cola,1
201710,"Deprecated, IP Nivelación",Express,1,9,Cancelada,1
201710,"Deprecated, IP Nivelación",Express,1,15,Cola,1
201710,"Deprecated, IP Nivelación",Express,1,17,Atendida,1
201710,"Deprecated, IP Nivelación",Express,2,15,No asistió,1
201710,"Deprecated, IP Nivelación",Express,2,16,Cola,1
201710,"Deprecated, IP Nivelación",Express,3,10,Cola,2
201710,"Deprecated, IP Nivelación",Express,5,12,Atendida,2
201710,"Deprecated, IP Nivelación",Express,5,15,Cancelada,1
201710,"Deprecated, IP Nivelación",Normal,1,17,No asistió,1
201710,"Deprecated, IP Nivelación",Normal,2,15,Atendida,1
201710,"Deprecated, IP Nivelación",Normal,3,10,Atendida,2
201710,"Deprecated, IP Nivelación",Normal,3,10,Cancelada,1
201719,"Deprecated, APO 1",Express,2,11,Atendida,4
201719,"Deprecated, APO 1",Express,2,11,Cancelada,2
201719,"Deprecated, APO 1",Express,3,11,Atendida,5
201719,"Deprecated, APO 1",Express,3,11,No asistió,1
201719,"Deprecated, APO 1",Express,3,15,Atendida,1
201719,"Deprecated, APO 1",Express,3,15,Cancelada,2
201719,"Deprecated, APO 1",Normal,2,10,Atendida,2
201719,"Deprecated, APO 1",Normal,2,10,Cancelada,1
201719,"Deprecated, APO 1",Normal,2,10,No asistió,1
201719,"Deprecated, APO 1",Normal,2,12,Atendida,5
201719,"Deprecated, APO 1",Normal,2,12,Cancelada,1
201719,"Deprecated, APO 1",Normal,3,10,Atendida,3
201719,"Deprecated, APO 1",Normal,3,10,Cancelada,3
201719,"Deprecated, APO 1",Normal,3,12,Atendida,2
201719,"Deprecated, APO 1",Normal,3,12,Cancelada,2
201719,"Deprecated, APO 1",Normal,3,12,No asistió,1
201719,"Deprecated, APO 1",Normal,3,16,Atendida,3
201719,"Deprecated, APO 1",Normal,3,16,Cancelada,2
201719,"Deprecated, APO 1",Normal,3,16,Cola,1
201719,"Deprecated, APO 1",Normal,4,10,Atendida,8
201719,"Deprecated, APO 1",Normal,4,10,No asistió,1
201719,"Deprecated, APO 1",Normal,4,11,Atendida,3
201719,"Deprecated, APO 1",Normal,4,11,Cancelada,1
201719,"Deprecated, APO 1",Normal,4,11,No asistió,1
201719,"Deprecated, APO 1",Normal,5,15,Cancelada,1
201719,"Deprecated, APO 2",Express,3,11,Cola,1
201719,"Deprecated, APO 2",Express,3,11,No asistió,1
201719,"Deprecated, APO 2",Express,3,15,Cancelada,2
201719,"Deprecated, APO 2",Normal,3,12,Atendida,2
201719,"Deprecated, APO 2",Normal,3,14,Atendida,3
201719,"Deprecated, APO 2",Normal,3,14,Cancelada,2
201719,"Deprecated, APO 2",Normal,3,16,Atendida,1
201719,"Deprecated, APO 2",Normal,3,16,Cancelada,2
201719,"Deprecated, APO 2",Normal,5,14,Atendida,4
201719,"Deprecated, APO 2",Normal,5,14,Cola,2
201719,"Deprecated, APO 2",Normal,5,15,Atendida,2
201719,"Deprecated, APO 2",Normal,5,15,Cancelada,1
201720,"Deprecated, APO 1","Deprecated, Grupal",1,11,Atendida,8
201720,"Deprecated, APO 1","Deprecated, Grupal",1,11,Cola,5
201720,"Deprecated, APO 1","Deprecated, Grupal",1,11,No asistió,1
201720,"Deprecated, APO 1","Deprecated, Grupal",2,14,Atendida,17
201720,"Deprecated, APO 1","Deprecated, Grupal",2,14,Cancelada,3
201720,"Deprecated, APO 1","Deprecated, Grupal",2,14,Cola,3
201720,"Deprecated, APO 1","Deprecated, Grupal",2,14,No asistió,2
201720,"Deprecated, APO 1","Deprecated, Grupal",4,10,Atendida,7
201720,"Deprecated, APO 1","Deprecated, Grupal",4,10,Cancelada,4
201720,"Deprecated, APO 1","Deprecated, Grupal",4,10,Cola,1
201720,"Deprecated, APO 1","Deprecated, Grupal",4,10,No asistió,2
201720,"Deprecated, APO 1","Deprecated, Grupal",5,10,Atendida,13
201720,"Deprecated, APO 1","Deprecated, Grupal",5,10,Cancelada,5
201720,"Deprecated, APO 1","Deprecated, Grupal",5,10,Cola,6
201720,"Deprecated, APO 1","Deprecated, Grupal",5,10,No asistió,3
201720,"Deprecated, APO 1","Deprecated, Grupal",5,13,Atendida,3
201720,"Deprecated, APO 1","Deprecated, Grupal",5,13,Cancelada,2
201720,"Deprecated, APO 1","Deprecated, Grupal",5,13,Cola,3
201720,"Deprecated, APO 1","Deprecated, Grupal",5,13,No asistió,4
201720,"Deprecated, APO 1","Deprecated, Torre Séneca",3,18,Atendida,9
201720,"Deprecated, APO 1","Deprecated, Torre Séneca",3,18,No asistió,17
201720,"Deprecated, APO 1",Express,1,11,Atendida,27
201720,"Deprecated, APO 1",Express,1,11,Cancelada,7
201720,"Deprecated, APO 1",Express,1,11,Cola,10
201720,"Deprecated, APO 1",Express,1,11,No asistió,2
201720,"Deprecated, APO 1",Express,1,12,Atendida,25
201720,"Deprecated, APO 1",Express,1,12,Cancelada,3
201720,"Deprecated, APO 1",Express,1,12,Cola,4
201720,"Deprecated, APO 1",Express,1,12,No asistió,2
201720,"Deprecated, APO 1",Express,1,14,Atendida,22
201720,"Deprecated, APO 1",Express,1,14,Cancelada,7
201720,"Deprecated, APO 1",Express,1,14,Cola,11
201720,"Deprecated, APO 1",Express,1,14,No asistió,2
201720,"Deprecated, APO 1",Express,1,15,Atendida,18
201720,"Deprecated, APO 1",Express,1,15,Cancelada,10
201720,"Deprecated, APO 1",Express,1,15,Cola,7
201720,"Deprecated, APO 1",Express,1,15,No asistió,5
201720,"Deprecated, APO 1",Express,2,11,Atendida,45
201720,"Deprecated, APO 1",Express,2,11,Cancelada,16
201720,"Deprecated, APO 1",Express,2,11,Cola,10
201720,"Deprecated, APO 1",Express,2,11,No asistió,6
201720,"Deprecated, APO 1",Express,2,12,Atendida,19
201720,"Deprecated, APO 1",Express,2,12,Cancelada,11
201720,"Deprecated, APO 1",Express,2,12,Cola,5
201720,"Deprecated, APO 1",Express,2,14,Atendida,24
201720,"Deprecated, APO 1",Express,2,14,Cancelada,10
201720,"Deprecated, APO 1",Express,2,14,Cola,8
201720,"Deprecated, APO 1",Express,2,14,No asistió,7
201720,"Deprecated, APO 1",Express,2,15,Atendida,19
201720,"Deprecated, APO 1",Express,2,15,Cancelada,5
201720,"Deprecated, APO 1",Express,2,15,Cola,8
201720,"Deprecated, APO 1",Express,2,15,No asistió,2
201720,"Deprecated, APO 1",Express,3,11,Atendida,40
201720,"Deprecated, APO 1",Express,3,11,Cancelada,17
201720,"Deprecated, APO 1",Express,3,11,Cola,9
201720,"Deprecated, APO 1",Express,3,11,No asistió,6
201720,"Deprecated, APO 1",Express,3,12,Atendida,28
201720,"Deprecated, APO 1",Express,3,12,Cancelada,13
201720,"Deprecated, APO 1",Express,3,12,Cola,4
201720,"Deprecated, APO 1",Express,3,12,No asistió,1
201720,"Deprecated, APO 1",Express,3,14,Atendida,6
201720,"Deprecated, APO 1",Express,3,14,Cancelada,6
201720,"Deprecated, APO 1",Express,3,14,Cola,7
201720,"Deprecated, APO 1",Express,3,15,Atendida,19
201720,"Deprecated, APO 1",Express,3,15,Cancelada,8
201720,"Deprecated, APO 1",Express,3,15,Cola,8
201720,"Deprecated, APO 1",Express,3,15,No asistió,2
201720,"Deprecated, APO 1",Express,4,11,Atendida,27
201720,"Deprecated, APO 1",Express,4,11,Cancelada,10
201720,"Deprecated, APO 1",Express,4,11,Cola,7
201720,"Deprecated, APO 1",Express,4,11,No asistió,5
201720,"Deprecated, APO 1",Express,4,12,Atendida,10
201720,"Deprecated, APO 1",Express,4,12,Cancelada,8
201720,"Deprecated, APO 1",Express,4,12,Cola,7
201720,"Deprecated, APO 1",Express,4,12,No asistió,1
201720,"Deprecated, APO 1",Express,4,14,Atendida,18
201720,"Deprecated, APO 1",Express,4,14,Cancelada,12
201720,"Deprecated, APO 1",Express,4,14,Cola,8
201720,"Deprecated, APO 1",Express,4,14,No asistió,2
201720,"Deprecated, APO 1",Express,4,15,Atendida,24
201720,"Deprecated, APO 1",Express,4,15,Cancelada,19
201720,"Deprecated, APO 1",Express,4,15,Cola,9
201720,"Deprecated, APO 1",Express,4,15,No asistió,3
201720,"Deprecated, APO 1",Express,5,11,Atendida,36
201720,"Deprecated, APO 1",Express,5,11,Cancelada,12
201720,"Deprecated, APO 1",Express,5,11,Cola,14
201720,"Deprecated, APO 1",Express,5,11,No asistió,9
201720,"Deprecated, APO 1",Express,5,12,Atendida,15
201720,"Deprecated, APO 1",Express,5,12,Cancelada,15
201720,"Deprecated, APO 1",Express,5,12,Cola,9
201720,"Deprecated, APO 1",Express,5,12,No asistió,1
201720,"Deprecated, APO 1",Express,5,14,Atendida,11
201720,"Deprecated, APO 1",Express,5,14,Cancelada,9
201720,"Deprecated, APO 1",Express,5,14,Cola,9
201720,"Deprecated, APO 1",Express,5,15,Atendida,6
201720,"Deprecated, APO 1",Express,5,15,Cancelada,10
201720,"Deprecated, APO 1",Express,5,15,Cola,10
201720,"Deprecated, APO 1",Normal,1,9,Atendida,31
201720,"Deprecated, APO 1",Normal,1,9,Cancelada,12
201720,"Deprecated, APO 1",Normal,1,9,Cola,5
201720,"Deprecated, APO 1",Normal,1,9,No asistió,1
201720,"Deprecated, APO 1",Normal,1,10,Atendida,41
201720,"Deprecated, APO 1",Normal,1,10,Cancelada,4
201720,"Deprecated, APO 1",Normal,1,10,Cola,6
201720,"Deprecated, APO 1",Normal,1,10,No asistió,4
201720,"Deprecated, APO 1",Normal,1,11,Atendida,27
201720,"Deprecated, APO 1",Normal,1,11,Cancelada,8
201720,"Deprecated, APO 1",Normal,1,11,Cola,9
201720,"Deprecated, APO 1",Normal,1,11,No asistió,2
201720,"Deprecated, APO 1",Normal,1,13,Atendida,28
201720,"Deprecated, APO 1",Normal,1,13,Cancelada,17
201720,"Deprecated, APO 1",Normal,1,13,Cola,10
201720,"Deprecated, APO 1",Normal,1,13,No asistió,6
201720,"Deprecated, APO 1",Normal,1,14,Atendida,26
201720,"Deprecated, APO 1",Normal,1,14,Cancelada,16
201720,"Deprecated, APO 1",Normal,1,14,Cola,8
201720,"Deprecated, APO 1",Normal,1,14,No asistió,1
201720,"Deprecated, APO 1",Normal,1,16,Atendida,29
201720,"Deprecated, APO 1",Normal,1,16,Cancelada,10
201720,"Deprecated, APO 1",Normal,1,16,Cola,9
201720,"Deprecated, APO 1",Normal,1,16,No asistió,1
201720,"Deprecated, APO 1",Normal,1,17,Atendida,9
201720,"Deprecated, APO 1",Normal,1,17,Cancelada,4
201720,"Deprecated, APO 1",Normal,1,17,Cola,4
201720,"Deprecated, APO 1",Normal,1,17,No asistió,2
201720,"Deprecated, APO 1",Normal,2,9,Atendida,11
201720,"Deprecated, APO 1",Normal,2,9,Cancelada,6
201720,"Deprecated, APO 1",Normal,2,9,Cola,12
201720,"Deprecated, APO 1",Normal,2,10,Atendida,47
201720,"Deprecated, APO 1",Normal,2,10,Cancelada,16
201720,"Deprecated, APO 1",Normal,2,10,Cola,22
201720,"Deprecated, APO 1",Normal,2,10,No asistió,2
201720,"Deprecated, APO 1",Normal,2,11,Atendida,52
201720,"Deprecated, APO 1",Normal,2,11,Cancelada,24
201720,"Deprecated, APO 1",Normal,2,11,Cola,16
201720,"Deprecated, APO 1",Normal,2,11,No asistió,7
201720,"Deprecated, APO 1",Normal,2,13,Atendida,13
201720,"Deprecated, APO 1",Normal,2,13,Cancelada,12
201720,"Deprecated, APO 1",Normal,2,13,Cola,7
201720,"Deprecated, APO 1",Normal,2,13,No asistió,2
201720,"Deprecated, APO 1",Normal,2,14,Atendida,35
201720,"Deprecated, APO 1",Normal,2,14,Cancelada,17
201720,"Deprecated, APO 1",Normal,2,14,Cola,13
201720,"Deprecated, APO 1",Normal,2,14,No asistió,3
201720,"Deprecated, APO 1",Normal,2,16,Atendida,30
201720,"Deprecated, APO 1",Normal,2,16,Cancelada,13
201720,"Deprecated, APO 1",Normal,2,16,Cola,14
201720,"Deprecated, APO 1",Normal,2,16,No asistió,5
201720,"Deprecated, APO 1",Normal,2,17,Atendida,33
201720,"Deprecated, APO 1",Normal,2,17,Cancelada,8
201720,"Deprecated, APO 1",Normal,2,17,Cola,8
201720,"Deprecated, APO 1",Normal,2,17,No asistió,3
201720,"Deprecated, APO 1",Normal,3,9,Atendida,24
201720,"Deprecated, APO 1",Normal,3,9,Cancelada,14
201720,"Deprecated, APO 1",Normal,3,9,Cola,10
201720,"Deprecated, APO 1",Normal,3,9,No asistió,6
201720,"Deprecated, APO 1",Normal,3,10,Atendida,23
201720,"Deprecated, APO 1",Normal,3,10,Cancelada,13
201720,"Deprecated, APO 1",Normal,3,10,Cola,13
201720,"Deprecated, APO 1",Normal,3,10,No asistió,3
201720,"Deprecated, APO 1",Normal,3,11,Atendida,47
201720,"Deprecated, APO 1",Normal,3,11,Cancelada,26
201720,"Deprecated, APO 1",Normal,3,11,Cola,11
201720,"Deprecated, APO 1",Normal,3,11,No asistió,2
201720,"Deprecated, APO 1",Normal,3,13,Atendida,23
201720,"Deprecated, APO 1",Normal,3,13,Cancelada,18
201720,"Deprecated, APO 1",Normal,3,13,Cola,11
201720,"Deprecated, APO 1",Normal,3,13,No asistió,1
201720,"Deprecated, APO 1",Normal,3,14,Atendida,20
201720,"Deprecated, APO 1",Normal,3,14,Cancelada,13
201720,"Deprecated, APO 1",Normal,3,14,Cola,15
201720,"Deprecated, APO 1",Normal,3,14,No asistió,1
201720,"Deprecated, APO 1",Normal,3,16,Atendida,29
201720,"Deprecated, APO 1",Normal,3,16,Cancelada,12
201720,"Deprecated, APO 1",Normal,3,16,Cola,12
201720,"Deprecated, APO 1",Normal,3,16,No asistió,2
201720,"Deprecated, APO 1",Normal,3,17,Atendida,17
201720,"Deprecated, APO 1",Normal,3,17,Cancelada,7
201720,"Deprecated, APO 1",Normal,3,17,Cola,7
201720,"Deprecated, APO 1",Normal,3,17,No asistió,4
201720,"Deprecated, APO 1",Normal,4,9,Atendida,18
201720,"Deprecated, APO 1",Normal,4,9,Cancelada,14
201720,"Deprecated, APO 1",Normal,4,9,Cola,9
201720,"Deprecated, APO 1",Normal,4,9,No asistió,6
201720,"Deprecated, APO 1",Normal,4,10,Atendida,47
201720,"Deprecated, APO 1",Normal,4,10,Cancelada,19
201720,"Deprecated, APO 1",Normal,4,10,Cola,13
201720,"Deprecated, APO 1",Normal,4,10,No asistió,4
201720,"Deprecated, APO 1",Normal,4,11,Atendida,38
201720,"Deprecated, APO 1",Normal,4,11,Cancelada,19
201720,"Deprecated, APO 1",Normal,4,11,Cola,9
201720,"Deprecated, APO 1",Normal,4,11,No asistió,7
201720,"Deprecated, APO 1",Normal,4,13,Atendida,10
201720,"Deprecated, APO 1",Normal,4,13,Cancelada,7
201720,"Deprecated, APO 1",Normal,4,13,Cola,10
201720,"Deprecated, APO 1",Normal,4,13,No asistió,3
201720,"Deprecated, APO 1",Normal,4,14,Atendida,34
201720,"Deprecated, APO 1",Normal,4,14,Cancelada,19
201720,"Deprecated, APO 1",Normal,4,14,Cola,7
201720,"Deprecated, APO 1",Normal,4,14,No asistió,4
201720,"Deprecated, APO 1",Normal,4,16,Atendida,32
201720,"Deprecated, APO 1",Normal,4,16,Cancelada,12
201720,"Deprecated, APO 1",Normal,4,16,Cola,13
201720,"Deprecated, APO 1",Normal,4,16,No asistió,1
201720,"Deprecated, APO 1",Normal,4,17,Atendida,17
201720,"Deprecated, APO 1",Normal,4,17,Cancelada,9
201720,"Deprecated, APO 1",Normal,4,17,Cola,4
201720,"Deprecated, APO 1",Normal,4,17,No asistió,2
201720,"Deprecated, APO 1",Normal,5,9,Atendida,31
201720,"Deprecated, APO 1",Normal,5,9,Cancelada,16
201720,"Deprecated, APO 1",Normal,5,9,Cola,13
201720,"Deprecated, APO 1",Normal,5,9,No asistió,6
201720,"Deprecated, APO 1",Normal,5,10,Atendida,36
201720,"Deprecated, APO 1",Normal,5,10,Cancelada,18
201720,"Deprecated, APO 1",Normal,5,10,Cola,18
201720,"Deprecated, APO 1",Normal,5,10,No asistió,5
201720,"Deprecated, APO 1",Normal,5,11,Atendida,38
201720,"Deprecated, APO 1",Normal,5,11,Cancelada,23
201720,"Deprecated, APO 1",Normal,5,11,Cola,17
201720,"Deprecated, APO 1",Normal,5,11,No asistió,6
201720,"Deprecated, APO 1",Normal,5,13,Atendida,12
201720,"Deprecated, APO 1",Normal,5,13,Cancelada,6
201720,"Deprecated, APO 1",Normal,5,13,Cola,14
201720,"Deprecated, APO 1",Normal,5,14,Atendida,35
201720,"Deprecated, APO 1",Normal,5,14,Cancelada,12
201720,"Deprecated, APO 1",Normal,5,14,Cola,10
201720,"Deprecated, APO 1",Normal,5,14,No asistió,2
201720,"Deprecated, APO 1",Normal,5,16,Atendida,7
201720,"Deprecated, APO 1",Normal,5,16,Cancelada,6
201720,"Deprecated, APO 1",Normal,5,16,Cola,12
201720,"Deprecated, APO 1",Normal,5,16,No asistió,1
201720,"Deprecated, APO 1",Normal,5,17,Atendida,14
201720,"Deprecated, APO 1",Normal,5,17,Cancelada,8
201720,"Deprecated, APO 1",Normal,5,17,Cola,8
201720,"Deprecated, APO 1",Normal,5,17,No asistió,2
201720,"Deprecated, APO 2","Deprecated, Nivelación IP",4,10,Atendida,4
201720,"Deprecated, APO 2","Deprecated, Nivelación IP",4,10,No asistió,1
201720,"Deprecated, APO 2","Deprecated, Nivelación IP",4,11,Atendida,4
201720,"Deprecated, APO 2","Deprecated, Nivelación IP",4,15,Atendida,1
201720,"Deprecated, APO 2","Deprecated, Nivelación IP",4,15,Cancelada,1
201720,"Deprecated, APO 2","Deprecated, Nivelación IP",5,10,Atendida,2
201720,"Deprecated, APO 2","Deprecated, Nivelación IP",5,10,Cancelada,1
201720,"Deprecated, APO 2","Deprecated, Nivelación IP",5,11,Atendida,3
201720,"Deprecated, APO 2","Deprecated, Nivelación IP",5,11,Cancelada,1
201720,"Deprecated, APO 2","Deprecated, Nivelación IP",5,11,Cola,1
201720,"Deprecated, APO 2","Deprecated, Nivelación IP",5,11,No asistió,2
201720,"Deprecated, APO 2","Deprecated, Nivelación IP",5,15,Atendida,2
201720,"Deprecated, APO 2",Express,1,11,Atendida,5
201720,"Deprecated, APO 2",Express,1,11,Cola,2
201720,"Deprecated, APO 2",Express,1,12,Atendida,1
201720,"Deprecated, APO 2",Express,1,15,Atendida,3
201720,"Deprecated, APO 2",Express,1,15,Cancelada,2
201720,"Deprecated, APO 2",Express,1,15,Cola,2
201720,"Deprecated, APO 2",Express,2,12,Atendida,2
201720,"Deprecated, APO 2",Express,2,12,Cola,2
201720,"Deprecated, APO 2",Express,2,14,Atendida,6
201720,"Deprecated, APO 2",Express,2,14,Cancelada,1
201720,"Deprecated, APO 2",Express,2,14,Cola,7
201720,"Deprecated, APO 2",Express,2,15,Atendida,3
201720,"Deprecated, APO 2",Express,2,15,Cola,7
201720,"Deprecated, APO 2",Express,2,15,No asistió,3
201720,"Deprecated, APO 2",Express,3,11,Atendida,5
201720,"Deprecated, APO 2",Express,3,11,Cancelada,1
201720,"Deprecated, APO 2",Express,3,11,Cola,2
201720,"Deprecated, APO 2",Express,3,11,No asistió,1
201720,"Deprecated, APO 2",Express,3,14,Atendida,1
201720,"Deprecated, APO 2",Express,3,14,Cancelada,1
201720,"Deprecated, APO 2",Express,4,11,Atendida,1
201720,"Deprecated, APO 2",Express,4,11,Cancelada,3
201720,"Deprecated, APO 2",Express,4,15,Atendida,3
201720,"Deprecated, APO 2",Express,5,11,Atendida,1
201720,"Deprecated, APO 2",Express,5,11,Cancelada,1
201720,"Deprecated, APO 2",Express,5,12,Atendida,5
201720,"Deprecated, APO 2",Express,5,12,Cancelada,2
201720,"Deprecated, APO 2",Express,5,12,Cola,3
201720,"Deprecated, APO 2",Express,5,12,No asistió,1
201720,"Deprecated, APO 2",Express,5,14,Atendida,2
201720,"Deprecated, APO 2",Express,5,14,Cancelada,5
201720,"Deprecated, APO 2",Normal,1,10,Cancelada,1
201720,"Deprecated, APO 2",Normal,1,10,Cola,1
201720,"Deprecated, APO 2",Normal,1,11,Atendida,5
201720,"Deprecated, APO 2",Normal,1,11,Cola,6
201720,"Deprecated, APO 2",Normal,1,13,Cancelada,1
201720,"Deprecated, APO 2",Normal,1,13,Cola,2
201720,"Deprecated, APO 2",Normal,1,16,Atendida,5
201720,"Deprecated, APO 2",Normal,1,16,Cancelada,1
201720,"Deprecated, APO 2",Normal,1,16,Cola,5
201720,"Deprecated, APO 2",Normal,1,16,No asistió,1
201720,"Deprecated, APO 2",Normal,1,17,Atendida,1
201720,"Deprecated, APO 2",Normal,2,10,Atendida,1
201720,"Deprecated, APO 2",Normal,2,10,Cola,1
201720,"Deprecated, APO 2",Normal,2,13,Cancelada,1
201720,"Deprecated, APO 2",Normal,2,13,Cola,2
201720,"Deprecated, APO 2",Normal,2,14,Atendida,11
201720,"Deprecated, APO 2",Normal,2,14,Cancelada,2
201720,"Deprecated, APO 2",Normal,2,14,Cola,7
201720,"Deprecated, APO 2",Normal,2,16,Atendida,7
201720,"Deprecated, APO 2",Normal,2,16,Cancelada,2
201720,"Deprecated, APO 2",Normal,2,16,Cola,7
201720,"Deprecated, APO 2",Normal,3,9,Atendida,5
201720,"Deprecated, APO 2",Normal,3,9,Cancelada,5
201720,"Deprecated, APO 2",Normal,3,9,Cola,6
201720,"Deprecated, APO 2",Normal,3,9,No asistió,1
201720,"Deprecated, APO 2",Normal,3,10,Atendida,10
201720,"Deprecated, APO 2",Normal,3,10,Cancelada,5
201720,"Deprecated, APO 2",Normal,3,10,Cola,5
201720,"Deprecated, APO 2",Normal,3,10,No asistió,1
201720,"Deprecated, APO 2",Normal,3,11,Atendida,10
201720,"Deprecated, APO 2",Normal,3,11,Cancelada,3
201720,"Deprecated, APO 2",Normal,3,11,Cola,6
201720,"Deprecated, APO 2",Normal,3,13,Cancelada,1
201720,"Deprecated, APO 2",Normal,3,13,Cola,1
201720,"Deprecated, APO 2",Normal,3,14,Atendida,8
201720,"Deprecated, APO 2",Normal,3,14,Cancelada,3
201720,"Deprecated, APO 2",Normal,3,14,Cola,4
201720,"Deprecated, APO 2",Normal,3,16,Atendida,5
201720,"Deprecated, APO 2",Normal,3,17,Cola,2
201720,"Deprecated, APO 2",Normal,3,17,No asistió,1
201720,"Deprecated, APO 2",Normal,4,9,Cola,2
201720,"Deprecated, APO 2",Normal,4,9,No asistió,1
201720,"Deprecated, APO 2",Normal,4,10,Atendida,3
201720,"Deprecated, APO 2",Normal,4,10,Cancelada,4
201720,"Deprecated, APO 2",Normal,4,10,Cola,3
201720,"Deprecated, APO 2",Normal,4,10,No asistió,1
201720,"Deprecated, APO 2",Normal,4,11,Atendida,4
201720,"Deprecated, APO 2",Normal,4,11,Cancelada,3
201720,"Deprecated, APO 2",Normal,4,11,Cola,2
201720,"Deprecated, APO 2",Normal,4,11,No asistió,2
201720,"Deprecated, APO 2",Normal,4,14,Atendida,4
201720,"Deprecated, APO 2",Normal,4,14,Cancelada,2
201720,"Deprecated, APO 2",Normal,4,14,Cola,1
201720,"Deprecated, APO 2",Normal,4,14,No asistió,1
201720,"Deprecated, APO 2",Normal,4,16,Atendida,5
201720,"Deprecated, APO 2",Normal,4,16,Cancelada,1
201720,"Deprecated, APO 2",Normal,4,17,Atendida,2
201720,"Deprecated, APO 2",Normal,4,17,Cancelada,2
201720,"Deprecated, APO 2",Normal,5,9,Atendida,8
201720,"Deprecated, APO 2",Normal,5,9,Cancelada,2
201720,"Deprecated, APO 2",Normal,5,9,Cola,3
201720,"Deprecated, APO 2",Normal,5,9,No asistió,1
201720,"Deprecated, APO 2",Normal,5,10,Atendida,8
201720,"Deprecated, APO 2",Normal,5,10,Cancelada,7
201720,"Deprecated, APO 2",Normal,5,10,Cola,2
201720,"Deprecated, APO 2",Normal,5,10,No asistió,4
201720,"Deprecated, APO 2",Normal,5,11,Atendida,11
201720,"Deprecated, APO 2",Normal,5,11,Cancelada,4
201720,"Deprecated, APO 2",Normal,5,11,Cola,3
201720,"Deprecated, APO 2",Normal,5,11,No asistió,3
201720,"Deprecated, APO 2",Normal,5,13,Atendida,3
201720,"Deprecated, APO 2",Normal,5,13,Cancelada,2
201720,"Deprecated, APO 2",Normal,5,13,No asistió,1
201720,"Deprecated, APO 2",Normal,5,14,Atendida,2
201720,"Deprecated, APO 2",Normal,5,14,Cancelada,4
201720,"Deprecated, APO 2",Normal,5,16,Atendida,1
201720,"Deprecated, Apoyo","Deprecated, Grupal",1,11,Cancelada,1
201720,"Deprecated, Apoyo",Express,1,11,Atendida,1
201720,"Deprecated, Apoyo",Express,1,12,Atendida,1
201720,"Deprecated, Apoyo",Express,1,12,Cancelada,1
201720,"Deprecated, Apoyo",Express,2,11,Atendida,3
201720,"Deprecated, Apoyo",Express,2,11,No asistió,1
201720,"Deprecated, Apoyo",Express,2,15,Cancelada,1
201720,"Deprecated, Apoyo",Express,3,11,Atendida,3
201720,"Deprecated, Apoyo",Express,3,11,Cancelada,1
201720,"Deprecated, Apoyo",Express,3,11,No asistió,1
201720,"Deprecated, Apoyo",Express,4,11,Atendida,1
201720,"Deprecated, Apoyo",Express,4,12,Cancelada,1
201720,"Deprecated, Apoyo",Express,5,11,Cola,1
201720,"Deprecated, Apoyo",Express,5,12,Cola,1
201720,"Deprecated, Apoyo",Normal,1,9,Atendida,1
201720,"Deprecated, Apoyo",Normal,1,10,Atendida,1
201720,"Deprecated, Apoyo",Normal,1,13,Cancelada,1
201720,"Deprecated, Apoyo",Normal,1,14,Atendida,1
201720,"Deprecated, Apoyo",Normal,1,17,Atendida,1
201720,"Deprecated, Apoyo",Normal,1,17,Cola,1
201720,"Deprecated, Apoyo",Normal,2,16,Atendida,4
201720,"Deprecated, Apoyo",Normal,2,17,Atendida,3
201720,"Deprecated, Apoyo",Normal,2,17,Cancelada,1
201720,"Deprecated, Apoyo",Normal,3,10,Cola,1
201720,"Deprecated, Apoyo",Normal,3,11,Atendida,3
201720,"Deprecated, Apoyo",Normal,3,13,Cancelada,1
201720,"Deprecated, Apoyo",Normal,3,16,Atendida,2
201720,"Deprecated, Apoyo",Normal,4,11,Atendida,1
201720,"Deprecated, Apoyo",Normal,4,13,Atendida,1
201720,"Deprecated, Apoyo",Normal,4,13,Cancelada,1
201720,"Deprecated, Apoyo",Normal,4,13,Cola,1
201720,"Deprecated, Apoyo",Normal,4,16,Atendida,1
201720,"Deprecated, Apoyo",Normal,4,16,No asistió,1
201720,"Deprecated, Apoyo",Normal,5,10,Cancelada,1
201720,"Deprecated, Apoyo",Normal,5,11,Atendida,2
201720,"Deprecated, Apoyo",Normal,5,11,Cancelada,1
201720,"Deprecated, Apoyo",Normal,5,14,Atendida,1
201720,"Deprecated, Apoyo",Normal,5,16,Atendida,2
201720,"Deprecated, IP Nivelación","Deprecated, Torre Séneca",3,18,Cancelada,1
201720,"Deprecated, IP Nivelación",Express,1,15,Atendida,1
201720,"Deprecated, IP Nivelación",Express,2,15,Cancelada,1
201720,"Deprecated, IP Nivelación",Express,3,11,Cola,1
201720,"Deprecated, IP Nivelación",Express,4,15,Cancelada,1
201720,"Deprecated, IP Nivelación",Normal,2,14,Cancelada,1
201720,"Deprecated, IP Nivelación",Normal,2,16,Cola,1
201720,"Deprecated, IP Nivelación",Normal,3,9,Cancelada,1
201720,"Deprecated, IP Nivelación",Normal,3,11,Atendida,2
201720,"Deprecated, IP Nivelación",Normal,3,11,Cola,2
201720,"Deprecated, IP Nivelación",Normal,3,13,Atendida,1
201720,"Deprecated, IP Nivelación",Normal,3,13,Cola,2
201720,"Deprecated, IP Nivelación",Normal,4,10,Cola,1
201720,"Deprecated, IP Nivelación",Normal,4,11,Cola,1
201720,"Deprecated, IP Nivelación",Normal,4,16,Atendida,1
201720,"Deprecated, IP Nivelación",Normal,5,13,Cancelada,1
201720,Entrevista,Entrevistas,1,15,Atendida,3
201720,Entrevista,Entrevistas,2,10,Atendida,1
201720,Entrevista,Entrevistas,3,10,Atendida,1
201720,Entrevista,Entrevistas,3,11,Atendida,2
201720,Entrevista,Entrevistas,3,11,Cancelada,1
201720,Entrevista,Entrevistas,4,9,Atendida,1
201720,Entrevista,Entrevistas,4,10,Atendida,1
201720,Entrevista,Entrevistas,4,11,Atendida,2
201720,Entrevista,Entrevistas,4,14,Atendida,1
201720,Entrevista,Entrevistas,4,15,Atendida,1
201720,Entrevista,Entrevistas,4,15,Cancelada,1
201720,Entrevista,Entrevistas,4,15,No asistió,1
201720,Entrevista,Entrevistas,5,13,Atendida,2
201720,Sala,Sala,1,9,Cancelada,2
201720,Sala,Sala,1,15,Cancelada,1
201720,Sala,Sala,2,10,Atendida,1
201720,Sala,Sala,2,15,Atendida,1
201720,Sala,Sala,3,9,Atendida,1
201720,Sala,Sala,3,9,Cancelada,1
201720,Sala,Sala,3,10,No asistió,1
201720,Sala,Sala,3,15,Atendida,1
201720,Sala,Sala,3,15,No asistió,1
201720,Sala,Sala,3,16,No asistió,1
201720,Sala,Sala,3,17,No asistió,1
201720,Sala,Sala,5,15,Cancelada,1
201720,Sala,Sala,5,15,No asistió,5
201720,Sala,Sala,5,16,Atendida,1
201810,"Deprecated, APO 1","Deprecated, Grupal",1,11,Atendida,12
201810,"Deprecated, APO 1","Deprecated, Grupal",1,11,Cancelada,8
201810,"Deprecated, APO 1","Deprecated, Grupal",1,11,Cola,4
201810,"Deprecated, APO 1","Deprecated, Grupal",1,11,No asistió,2
201810,"Deprecated, APO 1","Deprecated, Grupal",2,11,Atendida,15
201810,"Deprecated, APO 1","Deprecated, Grupal",2,11,Cancelada,3
201810,"Deprecated, APO 1","Deprecated, Grupal",2,11,Cola,2
201810,"Deprecated, APO 1","Deprecated, Grupal",2,11,No asistió,3
201810,"Deprecated, APO 1","Deprecated, Grupal",3,10,Atendida,17
201810,"Deprecated, APO 1","Deprecated, Grupal",3,10,Cancelada,4
201810,"Deprecated, APO 1","Deprecated, Grupal",3,10,Cola,3
201810,"Deprecated, APO 1","Deprecated, Grupal",3,10,No asistió,2
201810,"Deprecated, APO 1","Deprecated, Grupal",4,14,Atendida,12
201810,"Deprecated, APO 1","Deprecated, Grupal",4,14,Cancelada,8
201810,"Deprecated, APO 1","Deprecated, Grupal",4,14,Cola,3
201810,"Deprecated, APO 1","Deprecated, Grupal",4,14,No asistió,2
201810,"Deprecated, APO 1","Deprecated, Grupal",5,10,Atendida,13
201810,"Deprecated, APO 1","Deprecated, Grupal",5,10,Cancelada,7
201810,"Deprecated, APO 1","Deprecated, Grupal",5,10,No asistió,2
201810,"Deprecated, APO 1","Deprecated, Torre Séneca",3,18,Atendida,24
201810,"Deprecated, APO 1","Deprecated, Torre Séneca",3,18,Cancelada,6
201810,"Deprecated, APO 1",Express,1,11,Atendida,27
201810,"Deprecated, APO 1",Express,1,11,Cancelada,15
201810,"Deprecated, APO 1",Express,1,11,Cola,5
201810,"Deprecated, APO 1",Express,1,11,No asistió,2
201810,"Deprecated, APO 1",Express,1,12,Atendida,24
201810,"Deprecated, APO 1",Express,1,12,Cancelada,10
201810,"Deprecated, APO 1",Express,1,12,Cola,7
201810,"Deprecated, APO 1",Express,1,12,No asistió,1
201810,"Deprecated, APO 1",Express,1,14,Atendida,23
201810,"Deprecated, APO 1",Express,1,14,Cancelada,13
201810,"Deprecated, APO 1",Express,1,14,Cola,9
201810,"Deprecated, APO 1",Express,1,14,No asistió,1
201810,"Deprecated, APO 1",Express,1,15,Atendida,18
201810,"Deprecated, APO 1",Express,1,15,Cancelada,10
201810,"Deprecated, APO 1",Express,1,15,Cola,6
201810,"Deprecated, APO 1",Express,1,15,No asistió,2
201810,"Deprecated, APO 1",Express,2,11,Atendida,34
201810,"Deprecated, APO 1",Express,2,11,Cancelada,26
201810,"Deprecated, APO 1",Express,2,11,Cola,9
201810,"Deprecated, APO 1",Express,2,11,No asistió,6
201810,"Deprecated, APO 1",Express,2,12,Atendida,10
201810,"Deprecated, APO 1",Express,2,12,Cancelada,6
201810,"Deprecated, APO 1",Express,2,12,Cola,8
201810,"Deprecated, APO 1",Express,2,12,No asistió,1
201810,"Deprecated, APO 1",Express,2,14,Atendida,20
201810,"Deprecated, APO 1",Express,2,14,Cancelada,15
201810,"Deprecated, APO 1",Express,2,14,Cola,7
201810,"Deprecated, APO 1",Express,2,14,No asistió,1
201810,"Deprecated, APO 1",Express,2,15,Atendida,10
201810,"Deprecated, APO 1",Express,2,15,Cancelada,8
201810,"Deprecated, APO 1",Express,2,15,Cola,6
201810,"Deprecated, APO 1",Express,2,15,No asistió,1
201810,"Deprecated, APO 1",Express,3,11,Atendida,38
201810,"Deprecated, APO 1",Express,3,11,Cancelada,18
201810,"Deprecated, APO 1",Express,3,11,Cola,7
201810,"Deprecated, APO 1",Express,3,11,No asistió,7
201810,"Deprecated, APO 1",Express,3,12,Atendida,27
201810,"Deprecated, APO 1",Express,3,12,Cancelada,19
201810,"Deprecated, APO 1",Express,3,12,Cola,11
201810,"Deprecated, APO 1",Express,3,12,No asistió,6
201810,"Deprecated, APO 1",Express,3,14,Atendida,5
201810,"Deprecated, APO 1",Express,3,14,Cancelada,2
201810,"Deprecated, APO 1",Express,3,14,Cola,2
201810,"Deprecated, APO 1",Express,3,14,No asistió,2
201810,"Deprecated, APO 1",Express,3,15,Atendida,22
201810,"Deprecated, APO 1",Express,3,15,Cancelada,13
201810,"Deprecated, APO 1",Express,3,15,Cola,9
201810,"Deprecated, APO 1",Express,3,15,No asistió,2
201810,"Deprecated, APO 1",Express,4,11,Atendida,44
201810,"Deprecated, APO 1",Express,4,11,Cancelada,23
201810,"Deprecated, APO 1",Express,4,11,Cola,7
201810,"Deprecated, APO 1",Express,4,11,No asistió,6
201810,"Deprecated, APO 1",Express,4,12,Atendida,16
201810,"Deprecated, APO 1",Express,4,12,Cancelada,14
201810,"Deprecated, APO 1",Express,4,12,Cola,9
201810,"Deprecated, APO 1",Express,4,12,No asistió,3
201810,"Deprecated, APO 1",Express,4,14,Atendida,28
201810,"Deprecated, APO 1",Express,4,14,Cancelada,24
201810,"Deprecated, APO 1",Express,4,14,Cola,4
201810,"Deprecated, APO 1",Express,4,14,No asistió,4
201810,"Deprecated, APO 1",Express,4,15,Atendida,19
201810,"Deprecated, APO 1",Express,4,15,Cancelada,13
201810,"Deprecated, APO 1",Express,4,15,Cola,9
201810,"Deprecated, APO 1",Express,4,15,No asistió,5
201810,"Deprecated, APO 1",Express,5,11,Atendida,43
201810,"Deprecated, APO 1",Express,5,11,Cancelada,34
201810,"Deprecated, APO 1",Express,5,11,Cola,9
201810,"Deprecated, APO 1",Express,5,11,No asistió,3
201810,"Deprecated, APO 1",Express,5,12,Atendida,13
201810,"Deprecated, APO 1",Express,5,12,Cancelada,18
201810,"Deprecated, APO 1",Express,5,12,Cola,12
201810,"Deprecated, APO 1",Express,5,12,No asistió,1
201810,"Deprecated, APO 1",Express,5,14,Atendida,15
201810,"Deprecated, APO 1",Express,5,14,Cancelada,12
201810,"Deprecated, APO 1",Express,5,14,Cola,9
201810,"Deprecated, APO 1",Express,5,14,No asistió,3
201810,"Deprecated, APO 1",Express,5,15,Atendida,7
201810,"Deprecated, APO 1",Express,5,15,Cancelada,12
201810,"Deprecated, APO 1",Express,5,15,Cola,9
201810,"Deprecated, APO 1",Express,5,15,No asistió,1
201810,"Deprecated, APO 1",Normal,1,9,Atendida,25
201810,"Deprecated, APO 1",Normal,1,9,Cancelada,12
201810,"Deprecated, APO 1",Normal,1,9,Cola,6
201810,"Deprecated, APO 1",Normal,1,9,No asistió,4
201810,"Deprecated, APO 1",Normal,1,10,Atendida,44
201810,"Deprecated, APO 1",Normal,1,10,Cancelada,11
201810,"Deprecated, APO 1",Normal,1,10,Cola,8
201810,"Deprecated, APO 1",Normal,1,10,No asistió,5
201810,"Deprecated, APO 1",Normal,1,11,Atendida,31
201810,"Deprecated, APO 1",Normal,1,11,Cancelada,12
201810,"Deprecated, APO 1",Normal,1,11,Cola,8
201810,"Deprecated, APO 1",Normal,1,11,No asistió,1
201810,"Deprecated, APO 1",Normal,1,13,Atendida,26
201810,"Deprecated, APO 1",Normal,1,13,Cancelada,10
201810,"Deprecated, APO 1",Normal,1,13,Cola,6
201810,"Deprecated, APO 1",Normal,1,13,No asistió,3
201810,"Deprecated, APO 1",Normal,1,14,Atendida,31
201810,"Deprecated, APO 1",Normal,1,14,Cancelada,18
201810,"Deprecated, APO 1",Normal,1,14,Cola,9
201810,"Deprecated, APO 1",Normal,1,14,No asistió,1
201810,"Deprecated, APO 1",Normal,1,16,Atendida,24
201810,"Deprecated, APO 1",Normal,1,16,Cancelada,9
201810,"Deprecated, APO 1",Normal,1,16,Cola,8
201810,"Deprecated, APO 1",Normal,1,16,No asistió,1
201810,"Deprecated, APO 1",Normal,1,17,Atendida,18
201810,"Deprecated, APO 1",Normal,1,17,Cancelada,7
201810,"Deprecated, APO 1",Normal,1,17,Cola,9
201810,"Deprecated, APO 1",Normal,1,17,No asistió,1
201810,"Deprecated, APO 1",Normal,2,9,Atendida,22
201810,"Deprecated, APO 1",Normal,2,9,Cancelada,14
201810,"Deprecated, APO 1",Normal,2,9,Cola,8
201810,"Deprecated, APO 1",Normal,2,9,No asistió,1
201810,"Deprecated, APO 1",Normal,2,10,Atendida,47
201810,"Deprecated, APO 1",Normal,2,10,Cancelada,16
201810,"Deprecated, APO 1",Normal,2,10,Cola,9
201810,"Deprecated, APO 1",Normal,2,10,No asistió,6
201810,"Deprecated, APO 1",Normal,2,11,Atendida,40
201810,"Deprecated, APO 1",Normal,2,11,Cancelada,22
201810,"Deprecated, APO 1",Normal,2,11,Cola,8
201810,"Deprecated, APO 1",Normal,2,11,No asistió,2
201810,"Deprecated, APO 1",Normal,2,13,Atendida,15
201810,"Deprecated, APO 1",Normal,2,13,Cancelada,19
201810,"Deprecated, APO 1",Normal,2,13,Cola,11
201810,"Deprecated, APO 1",Normal,2,13,No asistió,5
201810,"Deprecated, APO 1",Normal,2,14,Atendida,31
201810,"Deprecated, APO 1",Normal,2,14,Cancelada,16
201810,"Deprecated, APO 1",Normal,2,14,Cola,10
201810,"Deprecated, APO 1",Normal,2,14,No asistió,1
201810,"Deprecated, APO 1",Normal,2,16,Atendida,32
201810,"Deprecated, APO 1",Normal,2,16,Cancelada,14
201810,"Deprecated, APO 1",Normal,2,16,Cola,7
201810,"Deprecated, APO 1",Normal,2,16,No asistió,1
201810,"Deprecated, APO 1",Normal,2,17,Atendida,43
201810,"Deprecated, APO 1",Normal,2,17,Cancelada,11
201810,"Deprecated, APO 1",Normal,2,17,Cola,10
201810,"Deprecated, APO 1",Normal,2,17,No asistió,3
201810,"Deprecated, APO 1",Normal,3,9,Atendida,21
201810,"Deprecated, APO 1",Normal,3,9,Cancelada,15
201810,"Deprecated, APO 1",Normal,3,9,Cola,7
201810,"Deprecated, APO 1",Normal,3,9,No asistió,1
201810,"Deprecated, APO 1",Normal,3,10,Atendida,50
201810,"Deprecated, APO 1",Normal,3,10,Cancelada,23
201810,"Deprecated, APO 1",Normal,3,10,Cola,13
201810,"Deprecated, APO 1",Normal,3,10,No asistió,3
201810,"Deprecated, APO 1",Normal,3,11,Atendida,46
201810,"Deprecated, APO 1",Normal,3,11,Cancelada,19
201810,"Deprecated, APO 1",Normal,3,11,Cola,9
201810,"Deprecated, APO 1",Normal,3,11,No asistió,4
201810,"Deprecated, APO 1",Normal,3,13,Atendida,35
201810,"Deprecated, APO 1",Normal,3,13,Cancelada,17
201810,"Deprecated, APO 1",Normal,3,13,Cola,12
201810,"Deprecated, APO 1",Normal,3,13,No asistió,2
201810,"Deprecated, APO 1",Normal,3,14,Atendida,35
201810,"Deprecated, APO 1",Normal,3,14,Cancelada,27
201810,"Deprecated, APO 1",Normal,3,14,Cola,14
201810,"Deprecated, APO 1",Normal,3,14,No asistió,3
201810,"Deprecated, APO 1",Normal,3,16,Atendida,46
201810,"Deprecated, APO 1",Normal,3,16,Cancelada,24
201810,"Deprecated, APO 1",Normal,3,16,Cola,11
201810,"Deprecated, APO 1",Normal,3,16,No asistió,4
201810,"Deprecated, APO 1",Normal,3,17,Atendida,16
201810,"Deprecated, APO 1",Normal,3,17,Cancelada,15
201810,"Deprecated, APO 1",Normal,3,17,Cola,5
201810,"Deprecated, APO 1",Normal,3,17,No asistió,2
201810,"Deprecated, APO 1",Normal,4,9,Atendida,23
201810,"Deprecated, APO 1",Normal,4,9,Cancelada,26
201810,"Deprecated, APO 1",Normal,4,9,Cola,8
201810,"Deprecated, APO 1",Normal,4,10,Atendida,49
201810,"Deprecated, APO 1",Normal,4,10,Cancelada,33
201810,"Deprecated, APO 1",Normal,4,10,Cola,8
201810,"Deprecated, APO 1",Normal,4,10,No asistió,5
201810,"Deprecated, APO 1",Normal,4,11,Atendida,44
201810,"Deprecated, APO 1",Normal,4,11,Cancelada,17
201810,"Deprecated, APO 1",Normal,4,11,Cola,5
201810,"Deprecated, APO 1",Normal,4,11,No asistió,6
201810,"Deprecated, APO 1",Normal,4,13,Atendida,34
201810,"Deprecated, APO 1",Normal,4,13,Cancelada,14
201810,"Deprecated, APO 1",Normal,4,13,Cola,12
201810,"Deprecated, APO 1",Normal,4,13,No asistió,3
201810,"Deprecated, APO 1",Normal,4,14,Atendida,36
201810,"Deprecated, APO 1",Normal,4,14,Cancelada,19
201810,"Deprecated, APO 1",Normal,4,14,Cola,12
201810,"Deprecated, APO 1",Normal,4,14,No asistió,2
201810,"Deprecated, APO 1",Normal,4,16,Atendida,24
201810,"Deprecated, APO 1",Normal,4,16,Cancelada,9
201810,"Deprecated, APO 1",Normal,4,16,Cola,11
201810,"Deprecated, APO 1",Normal,4,16,No asistió,4
201810,"Deprecated, APO 1",Normal,4,17,Atendida,22
201810,"Deprecated, APO 1",Normal,4,17,Cancelada,17
201810,"Deprecated, APO 1",Normal,4,17,Cola,6
201810,"Deprecated, APO 1",Normal,4,17,No asistió,5
201810,"Deprecated, APO 1",Normal,5,9,Atendida,18
201810,"Deprecated, APO 1",Normal,5,9,Cancelada,22
201810,"Deprecated, APO 1",Normal,5,9,Cola,8
201810,"Deprecated, APO 1",Normal,5,9,No asistió,2
201810,"Deprecated, APO 1",Normal,5,10,Atendida,46
201810,"Deprecated, APO 1",Normal,5,10,Cancelada,19
201810,"Deprecated, APO 1",Normal,5,10,Cola,13
201810,"Deprecated, APO 1",Normal,5,10,No asistió,7
201810,"Deprecated, APO 1",Normal,5,11,Atendida,51
201810,"Deprecated, APO 1",Normal,5,11,Cancelada,36
201810,"Deprecated, APO 1",Normal,5,11,Cola,13
201810,"Deprecated, APO 1",Normal,5,11,No asistió,2
201810,"Deprecated, APO 1",Normal,5,13,Atendida,25
201810,"Deprecated, APO 1",Normal,5,13,Cancelada,21
201810,"Deprecated, APO 1",Normal,5,13,Cola,7
201810,"Deprecated, APO 1",Normal,5,13,No asistió,2
201810,"Deprecated, APO 1",Normal,5,14,Atendida,19
201810,"Deprecated, APO 1",Normal,5,14,Cancelada,17
201810,"Deprecated, APO 1",Normal,5,14,Cola,10
201810,"Deprecated, APO 1",Normal,5,14,No asistió,4
201810,"Deprecated, APO 1",Normal,5,16,Atendida,19
201810,"Deprecated, APO 1",Normal,5,16,Cancelada,8
201810,"Deprecated, APO 1",Normal,5,16,Cola,8
201810,"Deprecated, APO 1",Normal,5,16,No asistió,5
201810,"Deprecated, APO 1",Normal,5,17,Atendida,6
201810,"Deprecated, APO 1",Normal,5,17,Cancelada,17
201810,"Deprecated, APO 1",Normal,5,17,Cola,6
201810,"Deprecated, APO 1",Normal,5,17,No asistió,2
201810,"Deprecated, APO 2","Deprecated, Nivelación IP",4,10,Atendida,5
201810,"Deprecated, APO 2","Deprecated, Nivelación IP",4,10,Cancelada,1
201810,"Deprecated, APO 2","Deprecated, Nivelación IP",4,11,Atendida,5
201810,"Deprecated, APO 2","Deprecated, Nivelación IP",5,10,Atendida,1
201810,"Deprecated, APO 2","Deprecated, Nivelación IP",5,10,Cancelada,1
201810,"Deprecated, APO 2","Deprecated, Nivelación IP",5,10,No asistió,1
201810,"Deprecated, APO 2","Deprecated, Nivelación IP",5,11,Atendida,2
201810,"Deprecated, APO 2","Deprecated, Nivelación IP",5,11,Cancelada,1
201810,"Deprecated, APO 2","Deprecated, Nivelación IP",5,11,No asistió,2
201810,"Deprecated, APO 2","Deprecated, Nivelación IP",5,14,Atendida,4
201810,"Deprecated, APO 2","Deprecated, Nivelación IP",5,14,Cancelada,2
201810,"Deprecated, APO 2","Deprecated, Nivelación IP",5,15,Atendida,2
201810,"Deprecated, APO 2","Deprecated, Torre Séneca",3,18,Atendida,3
201810,"Deprecated, APO 2",Express,1,12,Atendida,4
201810,"Deprecated, APO 2",Express,1,12,Cancelada,2
201810,"Deprecated, APO 2",Express,1,12,Cola,5
201810,"Deprecated, APO 2",Express,1,14,Atendida,4
201810,"Deprecated, APO 2",Express,1,14,Cancelada,3
201810,"Deprecated, APO 2",Express,1,14,Cola,7
201810,"Deprecated, APO 2",Express,1,14,No asistió,1
201810,"Deprecated, APO 2",Express,1,15,Atendida,7
201810,"Deprecated, APO 2",Express,1,15,Cancelada,2
201810,"Deprecated, APO 2",Express,1,15,Cola,2
201810,"Deprecated, APO 2",Express,2,14,Atendida,1
201810,"Deprecated, APO 2",Express,3,11,Atendida,6
201810,"Deprecated, APO 2",Express,3,11,Cancelada,5
201810,"Deprecated, APO 2",Express,3,11,Cola,3
201810,"Deprecated, APO 2",Express,3,11,No asistió,3
201810,"Deprecated, APO 2",Express,3,12,Atendida,1
201810,"Deprecated, APO 2",Express,3,14,Atendida,4
201810,"Deprecated, APO 2",Express,3,14,Cancelada,3
201810,"Deprecated, APO 2",Express,3,14,Cola,2
201810,"Deprecated, APO 2",Express,3,14,No asistió,5
201810,"Deprecated, APO 2",Express,3,15,Atendida,5
201810,"Deprecated, APO 2",Express,3,15,Cancelada,3
201810,"Deprecated, APO 2",Express,3,15,Cola,1
201810,"Deprecated, APO 2",Express,3,15,No asistió,1
201810,"Deprecated, APO 2",Express,4,12,Atendida,3
201810,"Deprecated, APO 2",Express,4,12,Cancelada,2
201810,"Deprecated, APO 2",Express,4,12,Cola,3
201810,"Deprecated, APO 2",Express,4,14,Atendida,2
201810,"Deprecated, APO 2",Express,4,14,Cancelada,5
201810,"Deprecated, APO 2",Express,4,15,Cancelada,1
201810,"Deprecated, APO 2",Express,5,12,Atendida,2
201810,"Deprecated, APO 2",Express,5,12,Cancelada,2
201810,"Deprecated, APO 2",Express,5,12,Cola,2
201810,"Deprecated, APO 2",Express,5,12,No asistió,2
201810,"Deprecated, APO 2",Express,5,14,Atendida,4
201810,"Deprecated, APO 2",Express,5,14,Cancelada,2
201810,"Deprecated, APO 2",Express,5,15,Atendida,3
201810,"Deprecated, APO 2",Express,5,15,Cancelada,2
201810,"Deprecated, APO 2",Express,5,15,Cola,1
201810,"Deprecated, APO 2",Normal,1,13,Atendida,18
201810,"Deprecated, APO 2",Normal,1,13,Cancelada,5
201810,"Deprecated, APO 2",Normal,1,13,Cola,7
201810,"Deprecated, APO 2",Normal,1,14,Atendida,2
201810,"Deprecated, APO 2",Normal,1,14,Cola,4
201810,"Deprecated, APO 2",Normal,1,16,Atendida,9
201810,"Deprecated, APO 2",Normal,1,16,Cancelada,5
201810,"Deprecated, APO 2",Normal,1,16,Cola,5
201810,"Deprecated, APO 2",Normal,1,17,Atendida,10
201810,"Deprecated, APO 2",Normal,1,17,Cancelada,4
201810,"Deprecated, APO 2",Normal,1,17,Cola,5
201810,"Deprecated, APO 2",Normal,2,9,Atendida,1
201810,"Deprecated, APO 2",Normal,2,9,Cancelada,4
201810,"Deprecated, APO 2",Normal,2,9,Cola,3
201810,"Deprecated, APO 2",Normal,2,11,Atendida,1
201810,"Deprecated, APO 2",Normal,2,11,Cancelada,2
201810,"Deprecated, APO 2",Normal,2,11,Cola,1
201810,"Deprecated, APO 2",Normal,2,13,Atendida,3
201810,"Deprecated, APO 2",Normal,2,13,Cola,1
201810,"Deprecated, APO 2",Normal,2,14,Atendida,2
201810,"Deprecated, APO 2",Normal,2,14,Cola,1
201810,"Deprecated, APO 2",Normal,2,16,Atendida,7
201810,"Deprecated, APO 2",Normal,2,16,Cancelada,3
201810,"Deprecated, APO 2",Normal,2,16,Cola,5
201810,"Deprecated, APO 2",Normal,2,17,Atendida,2
201810,"Deprecated, APO 2",Normal,2,17,Cancelada,2
201810,"Deprecated, APO 2",Normal,2,17,Cola,3
201810,"Deprecated, APO 2",Normal,3,9,Atendida,1
201810,"Deprecated, APO 2",Normal,3,9,Cancelada,1
201810,"Deprecated, APO 2",Normal,3,9,Cola,4
201810,"Deprecated, APO 2",Normal,3,9,No asistió,2
201810,"Deprecated, APO 2",Normal,3,10,Atendida,6
201810,"Deprecated, APO 2",Normal,3,10,Cancelada,3
201810,"Deprecated, APO 2",Normal,3,10,Cola,4
201810,"Deprecated, APO 2",Normal,3,10,No asistió,2
201810,"Deprecated, APO 2",Normal,3,11,Atendida,10
201810,"Deprecated, APO 2",Normal,3,11,Cancelada,5
201810,"Deprecated, APO 2",Normal,3,11,Cola,3
201810,"Deprecated, APO 2",Normal,3,13,Atendida,3
201810,"Deprecated, APO 2",Normal,3,13,Cancelada,1
201810,"Deprecated, APO 2",Normal,3,13,Cola,1
201810,"Deprecated, APO 2",Normal,3,14,Atendida,11
201810,"Deprecated, APO 2",Normal,3,14,Cancelada,6
201810,"Deprecated, APO 2",Normal,3,14,Cola,3
201810,"Deprecated, APO 2",Normal,3,14,No asistió,1
201810,"Deprecated, APO 2",Normal,3,16,Atendida,7
201810,"Deprecated, APO 2",Normal,3,16,Cancelada,5
201810,"Deprecated, APO 2",Normal,3,16,Cola,1
201810,"Deprecated, APO 2",Normal,3,17,Atendida,6
201810,"Deprecated, APO 2",Normal,3,17,Cola,3
201810,"Deprecated, APO 2",Normal,3,17,No asistió,1
201810,"Deprecated, APO 2",Normal,4,9,Atendida,5
201810,"Deprecated, APO 2",Normal,4,9,Cancelada,4
201810,"Deprecated, APO 2",Normal,4,9,Cola,5
201810,"Deprecated, APO 2",Normal,4,9,No asistió,1
201810,"Deprecated, APO 2",Normal,4,10,Atendida,5
201810,"Deprecated, APO 2",Normal,4,10,Cancelada,9
201810,"Deprecated, APO 2",Normal,4,10,Cola,4
201810,"Deprecated, APO 2",Normal,4,10,No asistió,1
201810,"Deprecated, APO 2",Normal,4,11,Atendida,7
201810,"Deprecated, APO 2",Normal,4,11,Cancelada,1
201810,"Deprecated, APO 2",Normal,4,11,Cola,5
201810,"Deprecated, APO 2",Normal,4,11,No asistió,1
201810,"Deprecated, APO 2",Normal,4,13,Atendida,1
201810,"Deprecated, APO 2",Normal,4,13,Cola,1
201810,"Deprecated, APO 2",Normal,4,14,Atendida,2
201810,"Deprecated, APO 2",Normal,4,14,Cola,4
201810,"Deprecated, APO 2",Normal,4,14,No asistió,1
201810,"Deprecated, APO 2",Normal,4,16,Cancelada,1
201810,"Deprecated, APO 2",Normal,4,17,Cola,1
201810,"Deprecated, APO 2",Normal,4,17,No asistió,1
201810,"Deprecated, APO 2",Normal,5,9,Atendida,1
201810,"Deprecated, APO 2",Normal,5,9,Cancelada,2
201810,"Deprecated, APO 2",Normal,5,9,Cola,1
201810,"Deprecated, APO 2",Normal,5,9,No asistió,1
201810,"Deprecated, APO 2",Normal,5,10,Atendida,1
201810,"Deprecated, APO 2",Normal,5,10,Cola,2
201810,"Deprecated, APO 2",Normal,5,13,Atendida,8
201810,"Deprecated, APO 2",Normal,5,13,Cancelada,3
201810,"Deprecated, APO 2",Normal,5,13,Cola,5
201810,"Deprecated, APO 2",Normal,5,13,No asistió,2
201810,"Deprecated, APO 2",Normal,5,14,Atendida,2
201810,"Deprecated, APO 2",Normal,5,14,Cancelada,2
201810,"Deprecated, APO 2",Normal,5,16,Atendida,1
201810,"Deprecated, APO 2",Normal,5,17,Atendida,1
201810,"Deprecated, Apoyo","Deprecated, Grupal",4,14,Atendida,1
201810,"Deprecated, Apoyo",Express,1,12,Cancelada,1
201810,"Deprecated, Apoyo",Express,1,14,Cancelada,1
201810,"Deprecated, Apoyo",Express,2,11,Atendida,3
201810,"Deprecated, Apoyo",Express,2,11,Cancelada,1
201810,"Deprecated, Apoyo",Express,3,11,Cancelada,1
201810,"Deprecated, Apoyo",Express,5,11,Atendida,3
201810,"Deprecated, Apoyo",Express,5,14,Cancelada,1
201810,"Deprecated, Apoyo",Normal,1,11,Atendida,3
201810,"Deprecated, Apoyo",Normal,1,11,Cancelada,1
201810,"Deprecated, Apoyo",Normal,1,11,Cola,1
201810,"Deprecated, Apoyo",Normal,1,13,Cancelada,1
201810,"Deprecated, Apoyo",Normal,1,14,Atendida,1
201810,"Deprecated, Apoyo",Normal,1,14,Cancelada,1
201810,"Deprecated, Apoyo",Normal,1,16,Atendida,1
201810,"Deprecated, Apoyo",Normal,1,17,Atendida,1
201810,"Deprecated, Apoyo",Normal,1,17,Cancelada,1
201810,"Deprecated, Apoyo",Normal,2,11,Atendida,1
201810,"Deprecated, Apoyo",Normal,2,11,Cancelada,1
201810,"Deprecated, Apoyo",Normal,2,14,Cancelada,1
201810,"Deprecated, Apoyo",Normal,2,17,Atendida,1
201810,"Deprecated, Apoyo",Normal,3,9,Atendida,1
201810,"Deprecated, Apoyo",Normal,3,9,Cancelada,1
201810,"Deprecated, Apoyo",Normal,3,10,Atendida,3
201810,"Deprecated, Apoyo",Normal,3,10,Cancelada,1
201810,"Deprecated, Apoyo",Normal,3,11,Cancelada,1
201810,"Deprecated, Apoyo",Normal,3,17,No asistió,1
201810,"Deprecated, Apoyo",Normal,4,10,Atendida,1
201810,"Deprecated, Apoyo",Normal,4,10,Cancelada,2
201810,"Deprecated, Apoyo",Normal,4,16,Cola,1
201810,"Deprecated, Apoyo",Normal,4,17,Cancelada,2
201810,"Deprecated, Apoyo",Normal,5,9,Cancelada,1
201810,"Deprecated, Apoyo",Normal,5,14,Cancelada,1
201810,"Deprecated, Apoyo",Normal,5,16,Cancelada,2
201810,"Deprecated, IP Nivelación",Express,1,12,Atendida,2
201810,"Deprecated, IP Nivelación",Express,1,14,Atendida,1
201810,"Deprecated, IP Nivelación",Express,1,15,Cancelada,1
201810,"Deprecated, IP Nivelación",Express,5,15,Cola,1
201810,"Deprecated, IP Nivelación",Normal,1,13,Atendida,1
201810,"Deprecated, IP Nivelación",Normal,1,13,Cancelada,1
201810,"Deprecated, IP Nivelación",Normal,1,16,Atendida,1
201810,"Deprecated, IP Nivelación",Normal,1,16,No asistió,1
201810,"Deprecated, IP Nivelación",Normal,1,17,Cola,1
201810,"Deprecated, IP Nivelación",Normal,2,17,Cancelada,1
201810,"Deprecated, IP Nivelación",Normal,3,9,Cancelada,1
201810,"Deprecated, IP Nivelación",Normal,3,11,Atendida,1
201810,"Deprecated, IP Nivelación",Normal,3,14,Atendida,4
201810,"Deprecated, IP Nivelación",Normal,3,14,Cancelada,1
201810,"Deprecated, IP Nivelación",Normal,3,14,Cola,1
201810,"Deprecated, IP Nivelación",Normal,4,9,Atendida,1
201810,"Deprecated, IP Nivelación",Normal,4,9,Cancelada,1
201810,"Deprecated, IP Nivelación",Normal,4,9,Cola,1
201810,"Deprecated, IP Nivelación",Normal,5,9,Cola,1
201810,"Deprecated, IP Nivelación",Normal,5,14,Cancelada,1
201810,Entrevista,Entrevistas,2,10,Atendida,1
201810,Entrevista,Entrevistas,2,11,Atendida,3
201810,Entrevista,Entrevistas,2,15,Atendida,2
201810,Entrevista,Entrevistas,3,9,Atendida,1
201810,Entrevista,Entrevistas,3,9,Cancelada,2
201810,Entrevista,Entrevistas,3,10,Abierta,1
201810,Entrevista,Entrevistas,3,10,Atendida,2
201810,Entrevista,Entrevistas,3,11,Atendida,1
201810,Entrevista,Entrevistas,4,12,Atendida,3
201810,Entrevista,Entrevistas,4,12,Cola,1
201810,Entrevista,Entrevistas,4,13,Atendida,1
201810,Entrevista,Entrevistas,4,14,Atendida,1
201810,Entrevista,Entrevistas,4,14,Cola,1
201810,Entrevista,Entrevistas,4,15,Atendida,3
201810,Entrevista,Entrevistas,5,11,Atendida,3
201810,Entrevista,Entrevistas,5,11,Cola,1
201810,Entrevista,Entrevistas,5,14,Atendida,3
201810,Entrevista,Entrevistas,5,14,Cancelada,1
201810,Entrevista,Entrevistas,5,14,Cola,3
201810,Entrevista,Entrevistas,5,16,Atendida,2
201810,Entrevista,Entrevistas,5,16,Cancelada,3
201810,Sala,Sala,1,9,Atendida,3
201810,Sala,Sala,1,14,Atendida,2
201810,Sala,Sala,1,15,Abierta,1
201810,Sala,Sala,2,9,Abierta,1
201810,Sala,Sala,2,9,Atendida,1
201810,Sala,Sala,2,15,Abierta,2
201810,Sala,Sala,3,11,Atendida,3
201810,Sala,Sala,3,11,Cancelada,6
201810,Sala,Sala,3,12,Atendida,1
201810,Sala,Sala,3,14,Abierta,1
201810,Sala,Sala,3,14,Atendida,2
201810,Sala,Sala,3,14,Cancelada,1
201810,Sala,Sala,3,15,Atendida,3
201810,Sala,Sala,3,15,Cancelada,1
201810,Sala,Sala,4,9,Atendida,1
201810,Sala,Sala,4,11,Atendida,1
201810,Sala,Sala,5,11,Atendida,1
201810,Sala,Sala,5,12,Abierta,2
201810,Sala,Sala,5,12,Cancelada,2
201810,Sala,Sala,5,14,Abierta,1
201810,Sala,Sala,5,14,Atendida,2
201810,Sala,Sala,5,15,Atendida,2
201819,"Deprecated, APO 1",Express,1,12,Atendida,1
201819,"Deprecated, APO 1",Express,2,11,Atendida,1
201819,"Deprecated, APO 1",Express,2,11,Cancelada,1
201819,"Deprecated, APO 1",Express,2,11,No asistió,2
201819,"Deprecated, APO 1",Express,3,11,Atendida,1
201819,"Deprecated, APO 1",Express,3,11,Cancelada,1
201819,"Deprecated, APO 1",Express,3,12,Atendida,1
201819,"Deprecated, APO 1",Express,3,12,Cancelada,4
201819,"Deprecated, APO 1",Express,4,11,Atendida,2
201819,"Deprecated, APO 1",Express,4,12,Atendida,1
201819,"Deprecated, APO 1",Express,4,12,Cancelada,3
201819,"Deprecated, APO 1",Express,5,12,Atendida,3
201819,"Deprecated, APO 1",Express,5,12,Cancelada,8
201819,"Deprecated, APO 1",Express,5,12,No asistió,1
201819,"Deprecated, APO 1",Normal,1,11,Cancelada,1
201819,"Deprecated, APO 1",Normal,1,11,Cola,2
201819,"Deprecated, APO 1",Normal,1,11,No asistió,1
201819,"Deprecated, APO 1",Normal,1,13,Atendida,1
201819,"Deprecated, APO 1",Normal,2,10,Atendida,4
201819,"Deprecated, APO 1",Normal,2,10,Cancelada,1
201819,"Deprecated, APO 1",Normal,2,10,Cola,2
201819,"Deprecated, APO 1",Normal,2,11,Atendida,4
201819,"Deprecated, APO 1",Normal,2,11,Cancelada,4
201819,"Deprecated, APO 1",Normal,2,11,Cola,1
201819,"Deprecated, APO 1",Normal,3,10,Atendida,1
201819,"Deprecated, APO 1",Normal,3,10,No asistió,1
201819,"Deprecated, APO 1",Normal,3,11,Atendida,3
201819,"Deprecated, APO 1",Normal,3,11,Cancelada,1
201819,"Deprecated, APO 1",Normal,3,13,Atendida,3
201819,"Deprecated, APO 1",Normal,3,13,Cancelada,2
201819,"Deprecated, APO 1",Normal,4,10,Cancelada,1
201819,"Deprecated, APO 1",Normal,4,10,No asistió,1
201819,"Deprecated, APO 1",Normal,4,11,Atendida,3
201819,"Deprecated, APO 1",Normal,4,11,Cancelada,3
201819,"Deprecated, APO 1",Normal,4,11,No asistió,1
201819,"Deprecated, APO 1",Normal,4,13,Atendida,6
201819,"Deprecated, APO 1",Normal,4,13,Cancelada,2
201819,"Deprecated, APO 1",Normal,5,11,Atendida,4
201819,"Deprecated, APO 1",Normal,5,11,Cancelada,2
201819,"Deprecated, APO 1",Normal,5,11,Cola,3
201819,"Deprecated, APO 1",Normal,5,13,Atendida,2
201819,"Deprecated, APO 1",Normal,5,13,Cancelada,2
201819,"Deprecated, APO 1",Normal,5,13,Cola,1
201819,"Deprecated, APO 2",Express,2,11,Atendida,2
201819,"Deprecated, APO 2",Express,2,11,Cancelada,1
201819,"Deprecated, APO 2",Express,2,11,Cola,1
201819,"Deprecated, APO 2",Express,3,11,Atendida,2
201819,"Deprecated, APO 2",Express,3,12,Atendida,2
201819,"Deprecated, APO 2",Express,4,11,No asistió,1
201819,"Deprecated, APO 2",Express,4,12,Atendida,1
201819,"Deprecated, APO 2",Normal,2,10,Atendida,1
201819,"Deprecated, APO 2",Normal,2,10,Cancelada,4
201819,"Deprecated, APO 2",Normal,2,10,Cola,1
201819,"Deprecated, APO 2",Normal,2,11,Atendida,1
201819,"Deprecated, APO 2",Normal,2,11,Cancelada,2
201819,"Deprecated, APO 2",Normal,3,10,Atendida,4
201819,"Deprecated, APO 2",Normal,3,10,Cancelada,1
201819,"Deprecated, APO 2",Normal,3,11,Atendida,1
201819,"Deprecated, APO 2",Normal,3,13,Atendida,2
201819,"Deprecated, APO 2",Normal,4,10,Atendida,1
201819,"Deprecated, APO 2",Normal,4,10,Cancelada,1
201819,"Deprecated, APO 2",Normal,4,10,No asistió,1
201819,"Deprecated, APO 2",Normal,4,13,Cancelada,1
201819,"Deprecated, APO 2",Normal,4,13,Cola,1
201819,"Deprecated, APO 2",Normal,5,11,Atendida,1
201819,"Deprecated, APO 2",Normal,5,11,Cancelada,1
201819,"Deprecated, APO 2",Normal,5,11,Cola,1
201819,"Deprecated, APO 2",Normal,5,13,Atendida,2
201819,"Deprecated, APO 2",Normal,5,13,Cancelada,1
201819,"Deprecated, APO 2",Normal,5,13,No asistió,1
201820,"Deprecated, APO 1","Deprecated, Grupal",1,13,Atendida,3
201820,"Deprecated, APO 1","Deprecated, Grupal",1,13,Cancelada,2
201820,"Deprecated, APO 1","Deprecated, Grupal",1,13,Cola,1
201820,"Deprecated, APO 1","Deprecated, Grupal",1,13,No asistió,2
201820,"Deprecated, APO 1","Deprecated, Grupal",2,10,Atendida,4
201820,"Deprecated, APO 1","Deprecated, Grupal",2,10,Cancelada,6
201820,"Deprecated, APO 1","Deprecated, Grupal",2,10,Cola,2
201820,"Deprecated, APO 1","Deprecated, Grupal",2,10,No asistió,1
201820,"Deprecated, APO 1","Deprecated, Grupal",3,14,Atendida,12
201820,"Deprecated, APO 1","Deprecated, Grupal",3,14,Cancelada,8
201820,"Deprecated, APO 1","Deprecated, Grupal",3,14,Cola,6
201820,"Deprecated, APO 1","Deprecated, Grupal",3,14,No asistió,1
201820,"Deprecated, APO 1","Deprecated, Grupal",4,11,Atendida,18
201820,"Deprecated, APO 1","Deprecated, Grupal",4,11,Cancelada,9
201820,"Deprecated, APO 1","Deprecated, Grupal",4,11,Cola,6
201820,"Deprecated, APO 1","Deprecated, Grupal",4,11,No asistió,1
201820,"Deprecated, APO 1","Deprecated, Torre Séneca",3,18,Abierta,1
201820,"Deprecated, APO 1","Deprecated, Torre Séneca",3,18,Atendida,11
201820,"Deprecated, APO 1","Deprecated, Torre Séneca",3,18,Cancelada,1
201820,"Deprecated, APO 1","Deprecated, Torre Séneca",3,19,Abierta,1
201820,"Deprecated, APO 1","Deprecated, Torre Séneca",3,19,Atendida,9
201820,"Deprecated, APO 1",Express,1,11,Atendida,27
201820,"Deprecated, APO 1",Express,1,11,Cancelada,11
201820,"Deprecated, APO 1",Express,1,11,Cola,6
201820,"Deprecated, APO 1",Express,1,12,Atendida,15
201820,"Deprecated, APO 1",Express,1,12,Cancelada,11
201820,"Deprecated, APO 1",Express,1,12,Cola,9
201820,"Deprecated, APO 1",Express,1,12,No asistió,2
201820,"Deprecated, APO 1",Express,1,14,Atendida,19
201820,"Deprecated, APO 1",Express,1,14,Cancelada,10
201820,"Deprecated, APO 1",Express,1,14,Cola,9
201820,"Deprecated, APO 1",Express,1,14,No asistió,1
201820,"Deprecated, APO 1",Express,1,15,Atendida,25
201820,"Deprecated, APO 1",Express,1,15,Cancelada,9
201820,"Deprecated, APO 1",Express,1,15,Cola,7
201820,"Deprecated, APO 1",Express,2,11,Atendida,35
201820,"Deprecated, APO 1",Express,2,11,Cancelada,17
201820,"Deprecated, APO 1",Express,2,11,Cola,10
201820,"Deprecated, APO 1",Express,2,11,No asistió,3
201820,"Deprecated, APO 1",Express,2,12,Atendida,20
201820,"Deprecated, APO 1",Express,2,12,Cancelada,6
201820,"Deprecated, APO 1",Express,2,12,Cola,13
201820,"Deprecated, APO 1",Express,2,12,No asistió,1
201820,"Deprecated, APO 1",Express,2,14,Atendida,22
201820,"Deprecated, APO 1",Express,2,14,Cancelada,12
201820,"Deprecated, APO 1",Express,2,14,Cola,13
201820,"Deprecated, APO 1",Express,2,14,No asistió,4
201820,"Deprecated, APO 1",Express,2,15,Atendida,16
201820,"Deprecated, APO 1",Express,2,15,Cancelada,11
201820,"Deprecated, APO 1",Express,2,15,Cola,8
201820,"Deprecated, APO 1",Express,2,15,No asistió,2
201820,"Deprecated, APO 1",Express,3,11,Atendida,35
201820,"Deprecated, APO 1",Express,3,11,Cancelada,22
201820,"Deprecated, APO 1",Express,3,11,Cola,16
201820,"Deprecated, APO 1",Express,3,11,No asistió,5
201820,"Deprecated, APO 1",Express,3,12,Atendida,18
201820,"Deprecated, APO 1",Express,3,12,Cancelada,16
201820,"Deprecated, APO 1",Express,3,12,Cola,17
201820,"Deprecated, APO 1",Express,3,12,No asistió,4
201820,"Deprecated, APO 1",Express,3,14,Abierta,1
201820,"Deprecated, APO 1",Express,3,14,Atendida,29
201820,"Deprecated, APO 1",Express,3,14,Cancelada,12
201820,"Deprecated, APO 1",Express,3,14,Cola,12
201820,"Deprecated, APO 1",Express,3,14,No asistió,9
201820,"Deprecated, APO 1",Express,3,15,Atendida,39
201820,"Deprecated, APO 1",Express,3,15,Cancelada,22
201820,"Deprecated, APO 1",Express,3,15,Cola,13
201820,"Deprecated, APO 1",Express,3,15,No asistió,5
201820,"Deprecated, APO 1",Express,4,11,Atendida,45
201820,"Deprecated, APO 1",Express,4,11,Cancelada,28
201820,"Deprecated, APO 1",Express,4,11,Cola,17
201820,"Deprecated, APO 1",Express,4,11,No asistió,3
201820,"Deprecated, APO 1",Express,4,12,Atendida,36
201820,"Deprecated, APO 1",Express,4,12,Cancelada,23
201820,"Deprecated, APO 1",Express,4,12,Cola,9
201820,"Deprecated, APO 1",Express,4,12,No asistió,3
201820,"Deprecated, APO 1",Express,4,14,Atendida,19
201820,"Deprecated, APO 1",Express,4,14,Cancelada,20
201820,"Deprecated, APO 1",Express,4,14,Cola,6
201820,"Deprecated, APO 1",Express,4,14,No asistió,2
201820,"Deprecated, APO 1",Express,4,15,Atendida,12
201820,"Deprecated, APO 1",Express,4,15,Cancelada,7
201820,"Deprecated, APO 1",Express,4,15,Cola,7
201820,"Deprecated, APO 1",Express,4,15,No asistió,3
201820,"Deprecated, APO 1",Express,5,11,Atendida,22
201820,"Deprecated, APO 1",Express,5,11,Cancelada,17
201820,"Deprecated, APO 1",Express,5,11,Cola,14
201820,"Deprecated, APO 1",Express,5,11,No asistió,2
201820,"Deprecated, APO 1",Express,5,12,Atendida,27
201820,"Deprecated, APO 1",Express,5,12,Cancelada,14
201820,"Deprecated, APO 1",Express,5,12,Cola,12
201820,"Deprecated, APO 1",Express,5,12,No asistió,4
201820,"Deprecated, APO 1",Express,5,14,Atendida,12
201820,"Deprecated, APO 1",Express,5,14,Cancelada,14
201820,"Deprecated, APO 1",Express,5,14,Cola,12
201820,"Deprecated, APO 1",Express,5,14,No asistió,2
201820,"Deprecated, APO 1",Express,5,15,Atendida,20
201820,"Deprecated, APO 1",Express,5,15,Cancelada,10
201820,"Deprecated, APO 1",Express,5,15,Cola,13
201820,"Deprecated, APO 1",Express,5,15,No asistió,4
201820,"Deprecated, APO 1",Normal,1,9,Atendida,25
201820,"Deprecated, APO 1",Normal,1,9,Cancelada,18
201820,"Deprecated, APO 1",Normal,1,9,Cola,4
201820,"Deprecated, APO 1",Normal,1,10,Atendida,36
201820,"Deprecated, APO 1",Normal,1,10,Cancelada,13
201820,"Deprecated, APO 1",Normal,1,10,Cola,4
201820,"Deprecated, APO 1",Normal,1,10,No asistió,1
201820,"Deprecated, APO 1",Normal,1,11,Atendida,34
201820,"Deprecated, APO 1",Normal,1,11,Cancelada,11
201820,"Deprecated, APO 1",Normal,1,11,Cola,6
201820,"Deprecated, APO 1",Normal,1,11,No asistió,2
201820,"Deprecated, APO 1",Normal,1,13,Atendida,12
201820,"Deprecated, APO 1",Normal,1,13,Cancelada,8
201820,"Deprecated, APO 1",Normal,1,13,Cola,6
201820,"Deprecated, APO 1",Normal,1,13,No asistió,3
201820,"Deprecated, APO 1",Normal,1,14,Atendida,25
201820,"Deprecated, APO 1",Normal,1,14,Cancelada,8
201820,"Deprecated, APO 1",Normal,1,14,Cola,7
201820,"Deprecated, APO 1",Normal,1,14,No asistió,1
201820,"Deprecated, APO 1",Normal,1,16,Atendida,31
201820,"Deprecated, APO 1",Normal,1,16,Cancelada,13
201820,"Deprecated, APO 1",Normal,1,16,Cola,8
201820,"Deprecated, APO 1",Normal,1,17,Atendida,23
201820,"Deprecated, APO 1",Normal,1,17,Cancelada,13
201820,"Deprecated, APO 1",Normal,1,17,Cola,5
201820,"Deprecated, APO 1",Normal,2,9,Atendida,33
201820,"Deprecated, APO 1",Normal,2,9,Cancelada,20
201820,"Deprecated, APO 1",Normal,2,9,Cola,10
201820,"Deprecated, APO 1",Normal,2,9,No asistió,2
201820,"Deprecated, APO 1",Normal,2,10,Atendida,45
201820,"Deprecated, APO 1",Normal,2,10,Cancelada,15
201820,"Deprecated, APO 1",Normal,2,10,Cola,17
201820,"Deprecated, APO 1",Normal,2,10,No asistió,4
201820,"Deprecated, APO 1",Normal,2,11,Atendida,41
201820,"Deprecated, APO 1",Normal,2,11,Cancelada,20
201820,"Deprecated, APO 1",Normal,2,11,Cola,11
201820,"Deprecated, APO 1",Normal,2,11,No asistió,1
201820,"Deprecated, APO 1",Normal,2,13,Atendida,14
201820,"Deprecated, APO 1",Normal,2,13,Cancelada,10
201820,"Deprecated, APO 1",Normal,2,13,Cola,9
201820,"Deprecated, APO 1",Normal,2,13,No asistió,2
201820,"Deprecated, APO 1",Normal,2,14,Atendida,30
201820,"Deprecated, APO 1",Normal,2,14,Cancelada,10
201820,"Deprecated, APO 1",Normal,2,14,Cola,11
201820,"Deprecated, APO 1",Normal,2,14,No asistió,5
201820,"Deprecated, APO 1",Normal,2,16,Atendida,39
201820,"Deprecated, APO 1",Normal,2,16,Cancelada,21
201820,"Deprecated, APO 1",Normal,2,16,Cola,9
201820,"Deprecated, APO 1",Normal,2,16,No asistió,2
201820,"Deprecated, APO 1",Normal,2,17,Atendida,23
201820,"Deprecated, APO 1",Normal,2,17,Cancelada,11
201820,"Deprecated, APO 1",Normal,2,17,Cola,9
201820,"Deprecated, APO 1",Normal,2,17,No asistió,1
201820,"Deprecated, APO 1",Normal,3,9,Atendida,33
201820,"Deprecated, APO 1",Normal,3,9,Cancelada,12
201820,"Deprecated, APO 1",Normal,3,9,Cola,14
201820,"Deprecated, APO 1",Normal,3,9,No asistió,1
201820,"Deprecated, APO 1",Normal,3,10,Atendida,41
201820,"Deprecated, APO 1",Normal,3,10,Cancelada,25
201820,"Deprecated, APO 1",Normal,3,10,Cola,22
201820,"Deprecated, APO 1",Normal,3,10,No asistió,8
201820,"Deprecated, APO 1",Normal,3,11,Atendida,52
201820,"Deprecated, APO 1",Normal,3,11,Cancelada,13
201820,"Deprecated, APO 1",Normal,3,11,Cola,16
201820,"Deprecated, APO 1",Normal,3,11,No asistió,3
201820,"Deprecated, APO 1",Normal,3,13,Atendida,40
201820,"Deprecated, APO 1",Normal,3,13,Cancelada,22
201820,"Deprecated, APO 1",Normal,3,13,Cola,12
201820,"Deprecated, APO 1",Normal,3,13,No asistió,5
201820,"Deprecated, APO 1",Normal,3,14,Abierta,1
201820,"Deprecated, APO 1",Normal,3,14,Atendida,33
201820,"Deprecated, APO 1",Normal,3,14,Cancelada,14
201820,"Deprecated, APO 1",Normal,3,14,Cola,21
201820,"Deprecated, APO 1",Normal,3,14,No asistió,2
201820,"Deprecated, APO 1",Normal,3,16,Abierta,1
201820,"Deprecated, APO 1",Normal,3,16,Atendida,55
201820,"Deprecated, APO 1",Normal,3,16,Cancelada,21
201820,"Deprecated, APO 1",Normal,3,16,Cola,14
201820,"Deprecated, APO 1",Normal,3,16,No asistió,5
201820,"Deprecated, APO 1",Normal,3,17,Atendida,22
201820,"Deprecated, APO 1",Normal,3,17,Cancelada,19
201820,"Deprecated, APO 1",Normal,3,17,Cola,10
201820,"Deprecated, APO 1",Normal,4,9,Atendida,26
201820,"Deprecated, APO 1",Normal,4,9,Cancelada,14
201820,"Deprecated, APO 1",Normal,4,9,Cola,18
201820,"Deprecated, APO 1",Normal,4,9,No asistió,1
201820,"Deprecated, APO 1",Normal,4,10,Atendida,43
201820,"Deprecated, APO 1",Normal,4,10,Cancelada,23
201820,"Deprecated, APO 1",Normal,4,10,Cola,17
201820,"Deprecated, APO 1",Normal,4,10,No asistió,4
201820,"Deprecated, APO 1",Normal,4,11,Atendida,22
201820,"Deprecated, APO 1",Normal,4,11,Cancelada,19
201820,"Deprecated, APO 1",Normal,4,11,Cola,17
201820,"Deprecated, APO 1",Normal,4,11,No asistió,1
201820,"Deprecated, APO 1",Normal,4,13,Atendida,36
201820,"Deprecated, APO 1",Normal,4,13,Cancelada,17
201820,"Deprecated, APO 1",Normal,4,13,Cola,7
201820,"Deprecated, APO 1",Normal,4,13,No asistió,2
201820,"Deprecated, APO 1",Normal,4,14,Atendida,34
201820,"Deprecated, APO 1",Normal,4,14,Cancelada,19
201820,"Deprecated, APO 1",Normal,4,14,Cola,9
201820,"Deprecated, APO 1",Normal,4,14,No asistió,3
201820,"Deprecated, APO 1",Normal,4,16,Atendida,20
201820,"Deprecated, APO 1",Normal,4,16,Cancelada,15
201820,"Deprecated, APO 1",Normal,4,16,Cola,11
201820,"Deprecated, APO 1",Normal,4,16,No asistió,5
201820,"Deprecated, APO 1",Normal,4,17,Atendida,36
201820,"Deprecated, APO 1",Normal,4,17,Cancelada,11
201820,"Deprecated, APO 1",Normal,4,17,Cola,7
201820,"Deprecated, APO 1",Normal,4,17,No asistió,2
201820,"Deprecated, APO 1",Normal,5,9,Atendida,23
201820,"Deprecated, APO 1",Normal,5,9,Cancelada,9
201820,"Deprecated, APO 1",Normal,5,9,Cola,19
201820,"Deprecated, APO 1",Normal,5,9,No asistió,2
201820,"Deprecated, APO 1",Normal,5,10,Atendida,56
201820,"Deprecated, APO 1",Normal,5,10,Cancelada,20
201820,"Deprecated, APO 1",Normal,5,10,Cola,11
201820,"Deprecated, APO 1",Normal,5,10,No asistió,1
201820,"Deprecated, APO 1",Normal,5,11,Atendida,24
201820,"Deprecated, APO 1",Normal,5,11,Cancelada,18
201820,"Deprecated, APO 1",Normal,5,11,Cola,14
201820,"Deprecated, APO 1",Normal,5,11,No asistió,4
201820,"Deprecated, APO 1",Normal,5,13,Atendida,18
201820,"Deprecated, APO 1",Normal,5,13,Cancelada,13
201820,"Deprecated, APO 1",Normal,5,13,Cola,15
201820,"Deprecated, APO 1",Normal,5,13,No asistió,2
201820,"Deprecated, APO 1",Normal,5,14,Atendida,29
201820,"Deprecated, APO 1",Normal,5,14,Cancelada,15
201820,"Deprecated, APO 1",Normal,5,14,Cola,13
201820,"Deprecated, APO 1",Normal,5,14,No asistió,3
201820,"Deprecated, APO 1",Normal,5,16,Atendida,26
201820,"Deprecated, APO 1",Normal,5,16,Cancelada,12
201820,"Deprecated, APO 1",Normal,5,16,Cola,13
201820,"Deprecated, APO 1",Normal,5,16,No asistió,2
201820,"Deprecated, APO 1",Normal,5,17,Atendida,10
201820,"Deprecated, APO 1",Normal,5,17,Cancelada,11
201820,"Deprecated, APO 1",Normal,5,17,Cola,12
201820,"Deprecated, APO 1",Normal,5,17,No asistió,2
201820,"Deprecated, APO 2","Deprecated, Nivelación IP",1,10,Atendida,3
201820,"Deprecated, APO 2","Deprecated, Nivelación IP",1,11,Atendida,4
201820,"Deprecated, APO 2","Deprecated, Nivelación IP",1,11,Cancelada,1
201820,"Deprecated, APO 2","Deprecated, Nivelación IP",1,11,No asistió,1
201820,"Deprecated, APO 2","Deprecated, Nivelación IP",2,14,No asistió,1
201820,"Deprecated, APO 2","Deprecated, Nivelación IP",2,16,Cancelada,1
201820,"Deprecated, APO 2","Deprecated, Nivelación IP",2,16,No asistió,1
201820,"Deprecated, APO 2","Deprecated, Nivelación IP",3,10,Atendida,2
201820,"Deprecated, APO 2","Deprecated, Nivelación IP",3,11,Atendida,1
201820,"Deprecated, APO 2","Deprecated, Nivelación IP",3,11,Cancelada,1
201820,"Deprecated, APO 2","Deprecated, Nivelación IP",3,15,Atendida,1
201820,"Deprecated, APO 2","Deprecated, Nivelación IP",4,10,Atendida,4
201820,"Deprecated, APO 2","Deprecated, Nivelación IP",4,10,Cancelada,1
201820,"Deprecated, APO 2","Deprecated, Nivelación IP",4,10,Cola,2
201820,"Deprecated, APO 2","Deprecated, Nivelación IP",4,11,Atendida,2
201820,"Deprecated, APO 2","Deprecated, Nivelación IP",4,11,Cancelada,1
201820,"Deprecated, APO 2","Deprecated, Nivelación IP",4,12,Cancelada,1
201820,"Deprecated, APO 2","Deprecated, Nivelación IP",4,12,No asistió,1
201820,"Deprecated, APO 2","Deprecated, Nivelación IP",4,14,Atendida,2
201820,"Deprecated, APO 2","Deprecated, Nivelación IP",4,14,No asistió,1
201820,"Deprecated, APO 2","Deprecated, Nivelación IP",4,15,No asistió,1
201820,"Deprecated, APO 2","Deprecated, Nivelación IP",4,16,Atendida,3
201820,"Deprecated, APO 2","Deprecated, Nivelación IP",5,9,No asistió,1
201820,"Deprecated, APO 2","Deprecated, Nivelación IP",5,10,Atendida,3
201820,"Deprecated, APO 2","Deprecated, Nivelación IP",5,10,Cancelada,3
201820,"Deprecated, APO 2","Deprecated, Nivelación IP",5,14,Atendida,4
201820,"Deprecated, APO 2","Deprecated, Nivelación IP",5,14,No asistió,1
201820,"Deprecated, APO 2","Deprecated, Nivelación IP",5,15,Atendida,2
201820,"Deprecated, APO 2","Deprecated, Nivelación IP",5,15,No asistió,2
201820,"Deprecated, APO 2","Deprecated, Nivelación IP",5,16,Atendida,1
201820,"Deprecated, APO 2","Deprecated, Torre Séneca",3,18,Abierta,1
201820,"Deprecated, APO 2","Deprecated, Torre Séneca",3,18,Atendida,3
201820,"Deprecated, APO 2","Deprecated, Torre Séneca",3,19,Atendida,1
201820,"Deprecated, APO 2",Express,1,11,Atendida,5
201820,"Deprecated, APO 2",Express,1,11,Cancelada,3
201820,"Deprecated, APO 2",Express,1,14,Atendida,3
201820,"Deprecated, APO 2",Express,1,14,Cancelada,1
201820,"Deprecated, APO 2",Express,1,14,Cola,2
201820,"Deprecated, APO 2",Express,1,14,No asistió,1
201820,"Deprecated, APO 2",Express,1,15,Atendida,2
201820,"Deprecated, APO 2",Express,1,15,Cancelada,1
201820,"Deprecated, APO 2",Express,1,15,Cola,1
201820,"Deprecated, APO 2",Express,2,12,Atendida,3
201820,"Deprecated, APO 2",Express,2,12,Cancelada,7
201820,"Deprecated, APO 2",Express,2,12,Cola,4
201820,"Deprecated, APO 2",Express,2,12,No asistió,2
201820,"Deprecated, APO 2",Express,2,15,Cancelada,2
201820,"Deprecated, APO 2",Express,2,15,No asistió,1
201820,"Deprecated, APO 2",Express,3,11,Atendida,2
201820,"Deprecated, APO 2",Express,3,11,Cola,1
201820,"Deprecated, APO 2",Express,3,11,No asistió,2
201820,"Deprecated, APO 2",Express,3,14,Atendida,5
201820,"Deprecated, APO 2",Express,3,14,Cancelada,6
201820,"Deprecated, APO 2",Express,3,14,Cola,6
201820,"Deprecated, APO 2",Express,3,14,No asistió,2
201820,"Deprecated, APO 2",Express,4,12,Atendida,10
201820,"Deprecated, APO 2",Express,4,12,Cancelada,13
201820,"Deprecated, APO 2",Express,4,12,Cola,3
201820,"Deprecated, APO 2",Express,4,12,No asistió,4
201820,"Deprecated, APO 2",Express,5,11,Atendida,12
201820,"Deprecated, APO 2",Express,5,11,Cancelada,5
201820,"Deprecated, APO 2",Express,5,11,Cola,3
201820,"Deprecated, APO 2",Express,5,11,No asistió,1
201820,"Deprecated, APO 2",Express,5,14,Atendida,7
201820,"Deprecated, APO 2",Express,5,14,Cancelada,3
201820,"Deprecated, APO 2",Express,5,14,Cola,3
201820,"Deprecated, APO 2",Express,5,14,No asistió,2
201820,"Deprecated, APO 2",Express,5,15,Atendida,1
201820,"Deprecated, APO 2",Express,5,15,Cancelada,2
201820,"Deprecated, APO 2",Express,5,15,Cola,1
201820,"Deprecated, APO 2",Normal,1,9,Atendida,1
201820,"Deprecated, APO 2",Normal,1,10,Atendida,4
201820,"Deprecated, APO 2",Normal,1,10,Cancelada,3
201820,"Deprecated, APO 2",Normal,1,10,Cola,3
201820,"Deprecated, APO 2",Normal,1,11,Atendida,4
201820,"Deprecated, APO 2",Normal,1,11,Cancelada,4
201820,"Deprecated, APO 2",Normal,1,11,Cola,1
201820,"Deprecated, APO 2",Normal,1,13,Atendida,1
201820,"Deprecated, APO 2",Normal,1,13,Cola,2
201820,"Deprecated, APO 2",Normal,1,14,Atendida,7
201820,"Deprecated, APO 2",Normal,1,14,Cancelada,5
201820,"Deprecated, APO 2",Normal,1,14,Cola,4
201820,"Deprecated, APO 2",Normal,1,14,No asistió,1
201820,"Deprecated, APO 2",Normal,1,16,Atendida,3
201820,"Deprecated, APO 2",Normal,1,16,Cancelada,4
201820,"Deprecated, APO 2",Normal,1,16,Cola,2
201820,"Deprecated, APO 2",Normal,1,16,No asistió,2
201820,"Deprecated, APO 2",Normal,1,17,Atendida,4
201820,"Deprecated, APO 2",Normal,1,17,Cancelada,2
201820,"Deprecated, APO 2",Normal,1,17,Cola,3
201820,"Deprecated, APO 2",Normal,1,17,No asistió,1
201820,"Deprecated, APO 2",Normal,2,9,Atendida,1
201820,"Deprecated, APO 2",Normal,2,9,Cancelada,4
201820,"Deprecated, APO 2",Normal,2,9,Cola,8
201820,"Deprecated, APO 2",Normal,2,9,No asistió,2
201820,"Deprecated, APO 2",Normal,2,10,Atendida,8
201820,"Deprecated, APO 2",Normal,2,10,Cancelada,2
201820,"Deprecated, APO 2",Normal,2,10,Cola,10
201820,"Deprecated, APO 2",Normal,2,11,Atendida,1
201820,"Deprecated, APO 2",Normal,2,11,Cola,2
201820,"Deprecated, APO 2",Normal,2,13,Atendida,8
201820,"Deprecated, APO 2",Normal,2,13,Cancelada,4
201820,"Deprecated, APO 2",Normal,2,13,Cola,8
201820,"Deprecated, APO 2",Normal,2,14,Atendida,9
201820,"Deprecated, APO 2",Normal,2,14,Cancelada,5
201820,"Deprecated, APO 2",Normal,2,14,Cola,5
201820,"Deprecated, APO 2",Normal,2,16,Atendida,4
201820,"Deprecated, APO 2",Normal,2,16,Cancelada,7
201820,"Deprecated, APO 2",Normal,2,16,Cola,3
201820,"Deprecated, APO 2",Normal,3,9,Cola,1
201820,"Deprecated, APO 2",Normal,3,10,Atendida,8
201820,"Deprecated, APO 2",Normal,3,10,Cancelada,4
201820,"Deprecated, APO 2",Normal,3,10,Cola,9
201820,"Deprecated, APO 2",Normal,3,10,No asistió,1
201820,"Deprecated, APO 2",Normal,3,11,Cancelada,2
201820,"Deprecated, APO 2",Normal,3,11,Cola,3
201820,"Deprecated, APO 2",Normal,3,14,Atendida,5
201820,"Deprecated, APO 2",Normal,3,14,Cancelada,5
201820,"Deprecated, APO 2",Normal,3,14,Cola,9
201820,"Deprecated, APO 2",Normal,3,14,No asistió,1
201820,"Deprecated, APO 2",Normal,4,9,Atendida,2
201820,"Deprecated, APO 2",Normal,4,9,Cancelada,3
201820,"Deprecated, APO 2",Normal,4,9,Cola,3
201820,"Deprecated, APO 2",Normal,4,9,No asistió,1
201820,"Deprecated, APO 2",Normal,4,10,Atendida,10
201820,"Deprecated, APO 2",Normal,4,10,Cancelada,7
201820,"Deprecated, APO 2",Normal,4,10,Cola,6
201820,"Deprecated, APO 2",Normal,4,10,No asistió,4
201820,"Deprecated, APO 2",Normal,4,13,Atendida,9
201820,"Deprecated, APO 2",Normal,4,13,Cancelada,4
201820,"Deprecated, APO 2",Normal,4,13,Cola,5
201820,"Deprecated, APO 2",Normal,4,13,No asistió,1
201820,"Deprecated, APO 2",Normal,5,9,Cancelada,1
201820,"Deprecated, APO 2",Normal,5,9,Cola,1
201820,"Deprecated, APO 2",Normal,5,10,Atendida,2
201820,"Deprecated, APO 2",Normal,5,10,Cancelada,1
201820,"Deprecated, APO 2",Normal,5,10,Cola,2
201820,"Deprecated, APO 2",Normal,5,11,Atendida,9
201820,"Deprecated, APO 2",Normal,5,11,Cancelada,7
201820,"Deprecated, APO 2",Normal,5,11,Cola,10
201820,"Deprecated, APO 2",Normal,5,11,No asistió,2
201820,"Deprecated, APO 2",Normal,5,14,Atendida,9
201820,"Deprecated, APO 2",Normal,5,14,Cancelada,4
201820,"Deprecated, APO 2",Normal,5,14,Cola,4
201820,"Deprecated, APO 2",Normal,5,14,No asistió,1
201820,"Deprecated, APO 2",Normal,5,16,Atendida,2
201820,"Deprecated, APO 2",Normal,5,16,Cancelada,2
201820,"Deprecated, APO 2",Normal,5,16,Cola,1
201820,"Deprecated, Apoyo",Express,1,12,Atendida,2
201820,"Deprecated, Apoyo",Express,1,12,Cancelada,1
201820,"Deprecated, Apoyo",Express,1,15,Atendida,1
201820,"Deprecated, Apoyo",Express,1,15,Cola,1
201820,"Deprecated, Apoyo",Express,2,11,Atendida,4
201820,"Deprecated, Apoyo",Express,2,11,Cancelada,1
201820,"Deprecated, Apoyo",Express,2,11,Cola,1
201820,"Deprecated, Apoyo",Express,2,12,Cola,1
201820,"Deprecated, Apoyo",Express,3,11,Atendida,2
201820,"Deprecated, Apoyo",Express,3,11,Cancelada,1
201820,"Deprecated, Apoyo",Express,3,15,Atendida,1
201820,"Deprecated, Apoyo",Express,4,11,Atendida,1
201820,"Deprecated, Apoyo",Express,4,12,Cancelada,1
201820,"Deprecated, Apoyo",Express,5,11,Cancelada,1
201820,"Deprecated, Apoyo",Express,5,11,Cola,1
201820,"Deprecated, Apoyo",Express,5,14,Atendida,3
201820,"Deprecated, Apoyo",Express,5,14,Cancelada,1
201820,"Deprecated, Apoyo",Normal,1,10,No asistió,1
201820,"Deprecated, Apoyo",Normal,1,11,Atendida,1
201820,"Deprecated, Apoyo",Normal,1,11,Cancelada,3
201820,"Deprecated, Apoyo",Normal,1,13,Atendida,1
201820,"Deprecated, Apoyo",Normal,1,13,Cancelada,1
201820,"Deprecated, Apoyo",Normal,1,16,Atendida,1
201820,"Deprecated, Apoyo",Normal,1,16,Cola,1
201820,"Deprecated, Apoyo",Normal,1,17,Cancelada,2
201820,"Deprecated, Apoyo",Normal,1,17,Cola,1
201820,"Deprecated, Apoyo",Normal,2,9,Atendida,3
201820,"Deprecated, Apoyo",Normal,2,9,Cancelada,1
201820,"Deprecated, Apoyo",Normal,2,9,Cola,3
201820,"Deprecated, Apoyo",Normal,2,10,Atendida,1
201820,"Deprecated, Apoyo",Normal,2,10,Cancelada,1
201820,"Deprecated, Apoyo",Normal,2,11,Cancelada,4
201820,"Deprecated, Apoyo",Normal,2,11,Cola,3
201820,"Deprecated, Apoyo",Normal,2,13,Cancelada,1
201820,"Deprecated, Apoyo",Normal,2,13,Cola,1
201820,"Deprecated, Apoyo",Normal,2,16,Cancelada,2
201820,"Deprecated, Apoyo",Normal,2,16,Cola,1
201820,"Deprecated, Apoyo",Normal,2,17,Cola,1
201820,"Deprecated, Apoyo",Normal,3,9,Atendida,1
201820,"Deprecated, Apoyo",Normal,3,9,Cola,3
201820,"Deprecated, Apoyo",Normal,3,9,No asistió,2
201820,"Deprecated, Apoyo",Normal,3,10,Atendida,1
201820,"Deprecated, Apoyo",Normal,3,10,Cola,4
201820,"Deprecated, Apoyo",Normal,3,11,Cancelada,2
201820,"Deprecated, Apoyo",Normal,3,13,Atendida,4
201820,"Deprecated, Apoyo",Normal,3,13,Cancelada,2
201820,"Deprecated, Apoyo",Normal,3,16,Cancelada,1
201820,"Deprecated, Apoyo",Normal,4,9,Cancelada,1
201820,"Deprecated, Apoyo",Normal,4,10,Cancelada,1
201820,"Deprecated, Apoyo",Normal,4,13,Atendida,2
201820,"Deprecated, Apoyo",Normal,4,13,Cancelada,1
201820,"Deprecated, Apoyo",Normal,4,14,Cancelada,2
201820,"Deprecated, Apoyo",Normal,4,17,Cancelada,2
201820,"Deprecated, Apoyo",Normal,4,17,No asistió,1
201820,"Deprecated, Apoyo",Normal,5,9,Atendida,1
201820,"Deprecated, Apoyo",Normal,5,9,Cancelada,2
201820,"Deprecated, Apoyo",Normal,5,10,Atendida,1
201820,"Deprecated, Apoyo",Normal,5,10,Cancelada,2
201820,"Deprecated, Apoyo",Normal,5,13,Atendida,1
201820,"Deprecated, Apoyo",Normal,5,13,Cancelada,1
201820,"Deprecated, Apoyo",Normal,5,13,Cola,1
201820,"Deprecated, Apoyo",Normal,5,14,Atendida,3
201820,"Deprecated, Apoyo",Normal,5,14,Cancelada,1
201820,"Deprecated, Apoyo",Normal,5,17,Atendida,1
201820,"Deprecated, Apoyo",Normal,5,17,Cola,1
201820,"Deprecated, IP Nivelación","Deprecated, Nivelación IP",1,10,No asistió,1
201820,"Deprecated, IP Nivelación","Deprecated, Nivelación IP",5,15,No asistió,1
201820,"Deprecated, IP Nivelación","Deprecated, Torre Séneca",3,18,Atendida,1
201820,"Deprecated, IP Nivelación",Express,1,15,Atendida,1
201820,"Deprecated, IP Nivelación",Normal,2,13,Atendida,1
201820,"Deprecated, IP Nivelación",Normal,3,10,Cola,1
201820,"Deprecated, IP Nivelación",Normal,3,14,Cola,1
201820,"Deprecated, IP Nivelación",Normal,4,9,Cola,1
201820,"Deprecated, IP Nivelación",Normal,5,11,Cola,1
201820,Entrevista,Entrevistas,1,10,Atendida,2
201820,Entrevista,Entrevistas,1,10,Cancelada,1
201820,Entrevista,Entrevistas,1,11,Atendida,4
201820,Entrevista,Entrevistas,1,11,Cancelada,1
201820,Entrevista,Entrevistas,1,11,Cola,2
201820,Entrevista,Entrevistas,1,12,Atendida,4
201820,Entrevista,Entrevistas,1,12,Cancelada,1
201820,Entrevista,Entrevistas,1,12,Cola,1
201820,Entrevista,Entrevistas,1,13,Atendida,3
201820,Entrevista,Entrevistas,1,14,Atendida,3
201820,Entrevista,Entrevistas,1,15,Atendida,3
201820,Entrevista,Entrevistas,1,15,Cancelada,1
201820,Entrevista,Entrevistas,1,15,Cola,2
201820,Entrevista,Entrevistas,1,16,Atendida,2
201820,Entrevista,Entrevistas,2,8,Atendida,3
201820,Entrevista,Entrevistas,2,11,Atendida,1
201820,Entrevista,Entrevistas,2,12,Atendida,2
201820,Entrevista,Entrevistas,3,9,Atendida,3
201820,Entrevista,Entrevistas,3,9,Cancelada,1
201820,Entrevista,Entrevistas,3,10,Atendida,4
201820,Entrevista,Entrevistas,3,10,Cancelada,1
201820,Entrevista,Entrevistas,3,11,Atendida,4
201820,Entrevista,Entrevistas,3,12,Atendida,2
201820,Entrevista,Entrevistas,4,9,Atendida,1
201820,Entrevista,Entrevistas,4,11,Atendida,2
201820,Entrevista,Entrevistas,4,11,Cancelada,1
201820,Entrevista,Entrevistas,4,12,Atendida,1
201820,Entrevista,Entrevistas,5,15,Atendida,1
201820,Entrevista,Entrevistas,5,15,Cancelada,1
201820,Entrevista,Entrevistas,5,16,Abierta,1
201820,Entrevista,Entrevistas,5,17,Atendida,1
201820,Entrevista,Entrevistas,5,17,Cola,1
201820,Sala,Sala,1,11,Atendida,1
201820,Sala,Sala,1,14,Atendida,3
201820,Sala,Sala,1,16,Atendida,1
201820,Sala,Sala,2,11,Abierta,2
201820,Sala,Sala,2,11,Atendida,1
201820,Sala,Sala,2,13,Abierta,1
201820,Sala,Sala,2,13,Atendida,3
201820,Sala,Sala,2,14,Atendida,2
201820,Sala,Sala,2,16,Atendida,2
201820,Sala,Sala,3,10,Abierta,1
201820,Sala,Sala,3,10,Atendida,2
201820,Sala,Sala,3,11,Abierta,1
201820,Sala,Sala,3,11,Atendida,3
201820,Sala,Sala,3,13,Abierta,1
201820,Sala,Sala,3,14,Abierta,1
201820,Sala,Sala,3,14,Cola,1
201820,Sala,Sala,3,16,Atendida,1
201820,Sala,Sala,4,10,Abierta,1
201820,Sala,Sala,4,13,Atendida,1
201820,Sala,Sala,4,14,Abierta,2
201820,Sala,Sala,4,14,Cancelada,1
201820,Sala,Sala,5,10,Abierta,1
201820,Sala,Sala,5,11,Abierta,2
201820,Sala,Sala,5,14,Atendida,2
201820,Sala,Sala,5,16,Abierta,1
201910,"Deprecated, APO 1","Deprecated, Grupal",1,13,Atendida,9
201910,"Deprecated, APO 1","Deprecated, Grupal",1,13,Cancelada,2
201910,"Deprecated, APO 1","Deprecated, Grupal",1,13,Cola,2
201910,"Deprecated, APO 1","Deprecated, Grupal",2,14,Atendida,7
201910,"Deprecated, APO 1","Deprecated, Grupal",2,14,Cancelada,5
201910,"Deprecated, APO 1","Deprecated, Grupal",3,14,Atendida,6
201910,"Deprecated, APO 1","Deprecated, Grupal",3,14,Cancelada,4
201910,"Deprecated, APO 1","Deprecated, Grupal",3,14,Cola,3
201910,"Deprecated, APO 1","Deprecated, Grupal",3,14,No asistió,4
201910,"Deprecated, APO 1","Deprecated, Grupal",4,9,Atendida,6
201910,"Deprecated, APO 1","Deprecated, Grupal",4,9,Cancelada,3
201910,"Deprecated, APO 1","Deprecated, Torre Séneca",2,18,Atendida,13
201910,"Deprecated, APO 1","Deprecated, Torre Séneca",2,18,Cancelada,3
201910,"Deprecated, APO 1","Deprecated, Torre Séneca",2,18,No asistió,9
201910,"Deprecated, APO 1","Deprecated, Torre Séneca",2,19,Atendida,2
201910,"Deprecated, APO 1","Deprecated, Torre Séneca",2,19,Cancelada,2
201910,"Deprecated, APO 1","Deprecated, Torre Séneca",2,19,No asistió,8
201910,"Deprecated, APO 1",Express,1,11,Atendida,44
201910,"Deprecated, APO 1",Express,1,11,Cancelada,18
201910,"Deprecated, APO 1",Express,1,11,Cola,12
201910,"Deprecated, APO 1",Express,1,11,No asistió,4
201910,"Deprecated, APO 1",Express,1,12,Atendida,36
201910,"Deprecated, APO 1",Express,1,12,Cancelada,16
201910,"Deprecated, APO 1",Express,1,12,Cola,17
201910,"Deprecated, APO 1",Express,1,12,No asistió,3
201910,"Deprecated, APO 1",Express,1,14,Atendida,37
201910,"Deprecated, APO 1",Express,1,14,Cancelada,18
201910,"Deprecated, APO 1",Express,1,14,Cola,13
201910,"Deprecated, APO 1",Express,1,15,Atendida,41
201910,"Deprecated, APO 1",Express,1,15,Cancelada,23
201910,"Deprecated, APO 1",Express,1,15,Cola,10
201910,"Deprecated, APO 1",Express,1,15,No asistió,2
201910,"Deprecated, APO 1",Express,2,11,Atendida,24
201910,"Deprecated, APO 1",Express,2,11,Cancelada,31
201910,"Deprecated, APO 1",Express,2,11,Cola,20
201910,"Deprecated, APO 1",Express,2,11,No asistió,4
201910,"Deprecated, APO 1",Express,2,12,Atendida,31
201910,"Deprecated, APO 1",Express,2,12,Cancelada,25
201910,"Deprecated, APO 1",Express,2,12,Cola,17
201910,"Deprecated, APO 1",Express,2,12,No asistió,4
201910,"Deprecated, APO 1",Express,2,14,Atendida,36
201910,"Deprecated, APO 1",Express,2,14,Cancelada,22
201910,"Deprecated, APO 1",Express,2,14,Cola,18
201910,"Deprecated, APO 1",Express,2,14,No asistió,4
201910,"Deprecated, APO 1",Express,2,15,Atendida,28
201910,"Deprecated, APO 1",Express,2,15,Cancelada,25
201910,"Deprecated, APO 1",Express,2,15,Cola,17
201910,"Deprecated, APO 1",Express,2,15,No asistió,8
201910,"Deprecated, APO 1",Express,3,11,Atendida,35
201910,"Deprecated, APO 1",Express,3,11,Cancelada,30
201910,"Deprecated, APO 1",Express,3,11,Cola,15
201910,"Deprecated, APO 1",Express,3,11,No asistió,2
201910,"Deprecated, APO 1",Express,3,12,Atendida,31
201910,"Deprecated, APO 1",Express,3,12,Cancelada,27
201910,"Deprecated, APO 1",Express,3,12,Cola,16
201910,"Deprecated, APO 1",Express,3,12,No asistió,4
201910,"Deprecated, APO 1",Express,3,14,Atendida,18
201910,"Deprecated, APO 1",Express,3,14,Cancelada,20
201910,"Deprecated, APO 1",Express,3,14,Cola,17
201910,"Deprecated, APO 1",Express,3,14,No asistió,3
201910,"Deprecated, APO 1",Express,3,15,Atendida,15
201910,"Deprecated, APO 1",Express,3,15,Cancelada,15
201910,"Deprecated, APO 1",Express,3,15,Cola,15
201910,"Deprecated, APO 1",Express,3,15,No asistió,1
201910,"Deprecated, APO 1",Express,4,11,Atendida,30
201910,"Deprecated, APO 1",Express,4,11,Cancelada,26
201910,"Deprecated, APO 1",Express,4,11,Cola,16
201910,"Deprecated, APO 1",Express,4,11,No asistió,3
201910,"Deprecated, APO 1",Express,4,12,Atendida,28
201910,"Deprecated, APO 1",Express,4,12,Cancelada,23
201910,"Deprecated, APO 1",Express,4,12,Cola,12
201910,"Deprecated, APO 1",Express,4,12,No asistió,2
201910,"Deprecated, APO 1",Express,4,14,Atendida,14
201910,"Deprecated, APO 1",Express,4,14,Cancelada,17
201910,"Deprecated, APO 1",Express,4,14,Cola,11
201910,"Deprecated, APO 1",Express,4,14,No asistió,4
201910,"Deprecated, APO 1",Express,4,15,Atendida,11
201910,"Deprecated, APO 1",Express,4,15,Cancelada,15
201910,"Deprecated, APO 1",Express,4,15,Cola,7
201910,"Deprecated, APO 1",Express,4,15,No asistió,1
201910,"Deprecated, APO 1",Express,5,11,Atendida,19
201910,"Deprecated, APO 1",Express,5,11,Cancelada,23
201910,"Deprecated, APO 1",Express,5,11,Cola,13
201910,"Deprecated, APO 1",Express,5,11,No asistió,1
201910,"Deprecated, APO 1",Express,5,12,Atendida,19
201910,"Deprecated, APO 1",Express,5,12,Cancelada,24
201910,"Deprecated, APO 1",Express,5,12,Cola,13
201910,"Deprecated, APO 1",Express,5,12,No asistió,2
201910,"Deprecated, APO 1",Express,5,14,Atendida,11
201910,"Deprecated, APO 1",Express,5,14,Cancelada,8
201910,"Deprecated, APO 1",Express,5,14,Cola,5
201910,"Deprecated, APO 1",Express,5,15,Atendida,9
201910,"Deprecated, APO 1",Express,5,15,Cancelada,14
201910,"Deprecated, APO 1",Express,5,15,Cola,12
201910,"Deprecated, APO 1",Express,5,15,No asistió,2
201910,"Deprecated, APO 1",Normal,1,9,Atendida,43
201910,"Deprecated, APO 1",Normal,1,9,Cancelada,19
201910,"Deprecated, APO 1",Normal,1,9,Cola,13
201910,"Deprecated, APO 1",Normal,1,9,No asistió,3
201910,"Deprecated, APO 1",Normal,1,10,Atendida,47
201910,"Deprecated, APO 1",Normal,1,10,Cancelada,18
201910,"Deprecated, APO 1",Normal,1,10,Cola,15
201910,"Deprecated, APO 1",Normal,1,10,No asistió,4
201910,"Deprecated, APO 1",Normal,1,11,Atendida,51
201910,"Deprecated, APO 1",Normal,1,11,Cancelada,20
201910,"Deprecated, APO 1",Normal,1,11,Cola,14
201910,"Deprecated, APO 1",Normal,1,11,No asistió,5
201910,"Deprecated, APO 1",Normal,1,13,Atendida,43
201910,"Deprecated, APO 1",Normal,1,13,Cancelada,19
201910,"Deprecated, APO 1",Normal,1,13,Cola,14
201910,"Deprecated, APO 1",Normal,1,13,No asistió,2
201910,"Deprecated, APO 1",Normal,1,14,Atendida,36
201910,"Deprecated, APO 1",Normal,1,14,Cancelada,17
201910,"Deprecated, APO 1",Normal,1,14,Cola,13
201910,"Deprecated, APO 1",Normal,1,14,No asistió,2
201910,"Deprecated, APO 1",Normal,1,16,Atendida,39
201910,"Deprecated, APO 1",Normal,1,16,Cancelada,14
201910,"Deprecated, APO 1",Normal,1,16,Cola,16
201910,"Deprecated, APO 1",Normal,1,16,No asistió,5
201910,"Deprecated, APO 1",Normal,1,17,Atendida,36
201910,"Deprecated, APO 1",Normal,1,17,Cancelada,18
201910,"Deprecated, APO 1",Normal,1,17,Cola,11
201910,"Deprecated, APO 1",Normal,1,17,No asistió,5
201910,"Deprecated, APO 1",Normal,2,9,Atendida,21
201910,"Deprecated, APO 1",Normal,2,9,Cancelada,13
201910,"Deprecated, APO 1",Normal,2,9,Cola,16
201910,"Deprecated, APO 1",Normal,2,10,Atendida,43
201910,"Deprecated, APO 1",Normal,2,10,Cancelada,19
201910,"Deprecated, APO 1",Normal,2,10,Cola,20
201910,"Deprecated, APO 1",Normal,2,10,No asistió,1
201910,"Deprecated, APO 1",Normal,2,11,Atendida,39
201910,"Deprecated, APO 1",Normal,2,11,Cancelada,16
201910,"Deprecated, APO 1",Normal,2,11,Cola,14
201910,"Deprecated, APO 1",Normal,2,11,No asistió,1
201910,"Deprecated, APO 1",Normal,2,13,Atendida,34
201910,"Deprecated, APO 1",Normal,2,13,Cancelada,15
201910,"Deprecated, APO 1",Normal,2,13,Cola,25
201910,"Deprecated, APO 1",Normal,2,13,No asistió,5
201910,"Deprecated, APO 1",Normal,2,14,Atendida,49
201910,"Deprecated, APO 1",Normal,2,14,Cancelada,24
201910,"Deprecated, APO 1",Normal,2,14,Cola,15
201910,"Deprecated, APO 1",Normal,2,14,No asistió,4
201910,"Deprecated, APO 1",Normal,2,16,Atendida,35
201910,"Deprecated, APO 1",Normal,2,16,Cancelada,27
201910,"Deprecated, APO 1",Normal,2,16,Cola,13
201910,"Deprecated, APO 1",Normal,2,16,No asistió,4
201910,"Deprecated, APO 1",Normal,2,17,Atendida,12
201910,"Deprecated, APO 1",Normal,2,17,Cancelada,5
201910,"Deprecated, APO 1",Normal,2,17,Cola,12
201910,"Deprecated, APO 1",Normal,3,9,Atendida,28
201910,"Deprecated, APO 1",Normal,3,9,Cancelada,17
201910,"Deprecated, APO 1",Normal,3,9,Cola,12
201910,"Deprecated, APO 1",Normal,3,9,No asistió,4
201910,"Deprecated, APO 1",Normal,3,10,Atendida,58
201910,"Deprecated, APO 1",Normal,3,10,Cancelada,28
201910,"Deprecated, APO 1",Normal,3,10,Cola,14
201910,"Deprecated, APO 1",Normal,3,10,No asistió,4
201910,"Deprecated, APO 1",Normal,3,11,Atendida,33
201910,"Deprecated, APO 1",Normal,3,11,Cancelada,17
201910,"Deprecated, APO 1",Normal,3,11,Cola,12
201910,"Deprecated, APO 1",Normal,3,13,Atendida,39
201910,"Deprecated, APO 1",Normal,3,13,Cancelada,18
201910,"Deprecated, APO 1",Normal,3,13,Cola,21
201910,"Deprecated, APO 1",Normal,3,13,No asistió,6
201910,"Deprecated, APO 1",Normal,3,14,Atendida,20
201910,"Deprecated, APO 1",Normal,3,14,Cancelada,12
201910,"Deprecated, APO 1",Normal,3,14,Cola,18
201910,"Deprecated, APO 1",Normal,3,14,No asistió,2
201910,"Deprecated, APO 1",Normal,3,16,Atendida,17
201910,"Deprecated, APO 1",Normal,3,16,Cancelada,17
201910,"Deprecated, APO 1",Normal,3,16,Cola,16
201910,"Deprecated, APO 1",Normal,3,16,No asistió,1
201910,"Deprecated, APO 1",Normal,3,17,Atendida,31
201910,"Deprecated, APO 1",Normal,3,17,Cancelada,16
201910,"Deprecated, APO 1",Normal,3,17,Cola,20
201910,"Deprecated, APO 1",Normal,3,17,No asistió,3
201910,"Deprecated, APO 1",Normal,4,9,Atendida,23
201910,"Deprecated, APO 1",Normal,4,9,Cancelada,30
201910,"Deprecated, APO 1",Normal,4,9,Cola,17
201910,"Deprecated, APO 1",Normal,4,9,No asistió,4
201910,"Deprecated, APO 1",Normal,4,10,Atendida,36
201910,"Deprecated, APO 1",Normal,4,10,Cancelada,26
201910,"Deprecated, APO 1",Normal,4,10,Cola,24
201910,"Deprecated, APO 1",Normal,4,10,No asistió,10
201910,"Deprecated, APO 1",Normal,4,11,Atendida,23
201910,"Deprecated, APO 1",Normal,4,11,Cancelada,20
201910,"Deprecated, APO 1",Normal,4,11,Cola,16
201910,"Deprecated, APO 1",Normal,4,11,No asistió,1
201910,"Deprecated, APO 1",Normal,4,13,Atendida,33
201910,"Deprecated, APO 1",Normal,4,13,Cancelada,24
201910,"Deprecated, APO 1",Normal,4,13,Cola,16
201910,"Deprecated, APO 1",Normal,4,13,No asistió,6
201910,"Deprecated, APO 1",Normal,4,14,Atendida,27
201910,"Deprecated, APO 1",Normal,4,14,Cancelada,22
201910,"Deprecated, APO 1",Normal,4,14,Cola,17
201910,"Deprecated, APO 1",Normal,4,14,No asistió,1
201910,"Deprecated, APO 1",Normal,4,16,Atendida,26
201910,"Deprecated, APO 1",Normal,4,16,Cancelada,22
201910,"Deprecated, APO 1",Normal,4,16,Cola,13
201910,"Deprecated, APO 1",Normal,4,16,No asistió,4
201910,"Deprecated, APO 1",Normal,4,17,Atendida,11
201910,"Deprecated, APO 1",Normal,4,17,Cancelada,9
201910,"Deprecated, APO 1",Normal,4,17,Cola,7
201910,"Deprecated, APO 1",Normal,4,17,No asistió,1
201910,"Deprecated, APO 1",Normal,5,9,Atendida,17
201910,"Deprecated, APO 1",Normal,5,9,Cancelada,7
201910,"Deprecated, APO 1",Normal,5,9,Cola,16
201910,"Deprecated, APO 1",Normal,5,9,No asistió,1
201910,"Deprecated, APO 1",Normal,5,10,Atendida,19
201910,"Deprecated, APO 1",Normal,5,10,Cancelada,19
201910,"Deprecated, APO 1",Normal,5,10,Cola,23
201910,"Deprecated, APO 1",Normal,5,10,No asistió,6
201910,"Deprecated, APO 1",Normal,5,11,Atendida,20
201910,"Deprecated, APO 1",Normal,5,11,Cancelada,23
201910,"Deprecated, APO 1",Normal,5,11,Cola,18
201910,"Deprecated, APO 1",Normal,5,11,No asistió,5
201910,"Deprecated, APO 1",Normal,5,13,Atendida,17
201910,"Deprecated, APO 1",Normal,5,13,Cancelada,25
201910,"Deprecated, APO 1",Normal,5,13,Cola,10
201910,"Deprecated, APO 1",Normal,5,13,No asistió,4
201910,"Deprecated, APO 1",Normal,5,14,Atendida,7
201910,"Deprecated, APO 1",Normal,5,14,Cancelada,8
201910,"Deprecated, APO 1",Normal,5,14,Cola,6
201910,"Deprecated, APO 1",Normal,5,14,No asistió,3
201910,"Deprecated, APO 1",Normal,5,16,Atendida,14
201910,"Deprecated, APO 1",Normal,5,16,Cancelada,16
201910,"Deprecated, APO 1",Normal,5,16,Cola,17
201910,"Deprecated, APO 1",Normal,5,16,No asistió,3
201910,"Deprecated, APO 1",Normal,5,17,Atendida,2
201910,"Deprecated, APO 1",Normal,5,17,Cancelada,1
201910,"Deprecated, APO 1",Normal,5,17,Cola,1
201910,"Deprecated, APO 2","Deprecated, Torre Séneca",2,18,Cancelada,4
201910,"Deprecated, APO 2","Deprecated, Torre Séneca",2,19,Atendida,1
201910,"Deprecated, APO 2","Deprecated, Torre Séneca",2,19,Cancelada,3
201910,"Deprecated, APO 2","Deprecated, Torre Séneca",2,19,No asistió,2
201910,"Deprecated, APO 2",Express,1,11,Atendida,2
201910,"Deprecated, APO 2",Express,1,11,Cancelada,3
201910,"Deprecated, APO 2",Express,1,11,Cola,4
201910,"Deprecated, APO 2",Express,1,11,No asistió,2
201910,"Deprecated, APO 2",Express,1,12,Atendida,6
201910,"Deprecated, APO 2",Express,1,12,Cancelada,6
201910,"Deprecated, APO 2",Express,1,12,Cola,4
201910,"Deprecated, APO 2",Express,1,12,No asistió,1
201910,"Deprecated, APO 2",Express,1,14,Atendida,3
201910,"Deprecated, APO 2",Express,1,14,Cancelada,4
201910,"Deprecated, APO 2",Express,1,14,Cola,5
201910,"Deprecated, APO 2",Express,1,14,No asistió,1
201910,"Deprecated, APO 2",Express,2,11,Atendida,6
201910,"Deprecated, APO 2",Express,2,11,Cancelada,11
201910,"Deprecated, APO 2",Express,2,11,Cola,5
201910,"Deprecated, APO 2",Express,2,14,Atendida,4
201910,"Deprecated, APO 2",Express,2,14,Cancelada,5
201910,"Deprecated, APO 2",Express,2,14,Cola,5
201910,"Deprecated, APO 2",Express,2,14,No asistió,2
201910,"Deprecated, APO 2",Express,2,15,Atendida,1
201910,"Deprecated, APO 2",Express,2,15,Cancelada,3
201910,"Deprecated, APO 2",Express,2,15,Cola,1
201910,"Deprecated, APO 2",Express,2,15,No asistió,1
201910,"Deprecated, APO 2",Express,3,11,Cancelada,1
201910,"Deprecated, APO 2",Express,3,12,Atendida,4
201910,"Deprecated, APO 2",Express,3,12,Cancelada,6
201910,"Deprecated, APO 2",Express,3,12,Cola,5
201910,"Deprecated, APO 2",Express,3,12,No asistió,1
201910,"Deprecated, APO 2",Express,3,14,Cancelada,1
201910,"Deprecated, APO 2",Express,3,14,Cola,1
201910,"Deprecated, APO 2",Express,3,15,Atendida,3
201910,"Deprecated, APO 2",Express,3,15,Cancelada,1
201910,"Deprecated, APO 2",Express,3,15,Cola,3
201910,"Deprecated, APO 2",Express,4,11,Atendida,5
201910,"Deprecated, APO 2",Express,4,11,Cancelada,11
201910,"Deprecated, APO 2",Express,4,11,Cola,6
201910,"Deprecated, APO 2",Express,4,11,No asistió,2
201910,"Deprecated, APO 2",Express,4,14,Atendida,2
201910,"Deprecated, APO 2",Express,4,14,Cancelada,1
201910,"Deprecated, APO 2",Express,4,14,Cola,2
201910,"Deprecated, APO 2",Express,4,14,No asistió,2
201910,"Deprecated, APO 2",Express,4,15,Atendida,4
201910,"Deprecated, APO 2",Express,4,15,Cancelada,7
201910,"Deprecated, APO 2",Express,4,15,Cola,1
201910,"Deprecated, APO 2",Express,4,15,No asistió,2
201910,"Deprecated, APO 2",Express,5,11,Atendida,7
201910,"Deprecated, APO 2",Express,5,11,Cancelada,2
201910,"Deprecated, APO 2",Express,5,11,Cola,2
201910,"Deprecated, APO 2",Express,5,12,Atendida,3
201910,"Deprecated, APO 2",Express,5,12,Cancelada,3
201910,"Deprecated, APO 2",Express,5,12,Cola,2
201910,"Deprecated, APO 2",Express,5,12,No asistió,1
201910,"Deprecated, APO 2",Normal,1,9,Cancelada,2
201910,"Deprecated, APO 2",Normal,1,9,No asistió,1
201910,"Deprecated, APO 2",Normal,1,10,Atendida,9
201910,"Deprecated, APO 2",Normal,1,10,Cancelada,9
201910,"Deprecated, APO 2",Normal,1,10,Cola,6
201910,"Deprecated, APO 2",Normal,1,11,Atendida,6
201910,"Deprecated, APO 2",Normal,1,11,Cancelada,6
201910,"Deprecated, APO 2",Normal,1,11,Cola,5
201910,"Deprecated, APO 2",Normal,1,13,Atendida,1
201910,"Deprecated, APO 2",Normal,1,13,Cola,2
201910,"Deprecated, APO 2",Normal,1,13,No asistió,1
201910,"Deprecated, APO 2",Normal,1,16,Atendida,3
201910,"Deprecated, APO 2",Normal,1,16,Cancelada,2
201910,"Deprecated, APO 2",Normal,2,10,Atendida,4
201910,"Deprecated, APO 2",Normal,2,10,Cola,4
201910,"Deprecated, APO 2",Normal,2,11,Atendida,6
201910,"Deprecated, APO 2",Normal,2,11,Cancelada,6
201910,"Deprecated, APO 2",Normal,2,11,Cola,5
201910,"Deprecated, APO 2",Normal,2,11,No asistió,1
201910,"Deprecated, APO 2",Normal,2,13,Cancelada,2
201910,"Deprecated, APO 2",Normal,2,13,Cola,1
201910,"Deprecated, APO 2",Normal,2,14,Atendida,7
201910,"Deprecated, APO 2",Normal,2,14,Cancelada,6
201910,"Deprecated, APO 2",Normal,2,14,Cola,5
201910,"Deprecated, APO 2",Normal,2,14,No asistió,1
201910,"Deprecated, APO 2",Normal,2,16,Atendida,7
201910,"Deprecated, APO 2",Normal,2,16,Cancelada,5
201910,"Deprecated, APO 2",Normal,2,16,Cola,3
201910,"Deprecated, APO 2",Normal,3,9,Atendida,5
201910,"Deprecated, APO 2",Normal,3,9,Cancelada,7
201910,"Deprecated, APO 2",Normal,3,9,Cola,3
201910,"Deprecated, APO 2",Normal,3,9,No asistió,3
201910,"Deprecated, APO 2",Normal,3,10,Atendida,6
201910,"Deprecated, APO 2",Normal,3,10,Cancelada,11
201910,"Deprecated, APO 2",Normal,3,10,Cola,8
201910,"Deprecated, APO 2",Normal,3,11,Atendida,1
201910,"Deprecated, APO 2",Normal,3,11,Cola,2
201910,"Deprecated, APO 2",Normal,3,13,Abierta,1
201910,"Deprecated, APO 2",Normal,3,13,Atendida,5
201910,"Deprecated, APO 2",Normal,3,13,Cancelada,10
201910,"Deprecated, APO 2",Normal,3,13,Cola,6
201910,"Deprecated, APO 2",Normal,3,14,Atendida,3
201910,"Deprecated, APO 2",Normal,3,14,Cancelada,4
201910,"Deprecated, APO 2",Normal,3,17,Atendida,1
201910,"Deprecated, APO 2",Normal,3,17,Cola,1
201910,"Deprecated, APO 2",Normal,4,10,Atendida,10
201910,"Deprecated, APO 2",Normal,4,10,Cancelada,12
201910,"Deprecated, APO 2",Normal,4,10,Cola,7
201910,"Deprecated, APO 2",Normal,4,10,No asistió,1
201910,"Deprecated, APO 2",Normal,4,11,Atendida,6
201910,"Deprecated, APO 2",Normal,4,11,Cancelada,7
201910,"Deprecated, APO 2",Normal,4,11,Cola,8
201910,"Deprecated, APO 2",Normal,4,11,No asistió,1
201910,"Deprecated, APO 2",Normal,4,14,Atendida,6
201910,"Deprecated, APO 2",Normal,4,14,Cancelada,6
201910,"Deprecated, APO 2",Normal,4,14,Cola,2
201910,"Deprecated, APO 2",Normal,4,14,No asistió,1
201910,"Deprecated, APO 2",Normal,4,16,Atendida,7
201910,"Deprecated, APO 2",Normal,4,16,Cancelada,13
201910,"Deprecated, APO 2",Normal,4,16,Cola,3
201910,"Deprecated, APO 2",Normal,4,16,No asistió,1
201910,"Deprecated, APO 2",Normal,4,17,Cancelada,1
201910,"Deprecated, APO 2",Normal,4,17,Cola,1
201910,"Deprecated, APO 2",Normal,5,9,Atendida,1
201910,"Deprecated, APO 2",Normal,5,9,Cola,2
201910,"Deprecated, APO 2",Normal,5,10,Atendida,6
201910,"Deprecated, APO 2",Normal,5,10,Cancelada,5
201910,"Deprecated, APO 2",Normal,5,10,Cola,4
201910,"Deprecated, APO 2",Normal,5,10,No asistió,1
201910,"Deprecated, APO 2",Normal,5,11,Atendida,7
201910,"Deprecated, APO 2",Normal,5,11,Cancelada,5
201910,"Deprecated, APO 2",Normal,5,11,Cola,4
201910,"Deprecated, APO 2",Normal,5,13,Atendida,2
201910,"Deprecated, APO 2",Normal,5,13,Cola,2
201910,"Deprecated, APO 2",Normal,5,14,Atendida,2
201910,"Deprecated, Apoyo",Express,1,11,Atendida,3
201910,"Deprecated, Apoyo",Express,1,11,Cola,1
201910,"Deprecated, Apoyo",Express,1,14,Cola,1
201910,"Deprecated, Apoyo",Express,1,15,Atendida,2
201910,"Deprecated, Apoyo",Express,2,11,Atendida,1
201910,"Deprecated, Apoyo",Express,3,11,No asistió,1
201910,"Deprecated, Apoyo",Express,3,15,Atendida,1
201910,"Deprecated, Apoyo",Express,4,11,Atendida,1
201910,"Deprecated, Apoyo",Express,4,12,Atendida,1
201910,"Deprecated, Apoyo",Express,4,14,Atendida,1
201910,"Deprecated, Apoyo",Express,4,14,Cancelada,2
201910,"Deprecated, Apoyo",Express,4,14,Cola,1
201910,"Deprecated, Apoyo",Express,5,11,Cancelada,1
201910,"Deprecated, Apoyo",Normal,1,9,Atendida,1
201910,"Deprecated, Apoyo",Normal,1,9,Cola,1
201910,"Deprecated, Apoyo",Normal,1,11,Atendida,1
201910,"Deprecated, Apoyo",Normal,1,11,Cola,1
201910,"Deprecated, Apoyo",Normal,1,13,Abierta,1
201910,"Deprecated, Apoyo",Normal,1,14,Cancelada,1
201910,"Deprecated, Apoyo",Normal,1,14,Cola,1
201910,"Deprecated, Apoyo",Normal,2,9,Cola,3
201910,"Deprecated, Apoyo",Normal,2,10,Atendida,1
201910,"Deprecated, Apoyo",Normal,2,10,Cola,1
201910,"Deprecated, Apoyo",Normal,2,11,Cola,1
201910,"Deprecated, Apoyo",Normal,2,14,Cola,1
201910,"Deprecated, Apoyo",Normal,2,16,Cola,1
201910,"Deprecated, Apoyo",Normal,3,9,Cola,1
201910,"Deprecated, Apoyo",Normal,3,11,Cancelada,1
201910,"Deprecated, Apoyo",Normal,3,17,Cola,1
201910,"Deprecated, Apoyo",Normal,4,9,Cola,1
201910,"Deprecated, Apoyo",Normal,4,11,Cola,1
201910,"Deprecated, Apoyo",Normal,4,13,Cancelada,1
201910,"Deprecated, Apoyo",Normal,4,13,Cola,1
201910,"Deprecated, Apoyo",Normal,5,9,Cola,1
201910,"Deprecated, Apoyo",Normal,5,10,Cancelada,1
201910,"Deprecated, Apoyo",Normal,5,11,Cola,2
201910,"Deprecated, Apoyo",Normal,5,13,Atendida,2
201910,"Deprecated, Apoyo",Normal,5,16,Cola,2
201910,"Deprecated, IP Nivelación",Express,1,11,Atendida,2
201910,"Deprecated, IP Nivelación",Express,1,11,Cancelada,2
201910,"Deprecated, IP Nivelación",Express,1,11,Cola,2
201910,"Deprecated, IP Nivelación",Express,1,12,Atendida,1
201910,"Deprecated, IP Nivelación",Express,2,11,Atendida,1
201910,"Deprecated, IP Nivelación",Express,2,14,Atendida,2
201910,"Deprecated, IP Nivelación",Express,2,14,Cancelada,3
201910,"Deprecated, IP Nivelación",Express,2,14,Cola,1
201910,"Deprecated, IP Nivelación",Express,2,15,Atendida,2
201910,"Deprecated, IP Nivelación",Express,3,12,Atendida,1
201910,"Deprecated, IP Nivelación",Express,3,14,Cola,1
201910,"Deprecated, IP Nivelación",Express,3,15,Cancelada,1
201910,"Deprecated, IP Nivelación",Express,3,15,Cola,2
201910,"Deprecated, IP Nivelación",Express,4,14,No asistió,1
201910,"Deprecated, IP Nivelación",Express,4,15,Atendida,1
201910,"Deprecated, IP Nivelación",Express,4,15,Cancelada,2
201910,"Deprecated, IP Nivelación",Express,5,11,Cancelada,2
201910,"Deprecated, IP Nivelación",Express,5,12,Atendida,1
201910,"Deprecated, IP Nivelación",Express,5,12,Cancelada,1
201910,"Deprecated, IP Nivelación",Express,5,12,Cola,1
201910,"Deprecated, IP Nivelación",Normal,1,10,Cancelada,1
201910,"Deprecated, IP Nivelación",Normal,1,11,Atendida,2
201910,"Deprecated, IP Nivelación",Normal,1,11,Cancelada,1
201910,"Deprecated, IP Nivelación",Normal,1,11,Cola,3
201910,"Deprecated, IP Nivelación",Normal,2,10,Cola,2
201910,"Deprecated, IP Nivelación",Normal,2,14,Atendida,3
201910,"Deprecated, IP Nivelación",Normal,2,14,Cancelada,3
201910,"Deprecated, IP Nivelación",Normal,2,14,Cola,1
201910,"Deprecated, IP Nivelación",Normal,2,16,Atendida,1
201910,"Deprecated, IP Nivelación",Normal,2,16,Cancelada,1
201910,"Deprecated, IP Nivelación",Normal,2,16,Cola,3
201910,"Deprecated, IP Nivelación",Normal,2,16,No asistió,1
201910,"Deprecated, IP Nivelación",Normal,3,9,Atendida,2
201910,"Deprecated, IP Nivelación",Normal,3,9,Cancelada,1
201910,"Deprecated, IP Nivelación",Normal,3,10,Atendida,2
201910,"Deprecated, IP Nivelación",Normal,3,10,Cancelada,3
201910,"Deprecated, IP Nivelación",Normal,3,10,Cola,2
201910,"Deprecated, IP Nivelación",Normal,3,11,Cancelada,1
201910,"Deprecated, IP Nivelación",Normal,3,13,Atendida,1
201910,"Deprecated, IP Nivelación",Normal,3,13,Cancelada,1
201910,"Deprecated, IP Nivelación",Normal,3,13,Cola,1
201910,"Deprecated, IP Nivelación",Normal,4,10,Cancelada,2
201910,"Deprecated, IP Nivelación",Normal,4,10,Cola,1
201910,"Deprecated, IP Nivelación",Normal,4,11,Cola,1
201910,"Deprecated, IP Nivelación",Normal,4,11,No asistió,1
201910,"Deprecated, IP Nivelación",Normal,4,14,Cancelada,2
201910,"Deprecated, IP Nivelación",Normal,4,16,Atendida,2
201910,"Deprecated, IP Nivelación",Normal,4,16,Cancelada,1
201910,"Deprecated, IP Nivelación",Normal,4,16,Cola,3
201910,"Deprecated, IP Nivelación",Normal,4,16,No asistió,1
201910,"Deprecated, IP Nivelación",Normal,5,10,Atendida,1
201910,"Deprecated, IP Nivelación",Normal,5,10,Cancelada,3
201910,"Deprecated, IP Nivelación",Normal,5,10,Cola,1
201910,"Deprecated, IP Nivelación",Normal,5,13,Cola,2
201910,Entrevista,Entrevistas,1,8,Atendida,1
201910,Entrevista,Entrevistas,1,12,Atendida,2
201910,Entrevista,Entrevistas,2,11,Atendida,1
201910,Entrevista,Entrevistas,2,11,Cancelada,1
201910,Entrevista,Entrevistas,2,13,Cancelada,1
201910,Entrevista,Entrevistas,2,14,Atendida,1
201910,Entrevista,Entrevistas,2,15,Atendida,1
201910,Entrevista,Entrevistas,2,15,Cancelada,1
201910,Entrevista,Entrevistas,3,10,Atendida,1
201910,Entrevista,Entrevistas,3,11,Atendida,2
201910,Entrevista,Entrevistas,3,12,Atendida,1
201910,Entrevista,Entrevistas,3,14,Atendida,2
201910,Entrevista,Entrevistas,3,15,Cancelada,1
201910,Entrevista,Entrevistas,4,9,Atendida,2
201910,Entrevista,Entrevistas,4,9,Cancelada,2
201910,Entrevista,Entrevistas,4,10,Atendida,2
201910,Entrevista,Entrevistas,4,14,Atendida,2
201910,Entrevista,Entrevistas,5,10,Atendida,2
201910,Entrevista,Entrevistas,5,11,Abierta,1
201910,Entrevista,Entrevistas,5,11,Atendida,1
201910,Entrevista,Entrevistas,5,12,Atendida,1
201910,Entrevista,Entrevistas,5,14,Cancelada,2
201910,Entrevista,Entrevistas,5,16,Atendida,1
201910,IP,"Deprecated, Express grupal",1,9,Atendida,2
201910,IP,"Deprecated, Express grupal",1,9,Cancelada,2
201910,IP,"Deprecated, Express grupal",1,10,Atendida,10
201910,IP,"Deprecated, Express grupal",1,10,Cancelada,3
201910,IP,"Deprecated, Express grupal",1,10,No asistió,1
201910,IP,"Deprecated, Express grupal",1,13,Atendida,2
201910,IP,"Deprecated, Express grupal",1,13,Cancelada,1
201910,IP,"Deprecated, Express grupal",1,17,Atendida,4
201910,IP,"Deprecated, Express grupal",1,17,Cancelada,2
201910,IP,"Deprecated, Express grupal",2,9,Atendida,4
201910,IP,"Deprecated, Express grupal",2,9,Cancelada,1
201910,IP,"Deprecated, Express grupal",2,9,Cola,2
201910,IP,"Deprecated, Express grupal",2,9,No asistió,1
201910,IP,"Deprecated, Express grupal",2,11,Atendida,2
201910,IP,"Deprecated, Express grupal",2,13,Atendida,3
201910,IP,"Deprecated, Express grupal",2,13,Cancelada,1
201910,IP,"Deprecated, Express grupal",2,14,Atendida,2
201910,IP,"Deprecated, Express grupal",2,14,Cancelada,1
201910,IP,"Deprecated, Express grupal",2,16,Atendida,11
201910,IP,"Deprecated, Express grupal",2,16,Cancelada,5
201910,IP,"Deprecated, Express grupal",2,16,No asistió,3
201910,IP,"Deprecated, Express grupal",3,9,Atendida,2
201910,IP,"Deprecated, Express grupal",3,9,Cancelada,1
201910,IP,"Deprecated, Express grupal",3,10,Atendida,1
201910,IP,"Deprecated, Express grupal",3,11,Atendida,4
201910,IP,"Deprecated, Express grupal",3,11,Cancelada,3
201910,IP,"Deprecated, Express grupal",3,12,Atendida,2
201910,IP,"Deprecated, Express grupal",3,12,Cancelada,1
201910,IP,"Deprecated, Express grupal",3,12,No asistió,1
201910,IP,"Deprecated, Express grupal",3,13,Atendida,8
201910,IP,"Deprecated, Express grupal",3,13,Cancelada,6
201910,IP,"Deprecated, Express grupal",3,13,No asistió,2
201910,IP,"Deprecated, Express grupal",4,9,Cancelada,2
201910,IP,"Deprecated, Express grupal",4,10,Atendida,5
201910,IP,"Deprecated, Express grupal",4,10,Cancelada,3
201910,IP,"Deprecated, Express grupal",4,10,No asistió,3
201910,IP,"Deprecated, Express grupal",4,11,Atendida,2
201910,IP,"Deprecated, Express grupal",4,11,Cancelada,3
201910,IP,"Deprecated, Express grupal",4,11,No asistió,2
201910,IP,"Deprecated, Express grupal",4,13,Atendida,4
201910,IP,"Deprecated, Express grupal",4,13,Cancelada,4
201910,IP,"Deprecated, Express grupal",4,13,No asistió,4
201910,IP,"Deprecated, Express grupal",5,10,Cancelada,1
201910,IP,"Deprecated, Express grupal",5,11,Atendida,7
201910,IP,"Deprecated, Express grupal",5,11,Cancelada,6
201910,IP,"Deprecated, Express grupal",5,11,No asistió,1
201910,IP,"Deprecated, Express grupal",5,13,Atendida,8
201910,IP,"Deprecated, Express grupal",5,13,Cancelada,5
201910,IP,"Deprecated, Express grupal",5,13,No asistió,1
201910,IP,"Deprecated, Express grupal",5,14,Atendida,1
201910,IP,"Deprecated, Express grupal",5,14,No asistió,1
201910,IP,Normal,2,16,Cancelada,1
201910,IP,Normal,3,11,Atendida,1
201910,IP,Normal,4,10,Atendida,1
201910,IP,Normal,4,10,Cancelada,1
201910,IP,Normal,4,13,Atendida,1
201910,IP,Normal,4,13,Cancelada,2
201910,Sala,Sala,1,12,No asistió,1
201910,Sala,Sala,2,14,Cancelada,1
201910,Sala,Sala,2,14,No asistió,1
201910,Sala,Sala,2,15,Cancelada,3
201910,Sala,Sala,3,9,Abierta,1
201910,Sala,Sala,3,10,Abierta,1
201910,Sala,Sala,5,9,Atendida,1
201910,Sala,Sala,5,12,Atendida,2
201910,Sala,Sala,5,12,No asistió,1
201919,"Deprecated, APO 1",Express,2,14,Atendida,1
201919,"Deprecated, APO 1",Express,2,14,Cancelada,2
201919,"Deprecated, APO 1",Express,2,15,Atendida,2
201919,"Deprecated, APO 1",Express,2,15,Cancelada,1
201919,"Deprecated, APO 1",Express,2,15,No asistió,1
201919,"Deprecated, APO 1",Express,3,12,Atendida,3
201919,"Deprecated, APO 1",Express,3,12,Cancelada,2
201919,"Deprecated, APO 1",Express,3,14,Atendida,1
201919,"Deprecated, APO 1",Express,3,14,Cancelada,1
201919,"Deprecated, APO 1",Express,4,14,Atendida,5
201919,"Deprecated, APO 1",Express,4,14,Cancelada,2
201919,"Deprecated, APO 1",Express,4,14,Cola,1
201919,"Deprecated, APO 1",Express,4,15,Atendida,1
201919,"Deprecated, APO 1",Express,4,15,Cancelada,1
201919,"Deprecated, APO 1",Express,5,12,Abierta,1
201919,"Deprecated, APO 1",Express,5,12,Atendida,3
201919,"Deprecated, APO 1",Express,5,12,Cancelada,2
201919,"Deprecated, APO 1",Express,5,14,Cancelada,1
201919,"Deprecated, APO 1",Normal,2,13,Atendida,3
201919,"Deprecated, APO 1",Normal,2,13,Cancelada,1
201919,"Deprecated, APO 1",Normal,2,13,Cola,1
201919,"Deprecated, APO 1",Normal,2,14,Atendida,4
201919,"Deprecated, APO 1",Normal,2,16,Atendida,3
201919,"Deprecated, APO 1",Normal,3,11,Atendida,4
201919,"Deprecated, APO 1",Normal,3,13,Atendida,5
201919,"Deprecated, APO 1",Normal,3,13,Cancelada,1
201919,"Deprecated, APO 1",Normal,3,13,Cola,1
201919,"Deprecated, APO 1",Normal,3,14,Atendida,1
201919,"Deprecated, APO 1",Normal,4,13,Atendida,4
201919,"Deprecated, APO 1",Normal,4,13,Cancelada,1
201919,"Deprecated, APO 1",Normal,4,14,Cancelada,1
201919,"Deprecated, APO 1",Normal,4,14,No asistió,1
201919,"Deprecated, APO 1",Normal,4,16,Atendida,2
201919,"Deprecated, APO 1",Normal,4,16,Cancelada,2
201919,"Deprecated, APO 1",Normal,5,11,Atendida,3
201919,"Deprecated, APO 1",Normal,5,11,Cancelada,1
201919,"Deprecated, APO 1",Normal,5,13,Atendida,1
201919,"Deprecated, APO 1",Normal,5,14,Atendida,1
201919,"Deprecated, APO 2",Express,2,14,Atendida,2
201919,"Deprecated, APO 2",Express,2,14,Cancelada,2
201919,"Deprecated, APO 2",Express,2,15,Atendida,2
201919,"Deprecated, APO 2",Express,3,12,Atendida,1
201919,"Deprecated, APO 2",Express,3,14,Cancelada,3
201919,"Deprecated, APO 2",Normal,2,13,Atendida,1
201919,"Deprecated, APO 2",Normal,2,13,Cancelada,1
201919,"Deprecated, APO 2",Normal,2,13,Cola,2
201919,"Deprecated, APO 2",Normal,2,14,Atendida,1
201919,"Deprecated, APO 2",Normal,2,14,Cola,1
201919,"Deprecated, APO 2",Normal,2,16,Cancelada,2
201919,"Deprecated, APO 2",Normal,3,11,Atendida,1
201919,"Deprecated, APO 2",Normal,3,11,Cancelada,2
201919,"Deprecated, APO 2",Normal,3,11,Cola,1
201919,"Deprecated, APO 2",Normal,3,11,No asistió,1
201919,"Deprecated, APO 2",Normal,3,13,Atendida,1
201919,"Deprecated, APO 2",Normal,3,14,Cancelada,1
201919,"Deprecated, APO 2",Normal,4,13,Atendida,2
201919,"Deprecated, APO 2",Normal,4,13,Cola,1
201919,"Deprecated, APO 2",Normal,4,14,Atendida,2
201919,"Deprecated, APO 2",Normal,4,16,No asistió,2
201919,"Deprecated, APO 2",Normal,5,11,Atendida,1
201919,"Deprecated, APO 2",Normal,5,13,No asistió,1
201920,"Deprecated, APO 1","Deprecated, Torre Séneca",2,18,Atendida,7
201920,"Deprecated, APO 1","Deprecated, Torre Séneca",2,18,Cancelada,1
201920,"Deprecated, APO 1","Deprecated, Torre Séneca",2,18,No asistió,1
201920,"Deprecated, APO 1","Deprecated, Torre Séneca",2,19,Atendida,10
201920,"Deprecated, APO 1","Deprecated, Torre Séneca",2,19,Cancelada,1
201920,"Deprecated, APO 1","Deprecated, Torre Séneca",2,19,No asistió,2
201920,"Deprecated, APO 1",Express,1,11,Atendida,10
201920,"Deprecated, APO 1",Express,1,11,Cancelada,10
201920,"Deprecated, APO 1",Express,1,11,Cola,6
201920,"Deprecated, APO 1",Express,1,11,No asistió,4
201920,"Deprecated, APO 1",Express,1,12,Atendida,18
201920,"Deprecated, APO 1",Express,1,12,Cancelada,10
201920,"Deprecated, APO 1",Express,1,12,Cola,6
201920,"Deprecated, APO 1",Express,1,12,No asistió,3
201920,"Deprecated, APO 1",Express,1,14,Atendida,8
201920,"Deprecated, APO 1",Express,1,14,Cancelada,6
201920,"Deprecated, APO 1",Express,1,14,Cola,6
201920,"Deprecated, APO 1",Express,1,14,No asistió,3
201920,"Deprecated, APO 1",Express,1,15,Atendida,7
201920,"Deprecated, APO 1",Express,1,15,Cancelada,8
201920,"Deprecated, APO 1",Express,1,15,Cola,6
201920,"Deprecated, APO 1",Express,1,15,No asistió,1
201920,"Deprecated, APO 1",Express,2,11,Atendida,29
201920,"Deprecated, APO 1",Express,2,11,Cancelada,16
201920,"Deprecated, APO 1",Express,2,11,Cola,8
201920,"Deprecated, APO 1",Express,2,11,No asistió,2
201920,"Deprecated, APO 1",Express,2,12,Atendida,23
201920,"Deprecated, APO 1",Express,2,12,Cancelada,18
201920,"Deprecated, APO 1",Express,2,12,Cola,4
201920,"Deprecated, APO 1",Express,2,12,No asistió,2
201920,"Deprecated, APO 1",Express,2,14,Atendida,25
201920,"Deprecated, APO 1",Express,2,14,Cancelada,17
201920,"Deprecated, APO 1",Express,2,14,Cola,5
201920,"Deprecated, APO 1",Express,2,14,No asistió,6
201920,"Deprecated, APO 1",Express,2,15,Atendida,16
201920,"Deprecated, APO 1",Express,2,15,Cancelada,17
201920,"Deprecated, APO 1",Express,2,15,Cola,7
201920,"Deprecated, APO 1",Express,2,15,No asistió,5
201920,"Deprecated, APO 1",Express,3,11,Atendida,23
201920,"Deprecated, APO 1",Express,3,11,Cancelada,15
201920,"Deprecated, APO 1",Express,3,11,Cola,6
201920,"Deprecated, APO 1",Express,3,11,No asistió,7
201920,"Deprecated, APO 1",Express,3,12,Atendida,12
201920,"Deprecated, APO 1",Express,3,12,Cancelada,12
201920,"Deprecated, APO 1",Express,3,12,Cola,9
201920,"Deprecated, APO 1",Express,3,12,No asistió,4
201920,"Deprecated, APO 1",Express,3,14,Atendida,17
201920,"Deprecated, APO 1",Express,3,14,Cancelada,16
201920,"Deprecated, APO 1",Express,3,14,Cola,5
201920,"Deprecated, APO 1",Express,3,14,No asistió,6
201920,"Deprecated, APO 1",Express,3,15,Atendida,12
201920,"Deprecated, APO 1",Express,3,15,Cancelada,15
201920,"Deprecated, APO 1",Express,3,15,Cola,4
201920,"Deprecated, APO 1",Express,3,15,No asistió,3
201920,"Deprecated, APO 1",Express,4,11,Atendida,28
201920,"Deprecated, APO 1",Express,4,11,Cancelada,22
201920,"Deprecated, APO 1",Express,4,11,Cola,8
201920,"Deprecated, APO 1",Express,4,11,No asistió,5
201920,"Deprecated, APO 1",Express,4,12,Atendida,7
201920,"Deprecated, APO 1",Express,4,12,Cancelada,7
201920,"Deprecated, APO 1",Express,4,12,Cola,2
201920,"Deprecated, APO 1",Express,4,14,Atendida,24
201920,"Deprecated, APO 1",Express,4,14,Cancelada,17
201920,"Deprecated, APO 1",Express,4,14,Cola,1
201920,"Deprecated, APO 1",Express,4,14,No asistió,3
201920,"Deprecated, APO 1",Express,4,15,Atendida,3
201920,"Deprecated, APO 1",Express,4,15,Cancelada,3
201920,"Deprecated, APO 1",Express,4,15,Cola,3
201920,"Deprecated, APO 1",Express,4,15,No asistió,2
201920,"Deprecated, APO 1",Express,5,11,Atendida,31
201920,"Deprecated, APO 1",Express,5,11,Cancelada,26
201920,"Deprecated, APO 1",Express,5,11,Cola,6
201920,"Deprecated, APO 1",Express,5,11,No asistió,8
201920,"Deprecated, APO 1",Express,5,12,Atendida,17
201920,"Deprecated, APO 1",Express,5,12,Cancelada,15
201920,"Deprecated, APO 1",Express,5,12,Cola,7
201920,"Deprecated, APO 1",Express,5,12,No asistió,1
201920,"Deprecated, APO 1",Express,5,14,Atendida,11
201920,"Deprecated, APO 1",Express,5,14,Cancelada,14
201920,"Deprecated, APO 1",Express,5,14,Cola,4
201920,"Deprecated, APO 1",Express,5,14,No asistió,6
201920,"Deprecated, APO 1",Express,5,15,Atendida,10
201920,"Deprecated, APO 1",Express,5,15,Cancelada,7
201920,"Deprecated, APO 1",Express,5,15,Cola,7
201920,"Deprecated, APO 1",Express,5,15,No asistió,2
201920,"Deprecated, APO 1",Normal,1,9,Atendida,25
201920,"Deprecated, APO 1",Normal,1,9,Cancelada,4
201920,"Deprecated, APO 1",Normal,1,9,Cola,6
201920,"Deprecated, APO 1",Normal,1,9,No asistió,2
201920,"Deprecated, APO 1",Normal,1,10,Atendida,18
201920,"Deprecated, APO 1",Normal,1,10,Cancelada,3
201920,"Deprecated, APO 1",Normal,1,10,Cola,7
201920,"Deprecated, APO 1",Normal,1,10,No asistió,3
201920,"Deprecated, APO 1",Normal,1,11,Atendida,10
201920,"Deprecated, APO 1",Normal,1,11,Cancelada,5
201920,"Deprecated, APO 1",Normal,1,11,Cola,5
201920,"Deprecated, APO 1",Normal,1,13,Atendida,21
201920,"Deprecated, APO 1",Normal,1,13,Cancelada,11
201920,"Deprecated, APO 1",Normal,1,13,Cola,4
201920,"Deprecated, APO 1",Normal,1,13,No asistió,2
201920,"Deprecated, APO 1",Normal,1,14,Atendida,19
201920,"Deprecated, APO 1",Normal,1,14,Cancelada,12
201920,"Deprecated, APO 1",Normal,1,14,Cola,1
201920,"Deprecated, APO 1",Normal,1,14,No asistió,2
201920,"Deprecated, APO 1",Normal,1,16,Atendida,10
201920,"Deprecated, APO 1",Normal,1,16,Cancelada,3
201920,"Deprecated, APO 1",Normal,1,16,Cola,4
201920,"Deprecated, APO 1",Normal,1,17,Atendida,20
201920,"Deprecated, APO 1",Normal,1,17,Cancelada,14
201920,"Deprecated, APO 1",Normal,1,17,Cola,2
201920,"Deprecated, APO 1",Normal,1,17,No asistió,1
201920,"Deprecated, APO 1",Normal,2,9,Atendida,21
201920,"Deprecated, APO 1",Normal,2,9,Cancelada,16
201920,"Deprecated, APO 1",Normal,2,9,Cola,11
201920,"Deprecated, APO 1",Normal,2,9,No asistió,4
201920,"Deprecated, APO 1",Normal,2,10,Atendida,17
201920,"Deprecated, APO 1",Normal,2,10,Cancelada,7
201920,"Deprecated, APO 1",Normal,2,10,Cola,11
201920,"Deprecated, APO 1",Normal,2,10,No asistió,2
201920,"Deprecated, APO 1",Normal,2,11,Atendida,39
201920,"Deprecated, APO 1",Normal,2,11,Cancelada,27
201920,"Deprecated, APO 1",Normal,2,11,Cola,11
201920,"Deprecated, APO 1",Normal,2,11,No asistió,4
201920,"Deprecated, APO 1",Normal,2,13,Atendida,26
201920,"Deprecated, APO 1",Normal,2,13,Cancelada,14
201920,"Deprecated, APO 1",Normal,2,13,Cola,4
201920,"Deprecated, APO 1",Normal,2,13,No asistió,3
201920,"Deprecated, APO 1",Normal,2,14,Atendida,26
201920,"Deprecated, APO 1",Normal,2,14,Cancelada,21
201920,"Deprecated, APO 1",Normal,2,14,Cola,11
201920,"Deprecated, APO 1",Normal,2,14,No asistió,4
201920,"Deprecated, APO 1",Normal,2,16,Atendida,22
201920,"Deprecated, APO 1",Normal,2,16,Cancelada,12
201920,"Deprecated, APO 1",Normal,2,16,Cola,8
201920,"Deprecated, APO 1",Normal,2,17,Atendida,21
201920,"Deprecated, APO 1",Normal,2,17,Cancelada,12
201920,"Deprecated, APO 1",Normal,2,17,Cola,10
201920,"Deprecated, APO 1",Normal,2,17,No asistió,1
201920,"Deprecated, APO 1",Normal,3,9,Atendida,22
201920,"Deprecated, APO 1",Normal,3,9,Cancelada,20
201920,"Deprecated, APO 1",Normal,3,9,Cola,8
201920,"Deprecated, APO 1",Normal,3,10,Atendida,32
201920,"Deprecated, APO 1",Normal,3,10,Cancelada,17
201920,"Deprecated, APO 1",Normal,3,10,Cola,8
201920,"Deprecated, APO 1",Normal,3,10,No asistió,2
201920,"Deprecated, APO 1",Normal,3,11,Atendida,31
201920,"Deprecated, APO 1",Normal,3,11,Cancelada,22
201920,"Deprecated, APO 1",Normal,3,11,Cola,14
201920,"Deprecated, APO 1",Normal,3,11,No asistió,2
201920,"Deprecated, APO 1",Normal,3,13,Atendida,21
201920,"Deprecated, APO 1",Normal,3,13,Cancelada,13
201920,"Deprecated, APO 1",Normal,3,13,Cola,9
201920,"Deprecated, APO 1",Normal,3,13,No asistió,2
201920,"Deprecated, APO 1",Normal,3,14,Atendida,21
201920,"Deprecated, APO 1",Normal,3,14,Cancelada,21
201920,"Deprecated, APO 1",Normal,3,14,Cola,8
201920,"Deprecated, APO 1",Normal,3,14,No asistió,4
201920,"Deprecated, APO 1",Normal,3,16,Atendida,9
201920,"Deprecated, APO 1",Normal,3,16,Cancelada,14
201920,"Deprecated, APO 1",Normal,3,16,Cola,7
201920,"Deprecated, APO 1",Normal,3,16,No asistió,4
201920,"Deprecated, APO 1",Normal,3,17,Atendida,18
201920,"Deprecated, APO 1",Normal,3,17,Cancelada,12
201920,"Deprecated, APO 1",Normal,3,17,Cola,3
201920,"Deprecated, APO 1",Normal,3,17,No asistió,2
201920,"Deprecated, APO 1",Normal,4,9,Atendida,11
201920,"Deprecated, APO 1",Normal,4,9,Cancelada,8
201920,"Deprecated, APO 1",Normal,4,9,Cola,6
201920,"Deprecated, APO 1",Normal,4,9,No asistió,2
201920,"Deprecated, APO 1",Normal,4,10,Atendida,15
201920,"Deprecated, APO 1",Normal,4,10,Cancelada,16
201920,"Deprecated, APO 1",Normal,4,10,Cola,16
201920,"Deprecated, APO 1",Normal,4,10,No asistió,3
201920,"Deprecated, APO 1",Normal,4,11,Atendida,38
201920,"Deprecated, APO 1",Normal,4,11,Cancelada,17
201920,"Deprecated, APO 1",Normal,4,11,Cola,20
201920,"Deprecated, APO 1",Normal,4,11,No asistió,1
201920,"Deprecated, APO 1",Normal,4,13,Atendida,9
201920,"Deprecated, APO 1",Normal,4,13,Cancelada,11
201920,"Deprecated, APO 1",Normal,4,13,Cola,6
201920,"Deprecated, APO 1",Normal,4,13,No asistió,2
201920,"Deprecated, APO 1",Normal,4,14,Atendida,20
201920,"Deprecated, APO 1",Normal,4,14,Cancelada,17
201920,"Deprecated, APO 1",Normal,4,14,Cola,11
201920,"Deprecated, APO 1",Normal,4,14,No asistió,3
201920,"Deprecated, APO 1",Normal,4,16,Atendida,19
201920,"Deprecated, APO 1",Normal,4,16,Cancelada,12
201920,"Deprecated, APO 1",Normal,4,16,Cola,10
201920,"Deprecated, APO 1",Normal,4,16,No asistió,2
201920,"Deprecated, APO 1",Normal,4,17,Atendida,17
201920,"Deprecated, APO 1",Normal,4,17,Cancelada,14
201920,"Deprecated, APO 1",Normal,4,17,Cola,7
201920,"Deprecated, APO 1",Normal,4,17,No asistió,2
201920,"Deprecated, APO 1",Normal,5,9,Atendida,21
201920,"Deprecated, APO 1",Normal,5,9,Cancelada,17
201920,"Deprecated, APO 1",Normal,5,9,Cola,11
201920,"Deprecated, APO 1",Normal,5,9,No asistió,3
201920,"Deprecated, APO 1",Normal,5,10,Atendida,18
201920,"Deprecated, APO 1",Normal,5,10,Cancelada,15
201920,"Deprecated, APO 1",Normal,5,10,Cola,12
201920,"Deprecated, APO 1",Normal,5,10,No asistió,2
201920,"Deprecated, APO 1",Normal,5,11,Atendida,32
201920,"Deprecated, APO 1",Normal,5,11,Cancelada,20
201920,"Deprecated, APO 1",Normal,5,11,Cola,12
201920,"Deprecated, APO 1",Normal,5,11,No asistió,3
201920,"Deprecated, APO 1",Normal,5,13,Atendida,13
201920,"Deprecated, APO 1",Normal,5,13,Cancelada,15
201920,"Deprecated, APO 1",Normal,5,13,Cola,7
201920,"Deprecated, APO 1",Normal,5,14,Atendida,17
201920,"Deprecated, APO 1",Normal,5,14,Cancelada,20
201920,"Deprecated, APO 1",Normal,5,14,Cola,7
201920,"Deprecated, APO 1",Normal,5,14,No asistió,4
201920,"Deprecated, APO 1",Normal,5,16,Atendida,5
201920,"Deprecated, APO 1",Normal,5,16,Cancelada,9
201920,"Deprecated, APO 1",Normal,5,16,Cola,11
201920,"Deprecated, APO 1",Normal,5,17,Atendida,17
201920,"Deprecated, APO 1",Normal,5,17,Cancelada,15
201920,"Deprecated, APO 1",Normal,5,17,Cola,8
201920,"Deprecated, APO 1",Normal,5,17,No asistió,1
201920,"Deprecated, APO 2",Express,1,11,Atendida,1
201920,"Deprecated, APO 2",Express,1,11,Cancelada,1
201920,"Deprecated, APO 2",Express,1,11,Cola,1
201920,"Deprecated, APO 2",Express,1,12,Atendida,1
201920,"Deprecated, APO 2",Express,1,12,Cancelada,2
201920,"Deprecated, APO 2",Express,1,12,Cola,1
201920,"Deprecated, APO 2",Express,1,14,Atendida,3
201920,"Deprecated, APO 2",Express,1,14,Cola,1
201920,"Deprecated, APO 2",Express,1,15,Atendida,2
201920,"Deprecated, APO 2",Express,1,15,No asistió,1
201920,"Deprecated, APO 2",Express,2,11,Atendida,8
201920,"Deprecated, APO 2",Express,2,11,Cancelada,3
201920,"Deprecated, APO 2",Express,2,11,Cola,2
201920,"Deprecated, APO 2",Express,2,12,Atendida,1
201920,"Deprecated, APO 2",Express,2,12,Cancelada,1
201920,"Deprecated, APO 2",Express,2,15,Atendida,2
201920,"Deprecated, APO 2",Express,2,15,Cancelada,2
201920,"Deprecated, APO 2",Express,2,15,Cola,1
201920,"Deprecated, APO 2",Express,3,11,Atendida,6
201920,"Deprecated, APO 2",Express,3,11,Cancelada,4
201920,"Deprecated, APO 2",Express,3,11,Cola,2
201920,"Deprecated, APO 2",Express,3,12,No asistió,1
201920,"Deprecated, APO 2",Express,3,14,Atendida,3
201920,"Deprecated, APO 2",Express,3,14,Cancelada,4
201920,"Deprecated, APO 2",Express,3,14,Cola,1
201920,"Deprecated, APO 2",Express,3,15,Atendida,4
201920,"Deprecated, APO 2",Express,3,15,Cancelada,2
201920,"Deprecated, APO 2",Express,3,15,Cola,1
201920,"Deprecated, APO 2",Express,3,15,No asistió,1
201920,"Deprecated, APO 2",Express,4,11,Atendida,11
201920,"Deprecated, APO 2",Express,4,11,Cancelada,8
201920,"Deprecated, APO 2",Express,4,11,Cola,4
201920,"Deprecated, APO 2",Express,4,11,No asistió,3
201920,"Deprecated, APO 2",Express,4,14,Atendida,4
201920,"Deprecated, APO 2",Express,4,14,Cancelada,9
201920,"Deprecated, APO 2",Express,4,14,No asistió,2
201920,"Deprecated, APO 2",Express,5,11,Atendida,1
201920,"Deprecated, APO 2",Express,5,11,Cancelada,7
201920,"Deprecated, APO 2",Express,5,11,Cola,1
201920,"Deprecated, APO 2",Express,5,11,No asistió,1
201920,"Deprecated, APO 2",Express,5,12,Cancelada,3
201920,"Deprecated, APO 2",Express,5,14,Atendida,1
201920,"Deprecated, APO 2",Express,5,14,Cancelada,1
201920,"Deprecated, APO 2",Express,5,15,Atendida,2
201920,"Deprecated, APO 2",Express,5,15,Cancelada,2
201920,"Deprecated, APO 2",Normal,1,9,Atendida,5
201920,"Deprecated, APO 2",Normal,1,9,Cancelada,3
201920,"Deprecated, APO 2",Normal,1,9,Cola,1
201920,"Deprecated, APO 2",Normal,1,10,Atendida,4
201920,"Deprecated, APO 2",Normal,1,10,Cancelada,3
201920,"Deprecated, APO 2",Normal,1,10,Cola,3
201920,"Deprecated, APO 2",Normal,1,11,Atendida,1
201920,"Deprecated, APO 2",Normal,1,11,Cancelada,1
201920,"Deprecated, APO 2",Normal,1,13,Atendida,5
201920,"Deprecated, APO 2",Normal,1,13,Cancelada,2
201920,"Deprecated, APO 2",Normal,1,13,Cola,5
201920,"Deprecated, APO 2",Normal,1,14,Atendida,3
201920,"Deprecated, APO 2",Normal,1,14,Cancelada,3
201920,"Deprecated, APO 2",Normal,2,9,Atendida,2
201920,"Deprecated, APO 2",Normal,2,9,Cancelada,3
201920,"Deprecated, APO 2",Normal,2,9,Cola,3
201920,"Deprecated, APO 2",Normal,2,9,No asistió,1
201920,"Deprecated, APO 2",Normal,2,10,Atendida,8
201920,"Deprecated, APO 2",Normal,2,10,Cancelada,7
201920,"Deprecated, APO 2",Normal,2,10,Cola,2
201920,"Deprecated, APO 2",Normal,2,10,No asistió,1
201920,"Deprecated, APO 2",Normal,2,13,Cancelada,1
201920,"Deprecated, APO 2",Normal,2,16,Atendida,3
201920,"Deprecated, APO 2",Normal,2,16,Cancelada,4
201920,"Deprecated, APO 2",Normal,2,16,Cola,1
201920,"Deprecated, APO 2",Normal,2,17,Atendida,7
201920,"Deprecated, APO 2",Normal,2,17,Cancelada,4
201920,"Deprecated, APO 2",Normal,2,17,Cola,2
201920,"Deprecated, APO 2",Normal,2,17,No asistió,1
201920,"Deprecated, APO 2",Normal,3,9,Atendida,3
201920,"Deprecated, APO 2",Normal,3,9,Cancelada,1
201920,"Deprecated, APO 2",Normal,3,10,Atendida,9
201920,"Deprecated, APO 2",Normal,3,10,Cancelada,2
201920,"Deprecated, APO 2",Normal,3,10,Cola,1
201920,"Deprecated, APO 2",Normal,3,10,No asistió,1
201920,"Deprecated, APO 2",Normal,3,11,Atendida,6
201920,"Deprecated, APO 2",Normal,3,11,Cancelada,5
201920,"Deprecated, APO 2",Normal,3,11,Cola,1
201920,"Deprecated, APO 2",Normal,3,11,No asistió,1
201920,"Deprecated, APO 2",Normal,3,14,Atendida,6
201920,"Deprecated, APO 2",Normal,3,14,Cancelada,3
201920,"Deprecated, APO 2",Normal,3,14,Cola,2
201920,"Deprecated, APO 2",Normal,3,14,No asistió,1
201920,"Deprecated, APO 2",Normal,3,16,Atendida,6
201920,"Deprecated, APO 2",Normal,3,16,Cancelada,4
201920,"Deprecated, APO 2",Normal,3,16,Cola,3
201920,"Deprecated, APO 2",Normal,3,17,Atendida,2
201920,"Deprecated, APO 2",Normal,3,17,Cancelada,3
201920,"Deprecated, APO 2",Normal,3,17,No asistió,2
201920,"Deprecated, APO 2",Normal,4,9,Atendida,4
201920,"Deprecated, APO 2",Normal,4,9,Cancelada,6
201920,"Deprecated, APO 2",Normal,4,9,Cola,1
201920,"Deprecated, APO 2",Normal,4,9,No asistió,2
201920,"Deprecated, APO 2",Normal,4,10,Atendida,8
201920,"Deprecated, APO 2",Normal,4,10,Cancelada,7
201920,"Deprecated, APO 2",Normal,4,10,Cola,5
201920,"Deprecated, APO 2",Normal,4,10,No asistió,2
201920,"Deprecated, APO 2",Normal,4,11,Atendida,10
201920,"Deprecated, APO 2",Normal,4,11,Cancelada,9
201920,"Deprecated, APO 2",Normal,4,11,Cola,6
201920,"Deprecated, APO 2",Normal,4,13,Atendida,8
201920,"Deprecated, APO 2",Normal,4,13,Cancelada,6
201920,"Deprecated, APO 2",Normal,4,13,Cola,5
201920,"Deprecated, APO 2",Normal,4,13,No asistió,1
201920,"Deprecated, APO 2",Normal,4,14,Atendida,7
201920,"Deprecated, APO 2",Normal,4,14,Cancelada,4
201920,"Deprecated, APO 2",Normal,4,14,Cola,2
201920,"Deprecated, APO 2",Normal,4,14,No asistió,3
201920,"Deprecated, APO 2",Normal,4,16,Atendida,2
201920,"Deprecated, APO 2",Normal,4,16,Cancelada,1
201920,"Deprecated, APO 2",Normal,4,16,Cola,1
201920,"Deprecated, APO 2",Normal,4,17,Atendida,7
201920,"Deprecated, APO 2",Normal,4,17,Cancelada,13
201920,"Deprecated, APO 2",Normal,4,17,Cola,2
201920,"Deprecated, APO 2",Normal,4,17,No asistió,2
201920,"Deprecated, APO 2",Normal,5,10,Cola,1
201920,"Deprecated, APO 2",Normal,5,10,No asistió,1
201920,"Deprecated, APO 2",Normal,5,11,Atendida,3
201920,"Deprecated, APO 2",Normal,5,11,Cancelada,6
201920,"Deprecated, APO 2",Normal,5,11,Cola,1
201920,"Deprecated, APO 2",Normal,5,11,No asistió,2
201920,"Deprecated, APO 2",Normal,5,13,Atendida,3
201920,"Deprecated, APO 2",Normal,5,13,Cola,3
201920,"Deprecated, APO 2",Normal,5,13,No asistió,1
201920,"Deprecated, APO 2",Normal,5,14,Atendida,5
201920,"Deprecated, APO 2",Normal,5,14,Cancelada,6
201920,"Deprecated, APO 2",Normal,5,14,Cola,3
201920,"Deprecated, APO 2",Normal,5,14,No asistió,3
201920,"Deprecated, APO 2",Normal,5,16,Atendida,2
201920,"Deprecated, APO 2",Normal,5,16,Cancelada,5
201920,"Deprecated, APO 2",Normal,5,16,No asistió,1
201920,"Deprecated, APO 2",Normal,5,17,Atendida,2
201920,"Deprecated, APO 2",Normal,5,17,Cancelada,7
201920,"Deprecated, APO 2",Normal,5,17,Cola,1
201920,"Deprecated, DPOO",Normal,1,11,Abierta,1
201920,"Deprecated, DPOO",Normal,1,11,Cancelada,2
201920,"Deprecated, DPOO",Normal,1,13,Atendida,1
201920,"Deprecated, DPOO",Normal,1,14,Cancelada,2
201920,"Deprecated, DPOO",Normal,2,14,Atendida,1
201920,"Deprecated, DPOO",Normal,2,14,Cancelada,1
201920,"Deprecated, DPOO",Normal,3,9,Cancelada,1
201920,"Deprecated, DPOO",Normal,3,13,Atendida,1
201920,"Deprecated, DPOO",Normal,3,13,Cancelada,3
201920,"Deprecated, DPOO",Normal,3,14,Cancelada,1
201920,"Deprecated, DPOO",Normal,3,16,Abierta,1
201920,"Deprecated, DPOO",Normal,3,16,Atendida,1
201920,"Deprecated, DPOO",Normal,3,16,Cola,1
201920,"Deprecated, DPOO",Normal,3,16,No asistió,1
201920,"Deprecated, DPOO",Normal,4,9,Atendida,1
201920,"Deprecated, DPOO",Normal,4,9,Cancelada,1
201920,"Deprecated, DPOO",Normal,4,9,No asistió,1
201920,"Deprecated, DPOO",Normal,4,10,Atendida,3
201920,"Deprecated, DPOO",Normal,4,10,No asistió,1
201920,"Deprecated, DPOO",Normal,4,11,Atendida,1
201920,"Deprecated, DPOO",Normal,4,11,Cola,1
201920,"Deprecated, DPOO",Normal,4,13,Atendida,1
201920,"Deprecated, DPOO",Normal,4,13,Cancelada,5
201920,"Deprecated, DPOO",Normal,5,11,Atendida,3
201920,"Deprecated, DPOO",Normal,5,11,Cancelada,2
201920,"Deprecated, DPOO",Normal,5,13,Cola,1
201920,"Deprecated, DPOO",Normal,5,14,Cancelada,1
201920,Entrevista,Entrevistas,1,11,Atendida,1
201920,Entrevista,Entrevistas,1,14,Atendida,1
201920,Entrevista,Entrevistas,2,9,Atendida,1
201920,Entrevista,Entrevistas,2,14,Atendida,1
201920,Entrevista,Entrevistas,2,15,Atendida,1
201920,Entrevista,Entrevistas,2,15,No asistió,1
201920,Entrevista,Entrevistas,2,16,No asistió,1
201920,Entrevista,Entrevistas,3,9,Atendida,1
201920,Entrevista,Entrevistas,3,11,Atendida,1
201920,Entrevista,Entrevistas,3,14,Atendida,2
201920,Entrevista,Entrevistas,3,15,Atendida,1
201920,Entrevista,Entrevistas,4,9,Cancelada,1
201920,Entrevista,Entrevistas,4,10,Atendida,1
201920,Entrevista,Entrevistas,4,11,Atendida,2
201920,Entrevista,Entrevistas,4,15,Cancelada,1
201920,Entrevista,Entrevistas,4,17,No asistió,1
201920,Entrevista,Entrevistas,5,10,No asistió,1
201920,Entrevista,Entrevistas,5,11,Atendida,1
201920,Entrevista,Entrevistas,5,14,Atendida,1
201920,Entrevista,Entrevistas,5,14,Cancelada,1
201920,Entrevista,Entrevistas,5,15,Atendida,2
201920,Entrevista,Entrevistas,5,15,No asistió,1
201920,Entrevista,Entrevistas,5,16,Abierta,1
201920,Entrevista,Entrevistas,5,17,Abierta,1
201920,Entrevista,Entrevistas,5,17,No asistió,1
201920,IP,"Deprecated, Grupal",3,10,No asistió,1
201920,IP,Express,1,11,Atendida,4
201920,IP,Express,1,11,Cancelada,5
201920,IP,Express,1,11,No asistió,1
201920,IP,Express,1,12,Abierta,1
201920,IP,Express,1,12,Atendida,3
201920,IP,Express,1,12,Cancelada,3
201920,IP,Express,1,14,Atendida,7
201920,IP,Express,1,14,Cancelada,2
201920,IP,Express,1,14,No asistió,1
201920,IP,Express,1,15,Atendida,1
201920,IP,Express,1,15,Cancelada,1
201920,IP,Express,2,11,Atendida,8
201920,IP,Express,2,11,Cancelada,4
201920,IP,Express,2,11,Cola,3
201920,IP,Express,2,11,No asistió,1
201920,IP,Express,2,12,Atendida,9
201920,IP,Express,2,12,Cancelada,12
201920,IP,Express,2,12,Cola,3
201920,IP,Express,2,12,No asistió,1
201920,IP,Express,2,14,Atendida,4
201920,IP,Express,2,14,Cancelada,2
201920,IP,Express,2,14,Cola,1
201920,IP,Express,3,11,Atendida,9
201920,IP,Express,3,11,Cancelada,6
201920,IP,Express,3,11,Cola,1
201920,IP,Express,3,12,Atendida,5
201920,IP,Express,3,12,Cancelada,9
201920,IP,Express,3,12,No asistió,1
201920,IP,Express,3,14,Atendida,4
201920,IP,Express,3,14,Cancelada,9
201920,IP,Express,3,14,Cola,2
201920,IP,Express,3,14,No asistió,1
201920,IP,Express,3,15,Atendida,2
201920,IP,Express,3,15,Cancelada,3
201920,IP,Express,3,15,No asistió,1
201920,IP,Express,4,11,Atendida,7
201920,IP,Express,4,11,Cancelada,6
201920,IP,Express,4,11,Cola,1
201920,IP,Express,4,12,Atendida,9
201920,IP,Express,4,12,Cancelada,4
201920,IP,Express,4,14,Atendida,2
201920,IP,Express,4,14,Cola,1
201920,IP,Express,4,15,Abierta,1
201920,IP,Express,4,15,Atendida,3
201920,IP,Express,4,15,Cancelada,4
201920,IP,Express,5,12,Atendida,6
201920,IP,Express,5,12,Cancelada,6
201920,IP,Express,5,12,Cola,1
201920,IP,Express,5,12,No asistió,1
201920,IP,Express,5,14,Atendida,3
201920,IP,Express,5,14,Cancelada,5
201920,IP,Express,5,14,No asistió,1
201920,IP,Express,5,15,No asistió,1
201920,IP,Normal,1,9,Atendida,4
201920,IP,Normal,1,9,Cancelada,2
201920,IP,Normal,1,10,Atendida,6
201920,IP,Normal,1,10,Cancelada,5
201920,IP,Normal,1,10,No asistió,1
201920,IP,Normal,1,11,Atendida,8
201920,IP,Normal,1,11,Cancelada,4
201920,IP,Normal,1,13,Atendida,4
201920,IP,Normal,1,13,Cancelada,2
201920,IP,Normal,1,13,Cola,1
201920,IP,Normal,1,14,Atendida,11
201920,IP,Normal,1,14,Cancelada,6
201920,IP,Normal,1,14,Cola,1
201920,IP,Normal,1,16,Atendida,7
201920,IP,Normal,1,16,Cancelada,6
201920,IP,Normal,1,17,Atendida,6
201920,IP,Normal,1,17,Cancelada,2
201920,IP,Normal,1,17,Cola,2
201920,IP,Normal,2,9,Atendida,1
201920,IP,Normal,2,9,Cancelada,1
201920,IP,Normal,2,10,Atendida,12
201920,IP,Normal,2,10,Cancelada,7
201920,IP,Normal,2,10,Cola,2
201920,IP,Normal,2,10,No asistió,1
201920,IP,Normal,2,11,Abierta,1
201920,IP,Normal,2,11,Atendida,7
201920,IP,Normal,2,11,Cancelada,5
201920,IP,Normal,2,11,Cola,4
201920,IP,Normal,2,11,No asistió,1
201920,IP,Normal,2,13,Atendida,9
201920,IP,Normal,2,13,Cancelada,9
201920,IP,Normal,2,13,Cola,2
201920,IP,Normal,2,14,Atendida,5
201920,IP,Normal,2,14,Cancelada,5
201920,IP,Normal,2,14,Cola,2
201920,IP,Normal,2,14,No asistió,1
201920,IP,Normal,3,9,Cancelada,1
201920,IP,Normal,3,10,Atendida,2
201920,IP,Normal,3,10,No asistió,1
201920,IP,Normal,3,11,Cancelada,1
201920,IP,Normal,3,13,Atendida,16
201920,IP,Normal,3,13,Cancelada,19
201920,IP,Normal,3,13,Cola,2
201920,IP,Normal,3,13,No asistió,1
201920,IP,Normal,3,14,Atendida,3
201920,IP,Normal,3,14,Cancelada,2
201920,IP,Normal,3,14,Cola,3
201920,IP,Normal,3,14,No asistió,1
201920,IP,Normal,3,16,Atendida,4
201920,IP,Normal,3,16,Cancelada,3
201920,IP,Normal,4,9,Atendida,8
201920,IP,Normal,4,9,Cancelada,5
201920,IP,Normal,4,9,No asistió,2
201920,IP,Normal,4,10,Atendida,7
201920,IP,Normal,4,10,Cancelada,3
201920,IP,Normal,4,10,No asistió,5
201920,IP,Normal,4,11,Atendida,1
201920,IP,Normal,4,11,No asistió,1
201920,IP,Normal,4,13,Atendida,7
201920,IP,Normal,4,13,Cancelada,2
201920,IP,Normal,4,13,Cola,1
201920,IP,Normal,4,13,No asistió,3
201920,IP,Normal,4,14,Atendida,2
201920,IP,Normal,4,14,Cola,1
201920,IP,Normal,4,16,Atendida,7
201920,IP,Normal,4,16,Cancelada,5
201920,IP,Normal,4,16,Cola,2
201920,IP,Normal,4,16,No asistió,1
201920,IP,Normal,4,17,Atendida,1
201920,IP,Normal,5,9,Atendida,1
201920,IP,Normal,5,9,Cancelada,1
201920,IP,Normal,5,9,Cola,1
201920,IP,Normal,5,10,Atendida,1
201920,IP,Normal,5,10,Cancelada,1
201920,IP,Normal,5,11,Atendida,6
201920,IP,Normal,5,11,Cancelada,3
201920,IP,Normal,5,11,Cola,4
201920,IP,Normal,5,13,Atendida,7
201920,IP,Normal,5,13,Cancelada,5
201920,IP,Normal,5,13,Cola,3
201920,IP,Normal,5,14,Atendida,8
201920,IP,Normal,5,14,Cancelada,5
201920,IP,Normal,5,14,Cola,5
201920,IP,Normal,5,14,No asistió,1
201920,IP,Normal,5,16,Atendida,1
201920,IP,Normal,5,16,Cancelada,1
201920,IP,Normal,5,17,Atendida,1
201920,Sala,Sala,1,11,No asistió,2
201920,Sala,Sala,1,12,No asistió,1
201920,Sala,Sala,2,9,No asistió,4
201920,Sala,Sala,2,10,No asistió,2
201920,Sala,Sala,2,11,No asistió,2
201920,Sala,Sala,2,12,No asistió,1
201920,Sala,Sala,2,14,No asistió,3
201920,Sala,Sala,2,15,No asistió,1
201920,Sala,Sala,2,16,Atendida,1
201920,Sala,Sala,2,17,Atendida,1
201920,Sala,Sala,3,9,No asistió,2
201920,Sala,Sala,3,10,No asistió,1
201920,Sala,Sala,3,12,No asistió,2
201920,Sala,Sala,3,13,Cancelada,2
201920,Sala,Sala,3,14,Cancelada,1
201920,Sala,Sala,3,14,No asistió,8
201920,Sala,Sala,3,15,No asistió,1
201920,Sala,Sala,3,17,No asistió,2
201920,Sala,Sala,4,10,No asistió,2
201920,Sala,Sala,4,11,Cancelada,1
201920,Sala,Sala,4,11,No asistió,8
201920,Sala,Sala,4,13,No asistió,2
201920,Sala,Sala,4,14,No asistió,2
201920,Sala,Sala,4,15,No asistió,1
201920,Sala,Sala,5,9,No asistió,1
201920,Sala,Sala,5,11,No asistió,2
201920,Sala,Sala,5,12,No asistió,2
201920,Sala,Sala,5,13,No asistió,2
201920,Sala,Sala,5,15,No asistió,1
201920,Sala,Sala,5,16,No asistió,2
202010,"Deprecated, APO 2",Express,1,11,Atendida,2
202010,"Deprecated, APO 2",Express,1,11,Cancelada,5
202010,"Deprecated, APO 2",Express,1,14,Atendida,2
202010,"Deprecated, APO 2",Express,1,15,Atendida,3
202010,"Deprecated, APO 2",Express,1,15,Cancelada,1
202010,"Deprecated, APO 2",Express,2,11,Atendida,3
202010,"Deprecated, APO 2",Express,2,11,Cancelada,1
202010,"Deprecated, APO 2",Express,2,11,Cola,1
202010,"Deprecated, APO 2",Express,2,12,Atendida,3
202010,"Deprecated, APO 2",Express,2,12,Cancelada,3
202010,"Deprecated, APO 2",Express,2,12,No asistió,1
202010,"Deprecated, APO 2",Express,3,14,Atendida,4
202010,"Deprecated, APO 2",Express,3,14,Cancelada,4
202010,"Deprecated, APO 2",Express,3,14,No asistió,2
202010,"Deprecated, APO 2",Express,5,11,Atendida,3
202010,"Deprecated, APO 2",Express,5,11,Cancelada,5
202010,"Deprecated, APO 2",Express,5,11,No asistió,3
202010,"Deprecated, APO 2",Express,5,14,Atendida,3
202010,"Deprecated, APO 2",Express,5,14,Cancelada,2
202010,"Deprecated, APO 2",Express,5,14,No asistió,1
202010,"Deprecated, APO 2",Normal,1,10,Atendida,5
202010,"Deprecated, APO 2",Normal,1,10,Cancelada,3
202010,"Deprecated, APO 2",Normal,1,10,Cola,2
202010,"Deprecated, APO 2",Normal,1,10,No asistió,1
202010,"Deprecated, APO 2",Normal,1,13,Atendida,3
202010,"Deprecated, APO 2",Normal,1,13,Cancelada,1
202010,"Deprecated, APO 2",Normal,1,13,Cola,3
202010,"Deprecated, APO 2",Normal,1,14,Atendida,5
202010,"Deprecated, APO 2",Normal,1,14,Cancelada,2
202010,"Deprecated, APO 2",Normal,1,14,Cola,1
202010,"Deprecated, APO 2",Normal,1,14,No asistió,2
202010,"Deprecated, APO 2",Normal,1,16,Atendida,7
202010,"Deprecated, APO 2",Normal,1,16,Cola,1
202010,"Deprecated, APO 2",Normal,1,16,No asistió,2
202010,"Deprecated, APO 2",Normal,2,11,Atendida,5
202010,"Deprecated, APO 2",Normal,2,11,Cancelada,6
202010,"Deprecated, APO 2",Normal,2,11,Cola,2
202010,"Deprecated, APO 2",Normal,2,13,Atendida,7
202010,"Deprecated, APO 2",Normal,2,13,Cancelada,3
202010,"Deprecated, APO 2",Normal,2,13,Cola,1
202010,"Deprecated, APO 2",Normal,2,14,Atendida,6
202010,"Deprecated, APO 2",Normal,2,14,Cancelada,2
202010,"Deprecated, APO 2",Normal,2,14,Cola,2
202010,"Deprecated, APO 2",Normal,2,14,No asistió,2
202010,"Deprecated, APO 2",Normal,2,16,Atendida,4
202010,"Deprecated, APO 2",Normal,2,16,Cancelada,6
202010,"Deprecated, APO 2",Normal,2,16,No asistió,1
202010,"Deprecated, APO 2",Normal,2,17,Atendida,7
202010,"Deprecated, APO 2",Normal,2,17,Cancelada,6
202010,"Deprecated, APO 2",Normal,2,17,Cola,2
202010,"Deprecated, APO 2",Normal,2,17,No asistió,1
202010,"Deprecated, APO 2",Normal,3,9,Atendida,1
202010,"Deprecated, APO 2",Normal,3,10,Atendida,8
202010,"Deprecated, APO 2",Normal,3,10,Cancelada,1
202010,"Deprecated, APO 2",Normal,3,10,Cola,5
202010,"Deprecated, APO 2",Normal,3,10,No asistió,3
202010,"Deprecated, APO 2",Normal,3,14,Atendida,2
202010,"Deprecated, APO 2",Normal,3,14,Cancelada,2
202010,"Deprecated, APO 2",Normal,3,16,Atendida,7
202010,"Deprecated, APO 2",Normal,3,16,Cancelada,5
202010,"Deprecated, APO 2",Normal,3,16,Cola,2
202010,"Deprecated, APO 2",Normal,3,16,No asistió,2
202010,"Deprecated, APO 2",Normal,4,10,Atendida,1
202010,"Deprecated, APO 2",Normal,4,10,Cancelada,5
202010,"Deprecated, APO 2",Normal,4,10,Cola,6
202010,"Deprecated, APO 2",Normal,4,10,No asistió,2
202010,"Deprecated, APO 2",Normal,4,13,Cancelada,2
202010,"Deprecated, APO 2",Normal,4,13,Cola,1
202010,"Deprecated, APO 2",Normal,4,13,No asistió,2
202010,"Deprecated, APO 2",Normal,4,14,Atendida,1
202010,"Deprecated, APO 2",Normal,4,14,Cancelada,1
202010,"Deprecated, APO 2",Normal,4,16,Atendida,8
202010,"Deprecated, APO 2",Normal,4,16,Cancelada,9
202010,"Deprecated, APO 2",Normal,4,16,Cola,5
202010,"Deprecated, APO 2",Normal,4,16,No asistió,1
202010,"Deprecated, APO 2",Normal,5,10,Atendida,9
202010,"Deprecated, APO 2",Normal,5,10,Cancelada,3
202010,"Deprecated, APO 2",Normal,5,10,Cola,1
202010,"Deprecated, APO 2",Normal,5,10,No asistió,2
202010,"Deprecated, APO 2",Normal,5,11,Atendida,1
202010,"Deprecated, APO 2",Normal,5,13,Abierta,1
202010,"Deprecated, APO 2",Normal,5,13,Atendida,5
202010,"Deprecated, APO 2",Normal,5,13,Cancelada,1
202010,"Deprecated, APO 2",Normal,5,13,Cola,2
202010,"Deprecated, APO 2",Normal,5,13,No asistió,2
202010,"Deprecated, APO 2",Normal,5,14,Atendida,7
202010,"Deprecated, APO 2",Normal,5,14,Cancelada,9
202010,"Deprecated, APO 2",Normal,5,14,Cola,2
202010,"Deprecated, APO 2",Normal,5,14,No asistió,1
202010,"Deprecated, APO 2",Normal,5,17,Atendida,6
202010,"Deprecated, APO 2",Normal,5,17,Cancelada,3
202010,"Deprecated, APO 2",Normal,5,17,Cola,3
202010,"Deprecated, APO 2",Normal,5,17,No asistió,1
202010,"Deprecated, Profesores","Deprecated, Profesores IP",1,9,Atendida,1
202010,"Deprecated, Profesores","Deprecated, Profesores IP",1,9,Cancelada,1
202010,"Deprecated, Profesores","Deprecated, Profesores IP",1,11,Cancelada,1
202010,"Deprecated, Profesores","Deprecated, Profesores IP",1,12,No asistió,1
202010,"Deprecated, Profesores","Deprecated, Profesores IP",2,10,No asistió,1
202010,"Deprecated, Profesores","Deprecated, Profesores IP",2,13,No asistió,1
202010,"Deprecated, Profesores","Deprecated, Profesores IP",3,9,Cancelada,1
202010,"Deprecated, Profesores","Deprecated, Profesores IP",4,11,Cancelada,1
202010,"Deprecated, Profesores","Deprecated, Profesores IP",5,9,Atendida,1
202010,EDA,"Deprecated, Torre Séneca",2,18,Atendida,3
202010,EDA,"Deprecated, Torre Séneca",2,18,Cancelada,1
202010,EDA,"Deprecated, Torre Séneca",2,19,Cancelada,1
202010,Entrevista,Entrevistas,1,10,Atendida,1
202010,Entrevista,Entrevistas,1,13,Atendida,1
202010,Entrevista,Entrevistas,1,17,No asistió,1
202010,Entrevista,Entrevistas,2,11,Atendida,2
202010,Entrevista,Entrevistas,2,13,Atendida,1
202010,Entrevista,Entrevistas,2,14,Cancelada,1
202010,Entrevista,Entrevistas,3,16,Atendida,1
202010,Entrevista,Entrevistas,3,17,Atendida,1
202010,Entrevista,Entrevistas,3,17,Cancelada,1
202010,Entrevista,Entrevistas,4,9,Atendida,1
202010,Entrevista,Entrevistas,4,11,Atendida,1
202010,Entrevista,Entrevistas,4,16,Atendida,1
202010,Entrevista,Entrevistas,4,17,Atendida,2
202010,Entrevista,Entrevistas,5,9,Atendida,2
202010,Entrevista,Entrevistas,5,10,Cancelada,1
202010,Entrevista,Entrevistas,5,11,Atendida,5
202010,Entrevista,Entrevistas,5,12,Atendida,3
202010,Entrevista,Entrevistas,5,13,Atendida,2
202010,Entrevista,Entrevistas,5,13,No asistió,1
202010,IP,"Deprecated, Torre Séneca",2,12,Cancelada,1
202010,IP,"Deprecated, Torre Séneca",2,18,Atendida,16
202010,IP,"Deprecated, Torre Séneca",2,18,Cancelada,7
202010,IP,"Deprecated, Torre Séneca",2,18,Cola,1
202010,IP,"Deprecated, Torre Séneca",2,18,No asistió,3
202010,IP,"Deprecated, Torre Séneca",2,19,Atendida,13
202010,IP,"Deprecated, Torre Séneca",2,19,Cancelada,4
202010,IP,"Deprecated, Torre Séneca",2,19,No asistió,1
202010,IP,Express,1,11,Atendida,16
202010,IP,Express,1,11,Cancelada,17
202010,IP,Express,1,11,Cola,6
202010,IP,Express,1,11,No asistió,2
202010,IP,Express,1,12,Atendida,29
202010,IP,Express,1,12,Cancelada,11
202010,IP,Express,1,12,Cola,16
202010,IP,Express,1,12,No asistió,2
202010,IP,Express,1,14,Atendida,41
202010,IP,Express,1,14,Cancelada,15
202010,IP,Express,1,14,Cola,16
202010,IP,Express,1,14,No asistió,2
202010,IP,Express,1,15,Abierta,1
202010,IP,Express,1,15,Atendida,35
202010,IP,Express,1,15,Cancelada,16
202010,IP,Express,1,15,Cola,18
202010,IP,Express,1,15,No asistió,1
202010,IP,Express,2,11,Atendida,42
202010,IP,Express,2,11,Cancelada,23
202010,IP,Express,2,11,Cola,16
202010,IP,Express,2,11,No asistió,5
202010,IP,Express,2,12,Atendida,32
202010,IP,Express,2,12,Cancelada,24
202010,IP,Express,2,12,Cola,12
202010,IP,Express,2,12,No asistió,6
202010,IP,Express,2,14,Atendida,32
202010,IP,Express,2,14,Cancelada,17
202010,IP,Express,2,14,Cola,17
202010,IP,Express,2,14,No asistió,4
202010,IP,Express,2,15,Atendida,36
202010,IP,Express,2,15,Cancelada,17
202010,IP,Express,2,15,Cola,16
202010,IP,Express,2,15,No asistió,1
202010,IP,Express,3,11,Atendida,48
202010,IP,Express,3,11,Cancelada,34
202010,IP,Express,3,11,Cola,20
202010,IP,Express,3,11,No asistió,5
202010,IP,Express,3,12,Atendida,27
202010,IP,Express,3,12,Cancelada,25
202010,IP,Express,3,12,Cola,15
202010,IP,Express,3,12,No asistió,2
202010,IP,Express,3,14,Atendida,34
202010,IP,Express,3,14,Cancelada,19
202010,IP,Express,3,14,Cola,14
202010,IP,Express,3,14,No asistió,4
202010,IP,Express,3,15,Atendida,45
202010,IP,Express,3,15,Cancelada,39
202010,IP,Express,3,15,Cola,15
202010,IP,Express,3,15,No asistió,5
202010,IP,Express,4,11,Atendida,29
202010,IP,Express,4,11,Cancelada,23
202010,IP,Express,4,11,Cola,11
202010,IP,Express,4,11,No asistió,8
202010,IP,Express,4,12,Atendida,14
202010,IP,Express,4,12,Cancelada,11
202010,IP,Express,4,12,Cola,12
202010,IP,Express,4,12,No asistió,2
202010,IP,Express,4,14,Atendida,29
202010,IP,Express,4,14,Cancelada,28
202010,IP,Express,4,14,Cola,18
202010,IP,Express,4,14,No asistió,4
202010,IP,Express,4,15,Atendida,33
202010,IP,Express,4,15,Cancelada,35
202010,IP,Express,4,15,Cola,12
202010,IP,Express,4,15,No asistió,7
202010,IP,Express,5,11,Atendida,20
202010,IP,Express,5,11,Cancelada,21
202010,IP,Express,5,11,Cola,24
202010,IP,Express,5,11,No asistió,3
202010,IP,Express,5,12,Atendida,17
202010,IP,Express,5,12,Cancelada,12
202010,IP,Express,5,12,Cola,9
202010,IP,Express,5,12,No asistió,2
202010,IP,Express,5,14,Atendida,32
202010,IP,Express,5,14,Cancelada,26
202010,IP,Express,5,14,Cola,14
202010,IP,Express,5,14,No asistió,3
202010,IP,Express,5,15,Atendida,24
202010,IP,Express,5,15,Cancelada,30
202010,IP,Express,5,15,Cola,12
202010,IP,Express,5,15,No asistió,6
202010,IP,Normal,1,9,Abierta,1
202010,IP,Normal,1,9,Atendida,10
202010,IP,Normal,1,9,Cancelada,6
202010,IP,Normal,1,9,Cola,6
202010,IP,Normal,1,9,No asistió,1
202010,IP,Normal,1,10,Atendida,31
202010,IP,Normal,1,10,Cancelada,12
202010,IP,Normal,1,10,Cola,16
202010,IP,Normal,1,10,No asistió,3
202010,IP,Normal,1,11,Abierta,1
202010,IP,Normal,1,11,Atendida,26
202010,IP,Normal,1,11,Cancelada,17
202010,IP,Normal,1,11,Cola,13
202010,IP,Normal,1,13,Atendida,30
202010,IP,Normal,1,13,Cancelada,11
202010,IP,Normal,1,13,Cola,20
202010,IP,Normal,1,13,No asistió,2
202010,IP,Normal,1,14,Atendida,40
202010,IP,Normal,1,14,Cancelada,26
202010,IP,Normal,1,14,Cola,17
202010,IP,Normal,1,14,No asistió,2
202010,IP,Normal,1,16,Abierta,1
202010,IP,Normal,1,16,Atendida,34
202010,IP,Normal,1,16,Cancelada,12
202010,IP,Normal,1,16,Cola,13
202010,IP,Normal,1,16,No asistió,4
202010,IP,Normal,1,17,Abierta,1
202010,IP,Normal,1,17,Atendida,29
202010,IP,Normal,1,17,Cancelada,19
202010,IP,Normal,1,17,Cola,14
202010,IP,Normal,1,17,No asistió,1
202010,IP,Normal,2,9,Atendida,7
202010,IP,Normal,2,9,Cancelada,4
202010,IP,Normal,2,9,Cola,9
202010,IP,Normal,2,10,Abierta,1
202010,IP,Normal,2,10,Atendida,23
202010,IP,Normal,2,10,Cancelada,17
202010,IP,Normal,2,10,Cola,9
202010,IP,Normal,2,10,No asistió,1
202010,IP,Normal,2,11,Atendida,32
202010,IP,Normal,2,11,Cancelada,14
202010,IP,Normal,2,11,Cola,11
202010,IP,Normal,2,11,No asistió,4
202010,IP,Normal,2,13,Atendida,24
202010,IP,Normal,2,13,Cancelada,14
202010,IP,Normal,2,13,Cola,15
202010,IP,Normal,2,13,No asistió,1
202010,IP,Normal,2,14,Atendida,23
202010,IP,Normal,2,14,Cancelada,16
202010,IP,Normal,2,14,Cola,9
202010,IP,Normal,2,14,No asistió,2
202010,IP,Normal,2,16,Atendida,38
202010,IP,Normal,2,16,Cancelada,23
202010,IP,Normal,2,16,Cola,14
202010,IP,Normal,2,16,No asistió,3
202010,IP,Normal,2,17,Atendida,32
202010,IP,Normal,2,17,Cancelada,21
202010,IP,Normal,2,17,Cola,18
202010,IP,Normal,2,17,No asistió,5
202010,IP,Normal,3,9,Atendida,34
202010,IP,Normal,3,9,Cancelada,23
202010,IP,Normal,3,9,Cola,14
202010,IP,Normal,3,9,No asistió,5
202010,IP,Normal,3,10,Atendida,36
202010,IP,Normal,3,10,Cancelada,21
202010,IP,Normal,3,10,Cola,12
202010,IP,Normal,3,10,No asistió,11
202010,IP,Normal,3,11,Atendida,42
202010,IP,Normal,3,11,Cancelada,19
202010,IP,Normal,3,11,Cola,18
202010,IP,Normal,3,11,No asistió,1
202010,IP,Normal,3,13,Atendida,34
202010,IP,Normal,3,13,Cancelada,17
202010,IP,Normal,3,13,Cola,18
202010,IP,Normal,3,13,No asistió,2
202010,IP,Normal,3,14,Atendida,43
202010,IP,Normal,3,14,Cancelada,27
202010,IP,Normal,3,14,Cola,16
202010,IP,Normal,3,14,No asistió,6
202010,IP,Normal,3,16,Atendida,39
202010,IP,Normal,3,16,Cancelada,24
202010,IP,Normal,3,16,Cola,17
202010,IP,Normal,3,16,No asistió,4
202010,IP,Normal,3,17,Atendida,41
202010,IP,Normal,3,17,Cancelada,23
202010,IP,Normal,3,17,Cola,17
202010,IP,Normal,3,17,No asistió,4
202010,IP,Normal,4,9,Atendida,40
202010,IP,Normal,4,9,Cancelada,33
202010,IP,Normal,4,9,Cola,12
202010,IP,Normal,4,9,No asistió,6
202010,IP,Normal,4,10,Atendida,45
202010,IP,Normal,4,10,Cancelada,28
202010,IP,Normal,4,10,Cola,17
202010,IP,Normal,4,10,No asistió,5
202010,IP,Normal,4,11,Atendida,33
202010,IP,Normal,4,11,Cancelada,23
202010,IP,Normal,4,11,Cola,12
202010,IP,Normal,4,11,No asistió,5
202010,IP,Normal,4,13,Atendida,28
202010,IP,Normal,4,13,Cancelada,18
202010,IP,Normal,4,13,Cola,14
202010,IP,Normal,4,13,No asistió,2
202010,IP,Normal,4,14,Atendida,36
202010,IP,Normal,4,14,Cancelada,26
202010,IP,Normal,4,14,Cola,20
202010,IP,Normal,4,16,Atendida,25
202010,IP,Normal,4,16,Cancelada,15
202010,IP,Normal,4,16,Cola,15
202010,IP,Normal,4,16,No asistió,5
202010,IP,Normal,4,17,Atendida,44
202010,IP,Normal,4,17,Cancelada,39
202010,IP,Normal,4,17,Cola,20
202010,IP,Normal,4,17,No asistió,3
202010,IP,Normal,5,9,Atendida,18
202010,IP,Normal,5,9,Cancelada,23
202010,IP,Normal,5,9,Cola,15
202010,IP,Normal,5,9,No asistió,5
202010,IP,Normal,5,10,Atendida,23
202010,IP,Normal,5,10,Cancelada,20
202010,IP,Normal,5,10,Cola,21
202010,IP,Normal,5,10,No asistió,5
202010,IP,Normal,5,11,Atendida,28
202010,IP,Normal,5,11,Cancelada,23
202010,IP,Normal,5,11,Cola,15
202010,IP,Normal,5,11,No asistió,4
202010,IP,Normal,5,13,Atendida,25
202010,IP,Normal,5,13,Cancelada,20
202010,IP,Normal,5,13,Cola,11
202010,IP,Normal,5,13,No asistió,5
202010,IP,Normal,5,14,Atendida,44
202010,IP,Normal,5,14,Cancelada,21
202010,IP,Normal,5,14,Cola,20
202010,IP,Normal,5,14,No asistió,2
202010,IP,Normal,5,16,Atendida,18
202010,IP,Normal,5,16,Cancelada,23
202010,IP,Normal,5,16,Cola,16
202010,IP,Normal,5,16,No asistió,5
202010,IP,Normal,5,17,Atendida,14
202010,IP,Normal,5,17,Cancelada,14
202010,IP,Normal,5,17,Cola,26
202010,IP,Normal,5,17,No asistió,3
202010,Sala,Sala,1,10,No asistió,2
202010,Sala,Sala,1,11,Atendida,2
202010,Sala,Sala,1,11,No asistió,6
202010,Sala,Sala,1,12,Atendida,1
202010,Sala,Sala,1,12,No asistió,2
202010,Sala,Sala,1,13,No asistió,2
202010,Sala,Sala,1,14,Abierta,1
202010,Sala,Sala,1,14,Cancelada,1
202010,Sala,Sala,1,14,No asistió,2
202010,Sala,Sala,1,16,No asistió,2
202010,Sala,Sala,1,17,No asistió,2
202010,Sala,Sala,2,10,No asistió,2
202010,Sala,Sala,2,11,No asistió,2
202010,Sala,Sala,2,12,No asistió,2
202010,Sala,Sala,2,13,No asistió,2
202010,Sala,Sala,2,14,Cancelada,1
202010,Sala,Sala,2,14,No asistió,1
202010,Sala,Sala,2,15,Cancelada,1
202010,Sala,Sala,2,15,No asistió,1
202010,Sala,Sala,2,16,No asistió,2
202010,Sala,Sala,3,9,No asistió,2
202010,Sala,Sala,3,10,No asistió,1
202010,Sala,Sala,3,11,Atendida,1
202010,Sala,Sala,3,12,Atendida,2
202010,Sala,Sala,3,14,No asistió,2
202010,Sala,Sala,3,15,No asistió,2
202010,Sala,Sala,3,16,No asistió,1
202010,Sala,Sala,4,10,No asistió,2
202010,Sala,Sala,4,11,No asistió,4
202010,Sala,Sala,4,12,No asistió,2
202010,Sala,Sala,4,13,No asistió,2
202010,Sala,Sala,4,14,No asistió,1
202010,Sala,Sala,5,13,Cancelada,1
202010,Sala,Sala,5,14,Cancelada,2
202010,Sala,Sala,5,15,No asistió,1
202010,Sala,Sala,5,16,No asistió,2
202019,"Deprecated, APO 2",Express,2,11,Atendida,2
202019,"Deprecated, APO 2",Express,2,11,Cola,1
202019,"Deprecated, APO 2",Express,4,11,Atendida,2
202019,"Deprecated, APO 2",Express,4,11,Cancelada,4
202019,"Deprecated, APO 2",Express,5,11,Atendida,3
202019,"Deprecated, APO 2",Express,5,11,Cancelada,1
202019,"Deprecated, APO 2",Express,5,11,Cola,1
202019,"Deprecated, APO 2",Express,5,11,No asistió,2
202019,"Deprecated, APO 2",Normal,2,10,Atendida,4
202019,"Deprecated, APO 2",Normal,2,10,Cancelada,2
202019,"Deprecated, APO 2",Normal,2,11,Atendida,2
202019,"Deprecated, APO 2",Normal,2,11,Cancelada,2
202019,"Deprecated, APO 2",Normal,2,11,Cola,1
202019,"Deprecated, APO 2",Normal,3,10,Atendida,5
202019,"Deprecated, APO 2",Normal,3,10,Cancelada,6
202019,"Deprecated, APO 2",Normal,3,10,Cola,2
202019,"Deprecated, APO 2",Normal,3,11,Atendida,1
202019,"Deprecated, APO 2",Normal,3,11,Cancelada,2
202019,"Deprecated, APO 2",Normal,3,16,Cancelada,2
202019,"Deprecated, APO 2",Normal,4,10,Atendida,3
202019,"Deprecated, APO 2",Normal,4,10,Cancelada,3
202019,"Deprecated, APO 2",Normal,4,11,Abierta,1
202019,"Deprecated, APO 2",Normal,4,11,No asistió,1
202019,"Deprecated, APO 2",Normal,5,10,Atendida,2
202019,"Deprecated, APO 2",Normal,5,10,Cancelada,2
202019,"Deprecated, APO 2",Normal,5,11,Atendida,5
202019,"Deprecated, APO 2",Normal,5,11,Cancelada,1
202019,"Deprecated, APO 2",Normal,5,11,Cola,1
202019,Entrevista,Entrevistas,3,10,Atendida,2
202019,Entrevista,Entrevistas,3,10,Cancelada,1
202019,Entrevista,Entrevistas,3,14,Atendida,2
202019,Entrevista,Entrevistas,3,15,Atendida,1
202019,Entrevista,Entrevistas,4,14,Atendida,1
202019,Entrevista,Entrevistas,4,14,Cancelada,1
202019,Entrevista,Entrevistas,4,15,Atendida,2
202019,Entrevista,Entrevistas,4,16,Atendida,3
202019,IP,Express,2,11,Atendida,1
202019,IP,Express,2,14,Atendida,5
202019,IP,Express,2,14,Cancelada,1
202019,IP,Express,2,15,Atendida,4
202019,IP,Express,2,15,Cancelada,5
202019,IP,Express,2,15,Cola,3
202019,IP,Express,2,15,No asistió,1
202019,IP,Express,3,14,Atendida,2
202019,IP,Express,3,14,Cancelada,2
202019,IP,Express,3,14,No asistió,1
202019,IP,Express,3,15,Atendida,5
202019,IP,Express,3,15,Cancelada,3
202019,IP,Express,3,15,Cola,1
202019,IP,Express,4,14,Cancelada,2
202019,IP,Express,4,15,Atendida,3
202019,IP,Express,4,15,Cola,1
202019,IP,Express,5,11,Atendida,1
202019,IP,Express,5,11,Cancelada,1
202019,IP,Express,5,14,Atendida,5
202019,IP,Express,5,14,Cancelada,1
202019,IP,Normal,2,10,Atendida,2
202019,IP,Normal,2,11,Atendida,3
202019,IP,Normal,2,11,Cancelada,1
202019,IP,Normal,2,11,Cola,1
202019,IP,Normal,2,14,Atendida,4
202019,IP,Normal,2,14,Cancelada,3
202019,IP,Normal,2,14,Cola,3
202019,IP,Normal,2,14,No asistió,1
202019,IP,Normal,3,10,Atendida,1
202019,IP,Normal,3,10,Cola,1
202019,IP,Normal,3,11,Atendida,4
202019,IP,Normal,3,11,Cancelada,4
202019,IP,Normal,3,11,Cola,2
202019,IP,Normal,3,14,Atendida,4
202019,IP,Normal,3,14,Cancelada,3
202019,IP,Normal,3,14,Cola,1
202019,IP,Normal,3,14,No asistió,1
202019,IP,Normal,3,16,Atendida,4
202019,IP,Normal,3,16,Cancelada,2
202019,IP,Normal,3,16,Cola,2
202019,IP,Normal,4,10,Atendida,2
202019,IP,Normal,4,10,Cola,1
202019,IP,Normal,4,11,Atendida,2
202019,IP,Normal,4,11,Cancelada,2
202019,IP,Normal,4,11,Cola,1
202019,IP,Normal,4,14,Atendida,3
202019,IP,Normal,4,14,Cancelada,3
202019,IP,Normal,4,14,Cola,1
202019,IP,Normal,5,10,Cancelada,2
202019,IP,Normal,5,11,Atendida,1
202019,IP,Normal,5,14,Atendida,4
202019,IP,Normal,5,14,Cancelada,2
202019,IP,Normal,5,14,No asistió,1
202019,IP,Normal pico,1,14,Atendida,1
202019,IP,Normal pico,1,14,No asistió,1
202019,IP,Normal pico,1,17,Cancelada,1
202019,IP,Normal pico,2,13,Atendida,2
202019,IP,Normal pico,2,14,Atendida,2
202019,IP,Normal pico,2,16,Atendida,2
202019,IP,Normal pico,2,16,Cancelada,1
202019,IP,Normal pico,2,17,Atendida,3
202019,IP,Normal pico,2,17,Cancelada,1
202019,IP,Normal pico,3,10,Atendida,1
202019,IP,Normal pico,3,11,Atendida,1
202019,IP,Normal pico,3,11,Cancelada,1
202019,IP,Normal pico,3,14,Atendida,3
202019,IP,Normal pico,3,14,Cola,1
202019,IP,Normal pico,3,16,Atendida,3
202019,IP,Normal pico,3,16,Cancelada,1
202019,IP,Normal pico,3,16,Cola,1
202019,IP,Normal pico,3,17,Atendida,2
202019,IP,Normal pico,3,17,Cancelada,1
202019,IP,Normal pico,4,10,Cancelada,2
202019,IP,Normal pico,4,11,Atendida,2
202019,IP,Normal pico,4,11,Cancelada,1
202019,IP,Normal pico,4,13,Atendida,1
202019,IP,Normal pico,4,14,Atendida,2
202019,IP,Normal pico,4,16,Atendida,2
202019,IP,Normal pico,4,16,Cancelada,1
202019,IP,Normal pico,4,17,Atendida,1
202019,IP,Normal pico,4,17,Cola,1
202019,IP,Normal pico,4,17,No asistió,1
202020,"Deprecated, APO 2",Express,2,11,Cancelada,1
202020,"Deprecated, APO 2",Express,2,15,Cancelada,1
202020,"Deprecated, APO 2",Express,4,11,Abierta,1
202020,"Deprecated, APO 2",Express,4,11,Atendida,5
202020,"Deprecated, APO 2",Express,4,11,Cancelada,6
202020,"Deprecated, APO 2",Express,4,11,Cola,2
202020,"Deprecated, APO 2",Express,4,15,Atendida,6
202020,"Deprecated, APO 2",Express,4,15,Cancelada,4
202020,"Deprecated, APO 2",Express,4,15,Cola,6
202020,"Deprecated, APO 2",Express,4,15,No asistió,1
202020,"Deprecated, APO 2",Normal,1,8,Atendida,2
202020,"Deprecated, APO 2",Normal,1,8,Cancelada,3
202020,"Deprecated, APO 2",Normal,1,11,Atendida,5
202020,"Deprecated, APO 2",Normal,1,11,Cancelada,2
202020,"Deprecated, APO 2",Normal,1,14,Atendida,3
202020,"Deprecated, APO 2",Normal,1,14,Cancelada,1
202020,"Deprecated, APO 2",Normal,1,14,No asistió,1
202020,"Deprecated, APO 2",Normal,2,10,Atendida,4
202020,"Deprecated, APO 2",Normal,2,10,Cancelada,1
202020,"Deprecated, APO 2",Normal,2,14,Atendida,4
202020,"Deprecated, APO 2",Normal,2,14,Cancelada,2
202020,"Deprecated, APO 2",Normal,3,11,Atendida,5
202020,"Deprecated, APO 2",Normal,3,11,Cancelada,3
202020,"Deprecated, APO 2",Normal,3,11,Cola,5
202020,"Deprecated, APO 2",Normal,3,11,No asistió,1
202020,"Deprecated, APO 2",Normal,4,10,Atendida,5
202020,"Deprecated, APO 2",Normal,4,10,Cancelada,2
202020,"Deprecated, APO 2",Normal,4,10,Cola,6
202020,"Deprecated, APO 2",Normal,4,14,Atendida,4
202020,"Deprecated, APO 2",Normal,4,14,Cancelada,4
202020,"Deprecated, APO 2",Normal,4,14,Cola,3
202020,"Deprecated, IP Nivelación","Deprecated, Nivelación IP",2,16,Cancelada,1
202020,"Deprecated, IP Nivelación","Deprecated, Nivelación IP",2,16,No asistió,1
202020,"Deprecated, IP Nivelación","Deprecated, Nivelación IP",2,17,Atendida,5
202020,"Deprecated, IP Nivelación","Deprecated, Nivelación IP",2,17,No asistió,4
202020,"Deprecated, IP Nivelación","Deprecated, Nivelación IP",3,16,Atendida,4
202020,"Deprecated, IP Nivelación","Deprecated, Nivelación IP",3,16,No asistió,2
202020,"Deprecated, IP Nivelación","Deprecated, Nivelación IP",3,17,Atendida,1
202020,"Deprecated, IP Nivelación","Deprecated, Nivelación IP",3,17,Cancelada,1
202020,"Deprecated, IP Nivelación","Deprecated, Nivelación IP",3,17,No asistió,4
202020,"Deprecated, IP Nivelación","Deprecated, Nivelación IP",4,16,Cancelada,1
202020,"Deprecated, IP Nivelación","Deprecated, Nivelación IP",4,16,No asistió,5
202020,"Deprecated, IP Nivelación","Deprecated, Nivelación IP",4,17,Atendida,3
202020,"Deprecated, IP Nivelación","Deprecated, Nivelación IP",4,17,No asistió,2
202020,"Deprecated, IP Nivelación","Deprecated, Nivelación IP",5,16,Atendida,4
202020,"Deprecated, IP Nivelación","Deprecated, Nivelación IP",5,16,No asistió,4
202020,"Deprecated, IP Nivelación","Deprecated, Nivelación IP",5,17,Cancelada,1
202020,"Deprecated, IP Nivelación","Deprecated, Nivelación IP",5,17,No asistió,2
202020,EDA,"Deprecated, Grupal",1,14,Atendida,1
202020,EDA,"Deprecated, Grupal",2,10,Abierta,3
202020,EDA,"Deprecated, Grupal",2,10,Atendida,16
202020,EDA,"Deprecated, Grupal",2,10,Cancelada,4
202020,EDA,"Deprecated, Grupal",2,13,Atendida,8
202020,EDA,"Deprecated, Grupal",2,13,Cancelada,6
202020,EDA,"Deprecated, Grupal",2,13,No asistió,1
202020,EDA,"Deprecated, Grupal",2,14,Abierta,1
202020,EDA,"Deprecated, Grupal",2,14,Atendida,9
202020,EDA,"Deprecated, Grupal",2,14,Cancelada,6
202020,EDA,"Deprecated, Grupal",2,14,No asistió,2
202020,EDA,"Deprecated, Grupal",3,8,Atendida,8
202020,EDA,"Deprecated, Grupal",3,8,Cancelada,3
202020,EDA,"Deprecated, Grupal",3,10,Atendida,6
202020,EDA,"Deprecated, Grupal",3,10,Cancelada,1
202020,EDA,"Deprecated, Grupal",3,10,No asistió,1
202020,EDA,"Deprecated, Grupal",3,11,Atendida,1
202020,EDA,"Deprecated, Grupal",3,13,Atendida,12
202020,EDA,"Deprecated, Grupal",3,13,Cancelada,2
202020,EDA,"Deprecated, Grupal",3,13,Cola,1
202020,EDA,"Deprecated, Grupal",4,8,Atendida,1
202020,EDA,"Deprecated, Grupal",4,8,Cancelada,1
202020,EDA,"Deprecated, Grupal",4,10,Atendida,1
202020,EDA,"Deprecated, Grupal",4,10,Cancelada,2
202020,EDA,"Deprecated, Grupal",4,11,Atendida,4
202020,EDA,"Deprecated, Grupal",4,13,Atendida,1
202020,EDA,"Deprecated, Grupal",4,17,Atendida,3
202020,EDA,"Deprecated, Grupal",4,17,Cancelada,1
202020,EDA,"Deprecated, Grupal",5,8,Atendida,1
202020,EDA,"Deprecated, Grupal",5,8,Cancelada,2
202020,EDA,"Deprecated, Grupal",5,14,Abierta,2
202020,EDA,"Deprecated, Grupal",5,14,Atendida,4
202020,EDA,"Deprecated, Grupal",5,14,Cancelada,2
202020,EDA,"Deprecated, Grupal",5,14,No asistió,1
202020,EDA,"Deprecated, Grupal",5,17,Atendida,6
202020,EDA,"Deprecated, Grupal",5,17,Cancelada,3
202020,EDA,"Deprecated, Grupal",5,17,No asistió,1
202020,Entrevista,Entrevistas,1,16,Atendida,2
202020,Entrevista,Entrevistas,2,9,Atendida,1
202020,Entrevista,Entrevistas,3,11,Cancelada,1
202020,Entrevista,Entrevistas,3,12,Atendida,3
202020,Entrevista,Entrevistas,3,13,Atendida,2
202020,Entrevista,Entrevistas,3,14,Atendida,2
202020,Entrevista,Entrevistas,3,15,Atendida,1
202020,Entrevista,Entrevistas,3,16,Atendida,1
202020,Entrevista,Entrevistas,4,8,Atendida,3
202020,Entrevista,Entrevistas,4,8,Cancelada,1
202020,Entrevista,Entrevistas,4,9,Atendida,2
202020,Entrevista,Entrevistas,4,10,Atendida,4
202020,Entrevista,Entrevistas,4,11,Atendida,4
202020,Entrevista,Entrevistas,4,12,Atendida,2
202020,Entrevista,Entrevistas,4,12,No asistió,1
202020,Entrevista,Entrevistas,5,8,No asistió,1
202020,Entrevista,Entrevistas,5,10,Atendida,2
202020,Entrevista,Entrevistas,5,11,Atendida,1
202020,Entrevista,Entrevistas,5,13,Atendida,1
202020,Entrevista,Entrevistas,5,13,Cancelada,1
202020,Entrevista,Entrevistas,5,14,Atendida,3
202020,Entrevista,Entrevistas,5,15,Atendida,1
202020,IP,Express,1,9,Atendida,25
202020,IP,Express,1,9,Cancelada,6
202020,IP,Express,1,9,Cola,3
202020,IP,Express,1,9,No asistió,2
202020,IP,Express,1,11,Atendida,32
202020,IP,Express,1,11,Cancelada,9
202020,IP,Express,1,11,Cola,5
202020,IP,Express,1,12,Atendida,10
202020,IP,Express,1,12,Cancelada,3
202020,IP,Express,1,12,Cola,1
202020,IP,Express,1,12,No asistió,2
202020,IP,Express,1,14,Atendida,24
202020,IP,Express,1,14,Cancelada,12
202020,IP,Express,1,14,Cola,1
202020,IP,Express,1,15,Atendida,19
202020,IP,Express,1,15,Cancelada,10
202020,IP,Express,1,15,Cola,4
202020,IP,Express,1,15,No asistió,1
202020,IP,Express,1,17,Atendida,26
202020,IP,Express,1,17,Cancelada,15
202020,IP,Express,1,17,Cola,3
202020,IP,Express,1,17,No asistió,1
202020,IP,Express,2,9,Atendida,34
202020,IP,Express,2,9,Cancelada,16
202020,IP,Express,2,9,Cola,4
202020,IP,Express,2,9,No asistió,1
202020,IP,Express,2,11,Atendida,31
202020,IP,Express,2,11,Cancelada,8
202020,IP,Express,2,11,Cola,4
202020,IP,Express,2,12,Atendida,14
202020,IP,Express,2,12,Cancelada,6
202020,IP,Express,2,12,Cola,3
202020,IP,Express,2,12,No asistió,3
202020,IP,Express,2,14,Atendida,21
202020,IP,Express,2,14,Cancelada,11
202020,IP,Express,2,14,Cola,4
202020,IP,Express,2,14,No asistió,1
202020,IP,Express,2,15,Atendida,29
202020,IP,Express,2,15,Cancelada,9
202020,IP,Express,2,15,Cola,4
202020,IP,Express,2,15,No asistió,1
202020,IP,Express,2,17,Atendida,23
202020,IP,Express,2,17,Cancelada,8
202020,IP,Express,2,17,Cola,5
202020,IP,Express,2,17,No asistió,2
202020,IP,Express,3,9,Atendida,25
202020,IP,Express,3,9,Cancelada,20
202020,IP,Express,3,9,Cola,8
202020,IP,Express,3,9,No asistió,1
202020,IP,Express,3,11,Atendida,24
202020,IP,Express,3,11,Cancelada,7
202020,IP,Express,3,11,Cola,6
202020,IP,Express,3,12,Atendida,23
202020,IP,Express,3,12,Cancelada,12
202020,IP,Express,3,12,Cola,6
202020,IP,Express,3,14,Atendida,34
202020,IP,Express,3,14,Cancelada,14
202020,IP,Express,3,14,Cola,9
202020,IP,Express,3,14,No asistió,3
202020,IP,Express,3,15,Atendida,35
202020,IP,Express,3,15,Cancelada,13
202020,IP,Express,3,15,Cola,6
202020,IP,Express,3,15,No asistió,2
202020,IP,Express,3,17,Atendida,39
202020,IP,Express,3,17,Cancelada,14
202020,IP,Express,3,17,Cola,10
202020,IP,Express,3,17,No asistió,1
202020,IP,Express,4,9,Atendida,33
202020,IP,Express,4,9,Cancelada,11
202020,IP,Express,4,9,Cola,9
202020,IP,Express,4,9,No asistió,5
202020,IP,Express,4,11,Atendida,15
202020,IP,Express,4,11,Cancelada,4
202020,IP,Express,4,11,Cola,9
202020,IP,Express,4,12,Atendida,23
202020,IP,Express,4,12,Cancelada,7
202020,IP,Express,4,12,Cola,11
202020,IP,Express,4,12,No asistió,1
202020,IP,Express,4,14,Atendida,24
202020,IP,Express,4,14,Cancelada,18
202020,IP,Express,4,14,Cola,5
202020,IP,Express,4,14,No asistió,2
202020,IP,Express,4,15,Atendida,20
202020,IP,Express,4,15,Cancelada,3
202020,IP,Express,4,15,Cola,9
202020,IP,Express,4,15,No asistió,1
202020,IP,Express,4,17,Atendida,32
202020,IP,Express,4,17,Cancelada,23
202020,IP,Express,4,17,Cola,11
202020,IP,Express,5,9,Atendida,25
202020,IP,Express,5,9,Cancelada,17
202020,IP,Express,5,9,Cola,16
202020,IP,Express,5,9,No asistió,2
202020,IP,Express,5,11,Atendida,9
202020,IP,Express,5,11,Cancelada,11
202020,IP,Express,5,11,Cola,11
202020,IP,Express,5,11,No asistió,3
202020,IP,Express,5,12,Atendida,13
202020,IP,Express,5,12,Cancelada,11
202020,IP,Express,5,12,Cola,10
202020,IP,Express,5,14,Atendida,13
202020,IP,Express,5,14,Cancelada,7
202020,IP,Express,5,14,Cola,11
202020,IP,Express,5,14,No asistió,1
202020,IP,Express,5,15,Atendida,12
202020,IP,Express,5,15,Cancelada,9
202020,IP,Express,5,15,Cola,7
202020,IP,Express,5,15,No asistió,3
202020,IP,Express,5,17,Atendida,20
202020,IP,Express,5,17,Cancelada,17
202020,IP,Express,5,17,Cola,15
202020,IP,Express,5,17,No asistió,3
202020,IP,Normal,1,8,Atendida,12
202020,IP,Normal,1,8,Cancelada,4
202020,IP,Normal,1,8,Cola,12
202020,IP,Normal,1,8,No asistió,2
202020,IP,Normal,1,10,Atendida,56
202020,IP,Normal,1,10,Cancelada,10
202020,IP,Normal,1,10,Cola,5
202020,IP,Normal,1,10,No asistió,1
202020,IP,Normal,1,11,Atendida,40
202020,IP,Normal,1,11,Cancelada,10
202020,IP,Normal,1,11,Cola,4
202020,IP,Normal,1,13,Atendida,39
202020,IP,Normal,1,13,Cancelada,14
202020,IP,Normal,1,13,Cola,7
202020,IP,Normal,1,13,No asistió,2
202020,IP,Normal,1,14,Atendida,38
202020,IP,Normal,1,14,Cancelada,13
202020,IP,Normal,1,14,Cola,5
202020,IP,Normal,1,16,Atendida,46
202020,IP,Normal,1,16,Cancelada,20
202020,IP,Normal,1,16,Cola,4
202020,IP,Normal,1,17,Atendida,36
202020,IP,Normal,1,17,Cancelada,20
202020,IP,Normal,1,17,Cola,9
202020,IP,Normal,1,17,No asistió,3
202020,IP,Normal,2,8,Atendida,25
202020,IP,Normal,2,8,Cancelada,5
202020,IP,Normal,2,8,Cola,9
202020,IP,Normal,2,8,No asistió,1
202020,IP,Normal,2,10,Atendida,45
202020,IP,Normal,2,10,Cancelada,4
202020,IP,Normal,2,10,Cola,8
202020,IP,Normal,2,11,Atendida,43
202020,IP,Normal,2,11,Cancelada,11
202020,IP,Normal,2,11,Cola,4
202020,IP,Normal,2,11,No asistió,3
202020,IP,Normal,2,13,Atendida,38
202020,IP,Normal,2,13,Cancelada,18
202020,IP,Normal,2,13,Cola,5
202020,IP,Normal,2,13,No asistió,4
202020,IP,Normal,2,14,Atendida,40
202020,IP,Normal,2,14,Cancelada,18
202020,IP,Normal,2,14,Cola,4
202020,IP,Normal,2,14,No asistió,3
202020,IP,Normal,2,16,Atendida,46
202020,IP,Normal,2,16,Cancelada,23
202020,IP,Normal,2,16,Cola,5
202020,IP,Normal,2,16,No asistió,1
202020,IP,Normal,2,17,Atendida,40
202020,IP,Normal,2,17,Cancelada,14
202020,IP,Normal,2,17,Cola,7
202020,IP,Normal,2,17,No asistió,4
202020,IP,Normal,3,8,Atendida,24
202020,IP,Normal,3,8,Cancelada,13
202020,IP,Normal,3,8,Cola,8
202020,IP,Normal,3,10,Atendida,58
202020,IP,Normal,3,10,Cancelada,13
202020,IP,Normal,3,10,Cola,4
202020,IP,Normal,3,10,No asistió,2
202020,IP,Normal,3,11,Atendida,53
202020,IP,Normal,3,11,Cancelada,17
202020,IP,Normal,3,11,Cola,10
202020,IP,Normal,3,13,Atendida,62
202020,IP,Normal,3,13,Cancelada,18
202020,IP,Normal,3,13,Cola,12
202020,IP,Normal,3,13,No asistió,2
202020,IP,Normal,3,14,Atendida,67
202020,IP,Normal,3,14,Cancelada,25
202020,IP,Normal,3,14,Cola,6
202020,IP,Normal,3,14,No asistió,2
202020,IP,Normal,3,16,Atendida,66
202020,IP,Normal,3,16,Cancelada,18
202020,IP,Normal,3,16,Cola,15
202020,IP,Normal,3,16,No asistió,2
202020,IP,Normal,3,17,Atendida,37
202020,IP,Normal,3,17,Cancelada,21
202020,IP,Normal,3,17,Cola,15
202020,IP,Normal,3,17,No asistió,4
202020,IP,Normal,4,8,Atendida,27
202020,IP,Normal,4,8,Cancelada,12
202020,IP,Normal,4,8,Cola,11
202020,IP,Normal,4,8,No asistió,2
202020,IP,Normal,4,10,Atendida,43
202020,IP,Normal,4,10,Cancelada,20
202020,IP,Normal,4,10,Cola,11
202020,IP,Normal,4,10,No asistió,1
202020,IP,Normal,4,11,Atendida,39
202020,IP,Normal,4,11,Cancelada,10
202020,IP,Normal,4,11,Cola,13
202020,IP,Normal,4,11,No asistió,1
202020,IP,Normal,4,13,Atendida,33
202020,IP,Normal,4,13,Cancelada,14
202020,IP,Normal,4,13,Cola,12
202020,IP,Normal,4,13,No asistió,1
202020,IP,Normal,4,14,Atendida,39
202020,IP,Normal,4,14,Cancelada,18
202020,IP,Normal,4,14,Cola,10
202020,IP,Normal,4,14,No asistió,5
202020,IP,Normal,4,16,Atendida,43
202020,IP,Normal,4,16,Cancelada,34
202020,IP,Normal,4,16,Cola,15
202020,IP,Normal,4,17,Atendida,33
202020,IP,Normal,4,17,Cancelada,10
202020,IP,Normal,4,17,Cola,11
202020,IP,Normal,4,17,No asistió,3
202020,IP,Normal,5,8,Abierta,1
202020,IP,Normal,5,8,Atendida,21
202020,IP,Normal,5,8,Cancelada,14
202020,IP,Normal,5,8,Cola,12
202020,IP,Normal,5,8,No asistió,3
202020,IP,Normal,5,10,Atendida,39
202020,IP,Normal,5,10,Cancelada,18
202020,IP,Normal,5,10,Cola,12
202020,IP,Normal,5,10,No asistió,5
202020,IP,Normal,5,11,Atendida,39
202020,IP,Normal,5,11,Cancelada,13
202020,IP,Normal,5,11,Cola,10
202020,IP,Normal,5,11,No asistió,5
202020,IP,Normal,5,13,Atendida,35
202020,IP,Normal,5,13,Cancelada,18
202020,IP,Normal,5,13,Cola,11
202020,IP,Normal,5,13,No asistió,3
202020,IP,Normal,5,14,Atendida,42
202020,IP,Normal,5,14,Cancelada,17
202020,IP,Normal,5,14,Cola,12
202020,IP,Normal,5,14,No asistió,4
202020,IP,Normal,5,16,Atendida,51
202020,IP,Normal,5,16,Cancelada,14
202020,IP,Normal,5,16,Cola,16
202020,IP,Normal,5,16,No asistió,1
202020,IP,Normal,5,17,Atendida,17
202020,IP,Normal,5,17,Cancelada,16
202020,IP,Normal,5,17,Cola,13
202020,IP,Normal,5,17,No asistió,2
202020,IP,Normal pico,1,8,Atendida,16
202020,IP,Normal pico,1,8,Cancelada,6
202020,IP,Normal pico,1,8,Cola,4
202020,IP,Normal pico,1,8,No asistió,3
202020,IP,Normal pico,1,10,Abierta,1
202020,IP,Normal pico,1,10,Atendida,26
202020,IP,Normal pico,1,10,Cancelada,9
202020,IP,Normal pico,1,10,Cola,5
202020,IP,Normal pico,1,11,Atendida,21
202020,IP,Normal pico,1,11,Cancelada,8
202020,IP,Normal pico,1,11,Cola,2
202020,IP,Normal pico,1,11,No asistió,3
202020,IP,Normal pico,1,13,Atendida,23
202020,IP,Normal pico,1,13,Cancelada,9
202020,IP,Normal pico,1,13,Cola,4
202020,IP,Normal pico,1,13,No asistió,1
202020,IP,Normal pico,1,14,Abierta,1
202020,IP,Normal pico,1,14,Atendida,24
202020,IP,Normal pico,1,14,Cancelada,11
202020,IP,Normal pico,1,14,Cola,5
202020,IP,Normal pico,1,14,No asistió,1
202020,IP,Normal pico,1,16,Abierta,1
202020,IP,Normal pico,1,16,Atendida,29
202020,IP,Normal pico,1,16,Cancelada,10
202020,IP,Normal pico,1,16,Cola,5
202020,IP,Normal pico,1,16,No asistió,1
202020,IP,Normal pico,1,17,Atendida,26
202020,IP,Normal pico,1,17,Cancelada,14
202020,IP,Normal pico,1,17,Cola,2
202020,IP,Normal pico,1,17,No asistió,3
202020,IP,Normal pico,2,8,Atendida,19
202020,IP,Normal pico,2,8,Cancelada,8
202020,IP,Normal pico,2,8,Cola,4
202020,IP,Normal pico,2,8,No asistió,2
202020,IP,Normal pico,2,10,Atendida,18
202020,IP,Normal pico,2,10,Cancelada,8
202020,IP,Normal pico,2,10,Cola,5
202020,IP,Normal pico,2,11,Atendida,23
202020,IP,Normal pico,2,11,Cancelada,8
202020,IP,Normal pico,2,11,Cola,4
202020,IP,Normal pico,2,11,No asistió,1
202020,IP,Normal pico,2,13,Atendida,15
202020,IP,Normal pico,2,13,Cancelada,11
202020,IP,Normal pico,2,13,Cola,3
202020,IP,Normal pico,2,14,Atendida,21
202020,IP,Normal pico,2,14,Cancelada,10
202020,IP,Normal pico,2,14,Cola,6
202020,IP,Normal pico,2,14,No asistió,1
202020,IP,Normal pico,2,16,Atendida,16
202020,IP,Normal pico,2,16,Cancelada,9
202020,IP,Normal pico,2,16,Cola,3
202020,IP,Normal pico,2,17,Atendida,14
202020,IP,Normal pico,2,17,Cancelada,7
202020,IP,Normal pico,2,17,Cola,7
202020,IP,Normal pico,2,17,No asistió,1
202020,IP,Normal pico,3,8,Abierta,1
202020,IP,Normal pico,3,8,Atendida,23
202020,IP,Normal pico,3,8,Cancelada,9
202020,IP,Normal pico,3,8,Cola,3
202020,IP,Normal pico,3,8,No asistió,1
202020,IP,Normal pico,3,10,Atendida,24
202020,IP,Normal pico,3,10,Cancelada,16
202020,IP,Normal pico,3,10,Cola,3
202020,IP,Normal pico,3,10,No asistió,1
202020,IP,Normal pico,3,11,Abierta,1
202020,IP,Normal pico,3,11,Atendida,23
202020,IP,Normal pico,3,11,Cancelada,15
202020,IP,Normal pico,3,11,Cola,4
202020,IP,Normal pico,3,11,No asistió,2
202020,IP,Normal pico,3,13,Atendida,24
202020,IP,Normal pico,3,13,Cancelada,13
202020,IP,Normal pico,3,13,Cola,4
202020,IP,Normal pico,3,13,No asistió,2
202020,IP,Normal pico,3,14,Atendida,26
202020,IP,Normal pico,3,14,Cancelada,10
202020,IP,Normal pico,3,14,Cola,8
202020,IP,Normal pico,3,16,Atendida,21
202020,IP,Normal pico,3,16,Cancelada,8
202020,IP,Normal pico,3,16,Cola,5
202020,IP,Normal pico,3,16,No asistió,2
202020,IP,Normal pico,3,17,Abierta,1
202020,IP,Normal pico,3,17,Atendida,21
202020,IP,Normal pico,3,17,Cancelada,11
202020,IP,Normal pico,3,17,Cola,3
202020,IP,Normal pico,3,17,No asistió,1
202020,IP,Normal pico,4,8,Atendida,19
202020,IP,Normal pico,4,8,Cancelada,9
202020,IP,Normal pico,4,8,Cola,1
202020,IP,Normal pico,4,10,Atendida,21
202020,IP,Normal pico,4,10,Cancelada,15
202020,IP,Normal pico,4,10,Cola,4
202020,IP,Normal pico,4,10,No asistió,2
202020,IP,Normal pico,4,11,Atendida,23
202020,IP,Normal pico,4,11,Cancelada,15
202020,IP,Normal pico,4,11,Cola,2
202020,IP,Normal pico,4,11,No asistió,1
202020,IP,Normal pico,4,13,Atendida,18
202020,IP,Normal pico,4,13,Cancelada,14
202020,IP,Normal pico,4,13,Cola,2
202020,IP,Normal pico,4,13,No asistió,1
202020,IP,Normal pico,4,14,Abierta,1
202020,IP,Normal pico,4,14,Atendida,16
202020,IP,Normal pico,4,14,Cancelada,17
202020,IP,Normal pico,4,14,Cola,4
202020,IP,Normal pico,4,16,Atendida,9
202020,IP,Normal pico,4,16,Cancelada,7
202020,IP,Normal pico,4,16,Cola,2
202020,IP,Normal pico,4,17,Atendida,19
202020,IP,Normal pico,4,17,Cancelada,14
202020,IP,Normal pico,4,17,Cola,4
202020,IP,Normal pico,4,17,No asistió,1
202020,IP,Normal pico,5,8,Abierta,2
202020,IP,Normal pico,5,8,Atendida,20
202020,IP,Normal pico,5,8,Cancelada,4
202020,IP,Normal pico,5,8,Cola,5
202020,IP,Normal pico,5,8,No asistió,2
202020,IP,Normal pico,5,10,Atendida,22
202020,IP,Normal pico,5,10,Cancelada,14
202020,IP,Normal pico,5,10,Cola,4
202020,IP,Normal pico,5,10,No asistió,3
202020,IP,Normal pico,5,11,Atendida,26
202020,IP,Normal pico,5,11,Cancelada,11
202020,IP,Normal pico,5,11,Cola,6
202020,IP,Normal pico,5,11,No asistió,2
202020,IP,Normal pico,5,13,Abierta,1
202020,IP,Normal pico,5,13,Atendida,23
202020,IP,Normal pico,5,13,Cancelada,11
202020,IP,Normal pico,5,13,Cola,9
202020,IP,Normal pico,5,14,Abierta,2
202020,IP,Normal pico,5,14,Atendida,22
202020,IP,Normal pico,5,14,Cancelada,6
202020,IP,Normal pico,5,14,Cola,3
202020,IP,Normal pico,5,16,Atendida,21
202020,IP,Normal pico,5,16,Cancelada,4
202020,IP,Normal pico,5,16,Cola,6
202020,IP,Normal pico,5,16,No asistió,2
202020,IP,Normal pico,5,17,Abierta,2
202020,IP,Normal pico,5,17,Atendida,15
202020,IP,Normal pico,5,17,Cancelada,16
202020,IP,Normal pico,5,17,Cola,7
202020,IP,Normal pico,5,17,No asistió,1
202110,"Deprecated, DPOO","Deprecated, Grupal",2,17,Atendida,19
202110,"Deprecated, DPOO","Deprecated, Grupal",2,17,Cancelada,7
202110,"Deprecated, DPOO","Deprecated, Grupal",2,17,Cola,3
202110,"Deprecated, DPOO","Deprecated, Grupal",2,17,No asistió,2
202110,"Deprecated, DPOO","Deprecated, Grupal",3,15,Atendida,9
202110,"Deprecated, DPOO","Deprecated, Grupal",3,15,Cancelada,5
202110,"Deprecated, DPOO","Deprecated, Grupal",3,15,Cola,2
202110,"Deprecated, DPOO","Deprecated, Grupal",3,15,No asistió,1
202110,"Deprecated, DPOO","Deprecated, Grupal",3,17,Atendida,6
202110,"Deprecated, DPOO","Deprecated, Grupal",3,17,Cancelada,1
202110,"Deprecated, DPOO","Deprecated, Grupal",3,17,Cola,1
202110,"Deprecated, DPOO","Deprecated, Grupal",4,11,Atendida,6
202110,"Deprecated, DPOO","Deprecated, Grupal",4,11,Cancelada,2
202110,"Deprecated, DPOO","Deprecated, Grupal",4,11,No asistió,3
202110,"Deprecated, DPOO","Deprecated, Grupal",5,11,Atendida,4
202110,"Deprecated, DPOO","Deprecated, Grupal",5,11,Cancelada,4
202110,"Deprecated, DPOO","Deprecated, Grupal",5,17,Atendida,12
202110,"Deprecated, DPOO","Deprecated, Grupal",5,17,Cancelada,5
202110,"Deprecated, DPOO","Deprecated, Grupal",5,17,Cola,1
202110,"Deprecated, DPOO","Deprecated, Grupal",5,17,No asistió,1
202110,EDA,Express,1,12,Atendida,8
202110,EDA,Express,1,12,Cancelada,2
202110,EDA,Express,1,12,No asistió,1
202110,EDA,Express,1,15,Abierta,1
202110,EDA,Express,1,15,Atendida,6
202110,EDA,Express,1,15,Cancelada,5
202110,EDA,Express,1,16,Atendida,8
202110,EDA,Express,1,16,Cancelada,6
202110,EDA,Express,1,16,Cola,1
202110,EDA,Express,1,16,No asistió,1
202110,EDA,Express,2,12,Atendida,4
202110,EDA,Express,2,12,Cancelada,3
202110,EDA,Express,2,12,No asistió,1
202110,EDA,Express,2,16,Atendida,8
202110,EDA,Express,2,16,Cancelada,5
202110,EDA,Express,3,9,Atendida,7
202110,EDA,Express,3,9,Cancelada,1
202110,EDA,Express,3,12,Atendida,5
202110,EDA,Express,3,12,Cancelada,5
202110,EDA,Express,3,12,No asistió,1
202110,EDA,Express,3,13,Atendida,3
202110,EDA,Express,3,13,Cancelada,2
202110,EDA,Express,3,15,Atendida,4
202110,EDA,Express,3,15,Cancelada,4
202110,EDA,Express,3,15,No asistió,1
202110,EDA,Express,3,16,Cancelada,1
202110,EDA,Express,3,16,No asistió,1
202110,EDA,Express,4,15,Atendida,3
202110,EDA,Express,4,15,Cancelada,2
202110,EDA,Express,4,15,No asistió,1
202110,EDA,Express,5,9,Atendida,2
202110,EDA,Express,5,9,Cancelada,1
202110,EDA,Express,5,9,No asistió,1
202110,EDA,Express,5,12,Atendida,4
202110,EDA,Express,5,12,No asistió,1
202110,EDA,Normal,1,12,Atendida,8
202110,EDA,Normal,1,14,Atendida,1
202110,EDA,Normal,1,15,Atendida,11
202110,EDA,Normal,1,15,Cancelada,7
202110,EDA,Normal,1,15,No asistió,1
202110,EDA,Normal,1,17,Atendida,13
202110,EDA,Normal,1,17,Cancelada,4
202110,EDA,Normal,1,17,Cola,2
202110,EDA,Normal,2,8,Atendida,7
202110,EDA,Normal,2,8,Cancelada,7
202110,EDA,Normal,2,8,No asistió,2
202110,EDA,Normal,2,9,Abierta,1
202110,EDA,Normal,2,9,Atendida,1
202110,EDA,Normal,2,9,Cancelada,1
202110,EDA,Normal,2,11,Atendida,6
202110,EDA,Normal,2,11,Cancelada,5
202110,EDA,Normal,2,12,Atendida,9
202110,EDA,Normal,2,12,Cancelada,3
202110,EDA,Normal,2,12,No asistió,1
202110,EDA,Normal,2,14,Atendida,11
202110,EDA,Normal,2,14,Cancelada,3
202110,EDA,Normal,2,15,Atendida,8
202110,EDA,Normal,2,15,Cancelada,3
202110,EDA,Normal,2,15,Cola,2
202110,EDA,Normal,2,17,Atendida,15
202110,EDA,Normal,2,17,Cancelada,5
202110,EDA,Normal,2,17,Cola,1
202110,EDA,Normal,2,17,No asistió,2
202110,EDA,Normal,3,8,Atendida,6
202110,EDA,Normal,3,8,Cancelada,1
202110,EDA,Normal,3,8,No asistió,1
202110,EDA,Normal,3,9,Atendida,5
202110,EDA,Normal,3,9,Cancelada,5
202110,EDA,Normal,3,9,No asistió,1
202110,EDA,Normal,3,11,Atendida,17
202110,EDA,Normal,3,11,Cancelada,3
202110,EDA,Normal,3,12,Atendida,14
202110,EDA,Normal,3,12,Cancelada,11
202110,EDA,Normal,3,12,No asistió,1
202110,EDA,Normal,3,14,Atendida,3
202110,EDA,Normal,3,14,Cancelada,10
202110,EDA,Normal,3,14,Cola,1
202110,EDA,Normal,3,15,Abierta,1
202110,EDA,Normal,3,15,Atendida,4
202110,EDA,Normal,3,15,Cancelada,3
202110,EDA,Normal,3,15,Cola,2
202110,EDA,Normal,3,15,No asistió,1
202110,EDA,Normal,3,17,Cancelada,1
202110,EDA,Normal,4,9,Atendida,3
202110,EDA,Normal,4,9,Cancelada,4
202110,EDA,Normal,4,9,Cola,1
202110,EDA,Normal,4,12,Cancelada,2
202110,EDA,Normal,4,12,No asistió,3
202110,EDA,Normal,4,14,Atendida,2
202110,EDA,Normal,4,14,Cancelada,1
202110,EDA,Normal,4,15,Atendida,4
202110,EDA,Normal,4,15,Cancelada,3
202110,EDA,Normal,4,17,Atendida,4
202110,EDA,Normal,4,17,Cancelada,2
202110,EDA,Normal,4,17,No asistió,1
202110,EDA,Normal,5,8,Atendida,7
202110,EDA,Normal,5,8,Cancelada,1
202110,EDA,Normal,5,9,Atendida,8
202110,EDA,Normal,5,9,Cancelada,2
202110,EDA,Normal,5,12,Atendida,9
202110,EDA,Normal,5,12,Cancelada,3
202110,EDA,Normal,5,12,Cola,1
202110,Entrevista,Entrevistas,1,8,Atendida,5
202110,Entrevista,Entrevistas,1,8,Cancelada,2
202110,Entrevista,Entrevistas,1,9,Atendida,2
202110,Entrevista,Entrevistas,1,9,Cancelada,2
202110,Entrevista,Entrevistas,1,9,No asistió,1
202110,Entrevista,Entrevistas,1,10,Atendida,4
202110,Entrevista,Entrevistas,1,11,Atendida,5
202110,Entrevista,Entrevistas,1,11,No asistió,1
202110,Entrevista,Entrevistas,1,12,Atendida,2
202110,Entrevista,Entrevistas,1,14,Cancelada,1
202110,Entrevista,Entrevistas,1,15,Atendida,2
202110,Entrevista,Entrevistas,1,15,Cancelada,1
202110,Entrevista,Entrevistas,1,16,Atendida,3
202110,Entrevista,Entrevistas,1,16,Cancelada,1
202110,Entrevista,Entrevistas,1,17,Atendida,3
202110,Entrevista,Entrevistas,2,9,Atendida,1
202110,Entrevista,Entrevistas,2,10,Atendida,2
202110,Entrevista,Entrevistas,2,12,No asistió,1
202110,Entrevista,Entrevistas,2,14,Cancelada,1
202110,Entrevista,Entrevistas,2,15,Cancelada,1
202110,Entrevista,Entrevistas,2,16,Atendida,1
202110,Entrevista,Entrevistas,2,17,Atendida,1
202110,Entrevista,Entrevistas,3,8,Atendida,1
202110,Entrevista,Entrevistas,3,8,Cancelada,1
202110,Entrevista,Entrevistas,3,9,Atendida,1
202110,Entrevista,Entrevistas,3,14,Atendida,1
202110,Entrevista,Entrevistas,3,17,Atendida,2
202110,Entrevista,Entrevistas,3,17,Cancelada,1
202110,Entrevista,Entrevistas,4,11,Cancelada,1
202110,Entrevista,Entrevistas,4,16,Atendida,1
202110,Entrevista,Entrevistas,4,17,Atendida,2
202110,Entrevista,Entrevistas,5,10,Atendida,1
202110,Entrevista,Entrevistas,5,15,Atendida,1
202110,Entrevista,Entrevistas,5,17,Atendida,1
202110,IP,Express,1,9,Atendida,29
202110,IP,Express,1,9,Cancelada,3
202110,IP,Express,1,9,Cola,11
202110,IP,Express,1,10,Abierta,1
202110,IP,Express,1,10,Atendida,36
202110,IP,Express,1,10,Cancelada,7
202110,IP,Express,1,10,Cola,10
202110,IP,Express,1,10,No asistió,1
202110,IP,Express,1,12,Atendida,35
202110,IP,Express,1,12,Cancelada,13
202110,IP,Express,1,12,Cola,10
202110,IP,Express,1,12,No asistió,3
202110,IP,Express,1,13,Atendida,23
202110,IP,Express,1,13,Cancelada,8
202110,IP,Express,1,13,Cola,8
202110,IP,Express,1,15,Atendida,36
202110,IP,Express,1,15,Cancelada,16
202110,IP,Express,1,15,Cola,7
202110,IP,Express,1,15,No asistió,5
202110,IP,Express,1,16,Abierta,1
202110,IP,Express,1,16,Atendida,16
202110,IP,Express,1,16,Cancelada,4
202110,IP,Express,1,16,Cola,8
202110,IP,Express,1,16,No asistió,1
202110,IP,Express,2,9,Atendida,37
202110,IP,Express,2,9,Cancelada,11
202110,IP,Express,2,9,Cola,9
202110,IP,Express,2,9,No asistió,1
202110,IP,Express,2,10,Atendida,35
202110,IP,Express,2,10,Cancelada,19
202110,IP,Express,2,10,Cola,12
202110,IP,Express,2,10,No asistió,3
202110,IP,Express,2,12,Atendida,27
202110,IP,Express,2,12,Cancelada,13
202110,IP,Express,2,12,Cola,12
202110,IP,Express,2,13,Atendida,27
202110,IP,Express,2,13,Cancelada,10
202110,IP,Express,2,13,Cola,9
202110,IP,Express,2,13,No asistió,2
202110,IP,Express,2,15,Atendida,25
202110,IP,Express,2,15,Cancelada,16
202110,IP,Express,2,15,Cola,13
202110,IP,Express,2,15,No asistió,5
202110,IP,Express,2,16,Atendida,2
202110,IP,Express,2,16,Cancelada,3
202110,IP,Express,2,16,Cola,4
202110,IP,Express,3,9,Atendida,12
202110,IP,Express,3,9,Cancelada,5
202110,IP,Express,3,9,Cola,15
202110,IP,Express,3,9,No asistió,3
202110,IP,Express,3,10,Atendida,24
202110,IP,Express,3,10,Cancelada,20
202110,IP,Express,3,10,Cola,10
202110,IP,Express,3,10,No asistió,2
202110,IP,Express,3,12,Atendida,26
202110,IP,Express,3,12,Cancelada,15
202110,IP,Express,3,12,Cola,10
202110,IP,Express,3,12,No asistió,2
202110,IP,Express,3,13,Atendida,27
202110,IP,Express,3,13,Cancelada,22
202110,IP,Express,3,13,Cola,13
202110,IP,Express,3,13,No asistió,2
202110,IP,Express,3,15,Atendida,14
202110,IP,Express,3,15,Cancelada,14
202110,IP,Express,3,15,Cola,12
202110,IP,Express,3,15,No asistió,6
202110,IP,Express,3,16,Atendida,37
202110,IP,Express,3,16,Cancelada,16
202110,IP,Express,3,16,Cola,18
202110,IP,Express,3,16,No asistió,1
202110,IP,Express,4,9,Atendida,12
202110,IP,Express,4,9,Cancelada,9
202110,IP,Express,4,9,Cola,8
202110,IP,Express,4,9,No asistió,2
202110,IP,Express,4,10,Atendida,25
202110,IP,Express,4,10,Cancelada,8
202110,IP,Express,4,10,Cola,11
202110,IP,Express,4,10,No asistió,3
202110,IP,Express,4,12,Atendida,36
202110,IP,Express,4,12,Cancelada,20
202110,IP,Express,4,12,Cola,9
202110,IP,Express,4,12,No asistió,3
202110,IP,Express,4,13,Atendida,31
202110,IP,Express,4,13,Cancelada,6
202110,IP,Express,4,13,Cola,6
202110,IP,Express,4,13,No asistió,2
202110,IP,Express,4,15,Atendida,36
202110,IP,Express,4,15,Cancelada,26
202110,IP,Express,4,15,Cola,10
202110,IP,Express,4,15,No asistió,1
202110,IP,Express,4,16,Atendida,10
202110,IP,Express,4,16,Cancelada,14
202110,IP,Express,4,16,Cola,12
202110,IP,Express,4,16,No asistió,2
202110,IP,Express,5,9,Atendida,25
202110,IP,Express,5,9,Cancelada,11
202110,IP,Express,5,9,Cola,14
202110,IP,Express,5,9,No asistió,1
202110,IP,Express,5,10,Atendida,9
202110,IP,Express,5,10,Cancelada,7
202110,IP,Express,5,10,Cola,13
202110,IP,Express,5,10,No asistió,5
202110,IP,Express,5,12,Atendida,6
202110,IP,Express,5,12,Cancelada,3
202110,IP,Express,5,12,Cola,2
202110,IP,Express,5,13,Atendida,28
202110,IP,Express,5,13,Cancelada,14
202110,IP,Express,5,13,Cola,13
202110,IP,Express,5,13,No asistió,1
202110,IP,Express,5,15,Atendida,33
202110,IP,Express,5,15,Cancelada,15
202110,IP,Express,5,15,Cola,15
202110,IP,Express,5,15,No asistió,6
202110,IP,Express,5,16,Atendida,24
202110,IP,Express,5,16,Cancelada,7
202110,IP,Express,5,16,Cola,16
202110,IP,Express,5,16,No asistió,3
202110,IP,Normal,1,8,Atendida,59
202110,IP,Normal,1,8,Cancelada,18
202110,IP,Normal,1,8,Cola,8
202110,IP,Normal,1,8,No asistió,2
202110,IP,Normal,1,9,Atendida,55
202110,IP,Normal,1,9,Cancelada,13
202110,IP,Normal,1,9,Cola,11
202110,IP,Normal,1,11,Atendida,57
202110,IP,Normal,1,11,Cancelada,11
202110,IP,Normal,1,11,Cola,12
202110,IP,Normal,1,11,No asistió,1
202110,IP,Normal,1,12,Atendida,46
202110,IP,Normal,1,12,Cancelada,15
202110,IP,Normal,1,12,Cola,11
202110,IP,Normal,1,12,No asistió,4
202110,IP,Normal,1,14,Abierta,1
202110,IP,Normal,1,14,Atendida,54
202110,IP,Normal,1,14,Cancelada,15
202110,IP,Normal,1,14,Cola,12
202110,IP,Normal,1,15,Atendida,39
202110,IP,Normal,1,15,Cancelada,10
202110,IP,Normal,1,15,Cola,15
202110,IP,Normal,1,17,Atendida,45
202110,IP,Normal,1,17,Cancelada,23
202110,IP,Normal,1,17,Cola,18
202110,IP,Normal,1,17,No asistió,8
202110,IP,Normal,2,8,Atendida,42
202110,IP,Normal,2,8,Cancelada,15
202110,IP,Normal,2,8,Cola,21
202110,IP,Normal,2,8,No asistió,3
202110,IP,Normal,2,9,Atendida,49
202110,IP,Normal,2,9,Cancelada,19
202110,IP,Normal,2,9,Cola,11
202110,IP,Normal,2,9,No asistió,1
202110,IP,Normal,2,11,Atendida,48
202110,IP,Normal,2,11,Cancelada,17
202110,IP,Normal,2,11,Cola,15
202110,IP,Normal,2,12,Atendida,42
202110,IP,Normal,2,12,Cancelada,15
202110,IP,Normal,2,12,Cola,17
202110,IP,Normal,2,12,No asistió,3
202110,IP,Normal,2,14,Atendida,32
202110,IP,Normal,2,14,Cancelada,11
202110,IP,Normal,2,14,Cola,13
202110,IP,Normal,2,14,No asistió,2
202110,IP,Normal,2,15,Atendida,40
202110,IP,Normal,2,15,Cancelada,18
202110,IP,Normal,2,15,Cola,15
202110,IP,Normal,2,15,No asistió,2
202110,IP,Normal,2,17,Atendida,46
202110,IP,Normal,2,17,Cancelada,12
202110,IP,Normal,2,17,Cola,21
202110,IP,Normal,2,17,No asistió,3
202110,IP,Normal,3,8,Atendida,44
202110,IP,Normal,3,8,Cancelada,24
202110,IP,Normal,3,8,Cola,16
202110,IP,Normal,3,8,No asistió,4
202110,IP,Normal,3,9,Atendida,44
202110,IP,Normal,3,9,Cancelada,23
202110,IP,Normal,3,9,Cola,9
202110,IP,Normal,3,9,No asistió,2
202110,IP,Normal,3,11,Atendida,47
202110,IP,Normal,3,11,Cancelada,19
202110,IP,Normal,3,11,Cola,15
202110,IP,Normal,3,11,No asistió,2
202110,IP,Normal,3,12,Atendida,40
202110,IP,Normal,3,12,Cancelada,16
202110,IP,Normal,3,12,Cola,10
202110,IP,Normal,3,12,No asistió,2
202110,IP,Normal,3,14,Atendida,30
202110,IP,Normal,3,14,Cancelada,10
202110,IP,Normal,3,14,Cola,15
202110,IP,Normal,3,14,No asistió,3
202110,IP,Normal,3,15,Atendida,44
202110,IP,Normal,3,15,Cancelada,17
202110,IP,Normal,3,15,Cola,21
202110,IP,Normal,3,15,No asistió,2
202110,IP,Normal,3,17,Atendida,76
202110,IP,Normal,3,17,Cancelada,32
202110,IP,Normal,3,17,Cola,21
202110,IP,Normal,3,17,No asistió,4
202110,IP,Normal,4,9,Atendida,38
202110,IP,Normal,4,9,Cancelada,22
202110,IP,Normal,4,9,Cola,16
202110,IP,Normal,4,9,No asistió,4
202110,IP,Normal,4,11,Atendida,62
202110,IP,Normal,4,11,Cancelada,31
202110,IP,Normal,4,11,Cola,11
202110,IP,Normal,4,11,No asistió,6
202110,IP,Normal,4,12,Atendida,58
202110,IP,Normal,4,12,Cancelada,23
202110,IP,Normal,4,12,Cola,14
202110,IP,Normal,4,12,No asistió,1
202110,IP,Normal,4,14,Atendida,47
202110,IP,Normal,4,14,Cancelada,25
202110,IP,Normal,4,14,Cola,13
202110,IP,Normal,4,14,No asistió,2
202110,IP,Normal,4,15,Atendida,30
202110,IP,Normal,4,15,Cancelada,11
202110,IP,Normal,4,15,Cola,15
202110,IP,Normal,4,15,No asistió,1
202110,IP,Normal,4,17,Atendida,43
202110,IP,Normal,4,17,Cancelada,25
202110,IP,Normal,4,17,Cola,19
202110,IP,Normal,4,17,No asistió,7
202110,IP,Normal,5,8,Atendida,45
202110,IP,Normal,5,8,Cancelada,26
202110,IP,Normal,5,8,Cola,18
202110,IP,Normal,5,8,No asistió,6
202110,IP,Normal,5,9,Atendida,45
202110,IP,Normal,5,9,Cancelada,29
202110,IP,Normal,5,9,Cola,16
202110,IP,Normal,5,9,No asistió,3
202110,IP,Normal,5,11,Atendida,24
202110,IP,Normal,5,11,Cancelada,15
202110,IP,Normal,5,11,Cola,18
202110,IP,Normal,5,11,No asistió,2
202110,IP,Normal,5,12,Atendida,30
202110,IP,Normal,5,12,Cancelada,15
202110,IP,Normal,5,12,Cola,17
202110,IP,Normal,5,12,No asistió,2
202110,IP,Normal,5,14,Atendida,60
202110,IP,Normal,5,14,Cancelada,25
202110,IP,Normal,5,14,Cola,16
202110,IP,Normal,5,14,No asistió,4
202110,IP,Normal,5,15,Atendida,42
202110,IP,Normal,5,15,Cancelada,23
202110,IP,Normal,5,15,Cola,22
202110,IP,Normal,5,15,No asistió,4
202110,IP,Normal,5,17,Atendida,46
202110,IP,Normal,5,17,Cancelada,17
202110,IP,Normal,5,17,Cola,28
202110,IP,Normal,5,17,No asistió,4
202110,IP,Normal pico,1,8,Atendida,25
202110,IP,Normal pico,1,8,Cancelada,6
202110,IP,Normal pico,1,8,Cola,7
202110,IP,Normal pico,1,8,No asistió,1
202110,IP,Normal pico,1,9,Atendida,20
202110,IP,Normal pico,1,9,Cancelada,13
202110,IP,Normal pico,1,9,Cola,7
202110,IP,Normal pico,1,11,Atendida,26
202110,IP,Normal pico,1,11,Cancelada,9
202110,IP,Normal pico,1,11,Cola,6
202110,IP,Normal pico,1,12,Atendida,26
202110,IP,Normal pico,1,12,Cancelada,8
202110,IP,Normal pico,1,12,Cola,7
202110,IP,Normal pico,1,14,Atendida,28
202110,IP,Normal pico,1,14,Cancelada,12
202110,IP,Normal pico,1,14,Cola,6
202110,IP,Normal pico,1,14,No asistió,2
202110,IP,Normal pico,1,15,Atendida,27
202110,IP,Normal pico,1,15,Cancelada,7
202110,IP,Normal pico,1,15,Cola,9
202110,IP,Normal pico,1,17,Atendida,30
202110,IP,Normal pico,1,17,Cancelada,12
202110,IP,Normal pico,1,17,Cola,10
202110,IP,Normal pico,1,17,No asistió,2
202110,IP,Normal pico,2,8,Abierta,2
202110,IP,Normal pico,2,8,Atendida,19
202110,IP,Normal pico,2,8,Cancelada,8
202110,IP,Normal pico,2,8,Cola,7
202110,IP,Normal pico,2,8,No asistió,3
202110,IP,Normal pico,2,9,Abierta,1
202110,IP,Normal pico,2,9,Atendida,22
202110,IP,Normal pico,2,9,Cancelada,9
202110,IP,Normal pico,2,9,Cola,9
202110,IP,Normal pico,2,9,No asistió,3
202110,IP,Normal pico,2,11,Abierta,1
202110,IP,Normal pico,2,11,Atendida,21
202110,IP,Normal pico,2,11,Cancelada,11
202110,IP,Normal pico,2,11,Cola,12
202110,IP,Normal pico,2,11,No asistió,4
202110,IP,Normal pico,2,12,Atendida,17
202110,IP,Normal pico,2,12,Cancelada,8
202110,IP,Normal pico,2,12,Cola,7
202110,IP,Normal pico,2,12,No asistió,4
202110,IP,Normal pico,2,14,Atendida,23
202110,IP,Normal pico,2,14,Cancelada,5
202110,IP,Normal pico,2,14,Cola,8
202110,IP,Normal pico,2,14,No asistió,3
202110,IP,Normal pico,2,15,Atendida,20
202110,IP,Normal pico,2,15,Cancelada,7
202110,IP,Normal pico,2,15,Cola,10
202110,IP,Normal pico,2,15,No asistió,1
202110,IP,Normal pico,2,17,Atendida,25
202110,IP,Normal pico,2,17,Cancelada,8
202110,IP,Normal pico,2,17,Cola,9
202110,IP,Normal pico,2,17,No asistió,3
202110,IP,Normal pico,3,8,Atendida,12
202110,IP,Normal pico,3,8,Cancelada,4
202110,IP,Normal pico,3,8,Cola,7
202110,IP,Normal pico,3,8,No asistió,4
202110,IP,Normal pico,3,9,Atendida,17
202110,IP,Normal pico,3,9,Cancelada,10
202110,IP,Normal pico,3,9,Cola,5
202110,IP,Normal pico,3,9,No asistió,3
202110,IP,Normal pico,3,11,Atendida,19
202110,IP,Normal pico,3,11,Cancelada,13
202110,IP,Normal pico,3,11,Cola,6
202110,IP,Normal pico,3,11,No asistió,2
202110,IP,Normal pico,3,12,Atendida,19
202110,IP,Normal pico,3,12,Cancelada,13
202110,IP,Normal pico,3,12,Cola,10
202110,IP,Normal pico,3,12,No asistió,2
202110,IP,Normal pico,3,14,Atendida,21
202110,IP,Normal pico,3,14,Cancelada,11
202110,IP,Normal pico,3,14,Cola,9
202110,IP,Normal pico,3,14,No asistió,3
202110,IP,Normal pico,3,15,Atendida,21
202110,IP,Normal pico,3,15,Cancelada,15
202110,IP,Normal pico,3,15,Cola,9
202110,IP,Normal pico,3,15,No asistió,2
202110,IP,Normal pico,3,17,Atendida,25
202110,IP,Normal pico,3,17,Cancelada,12
202110,IP,Normal pico,3,17,Cola,10
202110,IP,Normal pico,3,17,No asistió,1
202110,IP,Normal pico,4,8,Atendida,6
202110,IP,Normal pico,4,8,Cancelada,3
202110,IP,Normal pico,4,8,Cola,1
202110,IP,Normal pico,4,8,No asistió,2
202110,IP,Normal pico,4,9,Atendida,15
202110,IP,Normal pico,4,9,Cancelada,3
202110,IP,Normal pico,4,9,Cola,2
202110,IP,Normal pico,4,9,No asistió,2
202110,IP,Normal pico,4,11,Atendida,15
202110,IP,Normal pico,4,11,Cancelada,6
202110,IP,Normal pico,4,11,Cola,2
202110,IP,Normal pico,4,11,No asistió,1
202110,IP,Normal pico,4,12,Atendida,13
202110,IP,Normal pico,4,12,Cancelada,2
202110,IP,Normal pico,4,12,Cola,1
202110,IP,Normal pico,4,14,Atendida,8
202110,IP,Normal pico,4,14,Cancelada,6
202110,IP,Normal pico,4,14,Cola,3
202110,IP,Normal pico,4,15,Atendida,17
202110,IP,Normal pico,4,15,Cancelada,4
202110,IP,Normal pico,4,15,Cola,2
202110,IP,Normal pico,4,17,Atendida,15
202110,IP,Normal pico,4,17,Cancelada,6
202110,IP,Normal pico,4,17,Cola,2
202110,IP,Normal pico,4,17,No asistió,2
202110,IP,Normal pico,5,8,Atendida,18
202110,IP,Normal pico,5,8,Cancelada,5
202110,IP,Normal pico,5,8,Cola,3
202110,IP,Normal pico,5,8,No asistió,1
202110,IP,Normal pico,5,9,Atendida,11
202110,IP,Normal pico,5,9,Cancelada,6
202110,IP,Normal pico,5,9,Cola,2
202110,IP,Normal pico,5,9,No asistió,2
202110,IP,Normal pico,5,11,Atendida,15
202110,IP,Normal pico,5,11,Cancelada,4
202110,IP,Normal pico,5,11,Cola,3
202110,IP,Normal pico,5,12,Atendida,22
202110,IP,Normal pico,5,12,Cancelada,8
202110,IP,Normal pico,5,12,Cola,2
202110,IP,Normal pico,5,14,Atendida,14
202110,IP,Normal pico,5,14,Cancelada,5
202110,IP,Normal pico,5,14,Cola,4
202110,IP,Normal pico,5,14,No asistió,4
202110,IP,Normal pico,5,15,Atendida,23
202110,IP,Normal pico,5,15,Cancelada,9
202110,IP,Normal pico,5,15,Cola,4
202110,IP,Normal pico,5,15,No asistió,1
202110,IP,Normal pico,5,17,Abierta,1
202110,IP,Normal pico,5,17,Atendida,21
202110,IP,Normal pico,5,17,Cancelada,10
202110,IP,Normal pico,5,17,Cola,6
202119,EDA,Express,2,9,Atendida,2
202119,EDA,Normal,2,10,Cancelada,1
202119,EDA,Normal,2,13,Atendida,1
202119,EDA,Normal,3,10,Atendida,2
202119,EDA,Normal,3,10,Cancelada,1
202119,EDA,Normal,3,13,Cancelada,1
202119,EDA,Normal,4,10,Cancelada,2
202119,EDA,Normal,4,11,Atendida,1
202119,EDA,Normal,4,11,Cancelada,3
202119,EDA,Normal,4,13,Atendida,3
202119,EDA,Normal,4,13,Cancelada,1
202119,EDA,Normal,4,15,Cancelada,1
202119,EDA,Normal,5,10,Cancelada,1
202119,EDA,Normal,5,13,Atendida,4
202119,EDA,Normal,5,13,Cancelada,3
202119,EDA,Normal,5,15,Atendida,1
202119,IP,Express,2,9,Atendida,1
202119,IP,Express,2,15,Atendida,1
202119,IP,Express,3,9,Atendida,5
202119,IP,Express,3,9,Cancelada,3
202119,IP,Express,3,9,Cola,1
202119,IP,Express,4,9,Atendida,3
202119,IP,Express,4,9,Cancelada,1
202119,IP,Express,4,11,Atendida,2
202119,IP,Express,4,11,Cancelada,1
202119,IP,Express,4,15,Cancelada,1
202119,IP,Express,5,15,Cancelada,1
202119,IP,Express,5,15,No asistió,1
202119,IP,Normal,2,10,Atendida,2
202119,IP,Normal,2,14,Atendida,1
202119,IP,Normal,2,14,Cancelada,6
202119,IP,Normal,2,14,Cola,1
202119,IP,Normal,2,15,Atendida,2
202119,IP,Normal,2,15,Cancelada,3
202119,IP,Normal,3,10,Atendida,3
202119,IP,Normal,3,10,Cancelada,1
202119,IP,Normal,3,10,Cola,1
202119,IP,Normal,3,13,Atendida,2
202119,IP,Normal,3,13,Cola,1
202119,IP,Normal,4,10,Atendida,2
202119,IP,Normal,4,10,Cancelada,2
202119,IP,Normal,4,11,Atendida,2
202119,IP,Normal,4,11,Cancelada,1
202119,IP,Normal,4,13,Atendida,1
202119,IP,Normal,4,13,Cancelada,1
202119,IP,Normal,4,14,Atendida,2
202119,IP,Normal,4,14,Cancelada,2
202119,IP,Normal,4,14,No asistió,2
202119,IP,Normal,4,15,Atendida,2
202119,IP,Normal,4,15,Cancelada,4
202119,IP,Normal,4,15,No asistió,1
202119,IP,Normal,4,17,Atendida,1
202119,IP,Normal,5,10,Cancelada,1
202119,IP,Normal,5,14,Atendida,1
202119,IP,Normal,5,14,Cancelada,1
202119,IP,Normal,5,15,Atendida,1
202119,IP,Normal,5,15,Cancelada,1
202119,IP,Normal,5,15,Cola,1
202119,IP,Normal,5,15,No asistió,1
202119,IP,Normal pico,2,10,Atendida,1
202119,IP,Normal pico,2,15,Abierta,1
202119,IP,Normal pico,3,15,Atendida,1
202119,IP,Normal pico,3,17,Atendida,1
202119,IP,Normal pico,3,17,Cola,1
202119,IP,Normal pico,3,17,No asistió,1
202119,IP,Normal pico,4,10,Cancelada,1
202119,IP,Normal pico,4,15,Atendida,1
202120,"Deprecated, DPOO","Deprecated, Grupal",1,9,Atendida,1
202120,"Deprecated, DPOO","Deprecated, Grupal",1,9,Cancelada,3
202120,"Deprecated, DPOO","Deprecated, Grupal",1,15,Atendida,13
202120,"Deprecated, DPOO","Deprecated, Grupal",1,15,Cancelada,4
202120,"Deprecated, DPOO","Deprecated, Grupal",1,15,No asistió,2
202120,"Deprecated, DPOO","Deprecated, Grupal",1,17,Atendida,15
202120,"Deprecated, DPOO","Deprecated, Grupal",1,17,Cancelada,3
202120,"Deprecated, DPOO","Deprecated, Grupal",1,17,No asistió,1
202120,"Deprecated, DPOO","Deprecated, Grupal",3,9,Atendida,6
202120,"Deprecated, DPOO","Deprecated, Grupal",3,9,Cancelada,5
202120,"Deprecated, DPOO","Deprecated, Grupal",3,11,Atendida,6
202120,"Deprecated, DPOO","Deprecated, Grupal",3,11,Cancelada,4
202120,"Deprecated, DPOO","Deprecated, Grupal",3,12,Atendida,2
202120,"Deprecated, DPOO","Deprecated, Grupal",3,12,Cancelada,2
202120,"Deprecated, DPOO","Deprecated, Grupal",3,12,No asistió,1
202120,"Deprecated, DPOO","Deprecated, Grupal",3,14,Atendida,7
202120,"Deprecated, DPOO","Deprecated, Grupal",3,14,Cancelada,2
202120,"Deprecated, DPOO","Deprecated, Grupal",3,14,No asistió,1
202120,"Deprecated, DPOO","Deprecated, Grupal",3,15,Atendida,7
202120,"Deprecated, DPOO","Deprecated, Grupal",3,15,Cancelada,5
202120,"Deprecated, DPOO","Deprecated, Grupal",5,11,Atendida,13
202120,"Deprecated, DPOO","Deprecated, Grupal",5,11,Cancelada,1
202120,"Deprecated, DPOO","Deprecated, Grupal",5,11,No asistió,5
202120,"Deprecated, DPOO","Deprecated, Grupal",5,12,Atendida,4
202120,"Deprecated, DPOO","Deprecated, Grupal",5,12,Cancelada,5
202120,EDA,Express,1,9,Atendida,1
202120,EDA,Express,1,15,Cancelada,2
202120,EDA,Express,2,10,Atendida,11
202120,EDA,Express,2,10,Cancelada,3
202120,EDA,Express,2,10,Cola,7
202120,EDA,Express,2,10,No asistió,1
202120,EDA,Express,2,12,Atendida,1
202120,EDA,Express,3,9,Atendida,13
202120,EDA,Express,3,9,Cancelada,2
202120,EDA,Express,3,9,Cola,7
202120,EDA,Express,3,10,Atendida,8
202120,EDA,Express,3,10,Cancelada,7
202120,EDA,Express,3,10,Cola,5
202120,EDA,Express,3,10,No asistió,1
202120,EDA,Express,3,15,Atendida,15
202120,EDA,Express,3,15,Cancelada,5
202120,EDA,Express,3,15,Cola,2
202120,EDA,Express,3,15,No asistió,3
202120,EDA,Express,3,16,Atendida,9
202120,EDA,Express,3,16,Cancelada,6
202120,EDA,Express,3,16,Cola,3
202120,EDA,Express,4,9,Atendida,10
202120,EDA,Express,4,9,Cancelada,3
202120,EDA,Express,4,9,Cola,1
202120,EDA,Express,5,12,Atendida,9
202120,EDA,Express,5,12,Cancelada,5
202120,EDA,Express,5,12,Cola,5
202120,EDA,Express,5,12,No asistió,2
202120,EDA,Normal,1,8,Cancelada,1
202120,EDA,Normal,1,9,Atendida,1
202120,EDA,Normal,1,14,Atendida,1
202120,EDA,Normal,1,15,Atendida,15
202120,EDA,Normal,1,15,Cancelada,6
202120,EDA,Normal,1,15,Cola,10
202120,EDA,Normal,1,15,No asistió,2
202120,EDA,Normal,1,17,Cancelada,1
202120,EDA,Normal,1,17,Cola,1
202120,EDA,Normal,2,9,Atendida,13
202120,EDA,Normal,2,9,Cancelada,5
202120,EDA,Normal,2,9,Cola,9
202120,EDA,Normal,2,9,No asistió,1
202120,EDA,Normal,2,14,Atendida,12
202120,EDA,Normal,2,14,Cancelada,1
202120,EDA,Normal,2,14,Cola,7
202120,EDA,Normal,3,8,Atendida,10
202120,EDA,Normal,3,8,Cancelada,8
202120,EDA,Normal,3,8,Cola,11
202120,EDA,Normal,3,8,No asistió,2
202120,EDA,Normal,3,9,Atendida,11
202120,EDA,Normal,3,9,Cancelada,2
202120,EDA,Normal,3,9,Cola,6
202120,EDA,Normal,3,11,Atendida,24
202120,EDA,Normal,3,11,Cancelada,7
202120,EDA,Normal,3,11,Cola,13
202120,EDA,Normal,3,11,No asistió,2
202120,EDA,Normal,3,14,Atendida,11
202120,EDA,Normal,3,14,Cancelada,4
202120,EDA,Normal,3,14,Cola,9
202120,EDA,Normal,3,14,No asistió,1
202120,EDA,Normal,3,15,Atendida,25
202120,EDA,Normal,3,15,Cancelada,8
202120,EDA,Normal,3,15,Cola,5
202120,EDA,Normal,3,17,Atendida,14
202120,EDA,Normal,3,17,Cancelada,2
202120,EDA,Normal,3,17,Cola,10
202120,EDA,Normal,3,17,No asistió,1
202120,EDA,Normal,4,8,Atendida,9
202120,EDA,Normal,4,8,Cancelada,3
202120,EDA,Normal,4,8,Cola,1
202120,EDA,Normal,4,9,Atendida,11
202120,EDA,Normal,4,9,Cancelada,6
202120,EDA,Normal,4,9,Cola,6
202120,EDA,Normal,5,8,Cancelada,1
202120,EDA,Normal,5,11,Atendida,10
202120,EDA,Normal,5,11,Cancelada,1
202120,EDA,Normal,5,11,Cola,12
202120,EDA,Normal,5,11,No asistió,2
202120,EDA,Normal,5,12,Atendida,10
202120,EDA,Normal,5,12,Cancelada,2
202120,EDA,Normal,5,12,Cola,12
202120,EDA,Normal,5,12,No asistió,2
202120,EDA,Normal,5,15,Cancelada,1
202120,Entrevista,Entrevistas,1,8,Atendida,4
202120,Entrevista,Entrevistas,1,8,Cancelada,2
202120,Entrevista,Entrevistas,1,9,Atendida,4
202120,Entrevista,Entrevistas,1,9,Cancelada,1
202120,Entrevista,Entrevistas,1,9,No asistió,2
202120,Entrevista,Entrevistas,1,10,Cancelada,2
202120,Entrevista,Entrevistas,1,11,Atendida,1
202120,Entrevista,Entrevistas,1,11,Cancelada,1
202120,Entrevista,Entrevistas,1,12,Atendida,5
202120,Entrevista,Entrevistas,1,12,Cancelada,1
202120,Entrevista,Entrevistas,1,13,Cancelada,1
202120,Entrevista,Entrevistas,1,14,Atendida,2
202120,Entrevista,Entrevistas,1,15,Atendida,2
202120,Entrevista,Entrevistas,1,16,Atendida,3
202120,Entrevista,Entrevistas,1,16,Cancelada,2
202120,Entrevista,Entrevistas,2,9,Atendida,1
202120,Entrevista,Entrevistas,2,11,Atendida,3
202120,Entrevista,Entrevistas,2,13,Atendida,1
202120,Entrevista,Entrevistas,2,16,Atendida,1
202120,Entrevista,Entrevistas,3,12,Atendida,1
202120,Entrevista,Entrevistas,3,15,Atendida,1
202120,Entrevista,Entrevistas,4,14,Atendida,2
202120,Entrevista,Entrevistas,4,15,Atendida,1
202120,Entrevista,Entrevistas,4,16,Atendida,1
202120,Entrevista,Entrevistas,5,8,Atendida,1
202120,Entrevista,Entrevistas,5,13,Cancelada,1
202120,IP,Express,1,9,Abierta,1
202120,IP,Express,1,9,Atendida,22
202120,IP,Express,1,9,Cancelada,7
202120,IP,Express,1,9,Cola,3
202120,IP,Express,1,9,No asistió,7
202120,IP,Express,1,10,Abierta,1
202120,IP,Express,1,10,Atendida,20
202120,IP,Express,1,10,Cancelada,7
202120,IP,Express,1,10,Cola,2
202120,IP,Express,1,12,Atendida,22
202120,IP,Express,1,12,Cancelada,4
202120,IP,Express,1,12,Cola,2
202120,IP,Express,1,12,No asistió,1
202120,IP,Express,1,13,Atendida,17
202120,IP,Express,1,13,Cancelada,5
202120,IP,Express,1,13,Cola,2
202120,IP,Express,1,13,No asistió,1
202120,IP,Express,1,15,Abierta,1
202120,IP,Express,1,15,Atendida,28
202120,IP,Express,1,15,Cancelada,11
202120,IP,Express,1,15,Cola,2
202120,IP,Express,1,15,No asistió,1
202120,IP,Express,1,16,Atendida,24
202120,IP,Express,1,16,Cancelada,9
202120,IP,Express,1,16,Cola,5
202120,IP,Express,1,16,No asistió,3
202120,IP,Express,2,9,Atendida,20
202120,IP,Express,2,9,Cancelada,15
202120,IP,Express,2,9,Cola,4
202120,IP,Express,2,9,No asistió,2
202120,IP,Express,2,10,Atendida,19
202120,IP,Express,2,10,Cancelada,9
202120,IP,Express,2,10,Cola,2
202120,IP,Express,2,10,No asistió,1
202120,IP,Express,2,12,Atendida,23
202120,IP,Express,2,12,Cancelada,9
202120,IP,Express,2,12,Cola,4
202120,IP,Express,2,12,No asistió,1
202120,IP,Express,2,13,Atendida,25
202120,IP,Express,2,13,Cancelada,11
202120,IP,Express,2,13,Cola,5
202120,IP,Express,2,13,No asistió,3
202120,IP,Express,2,15,Abierta,2
202120,IP,Express,2,15,Atendida,29
202120,IP,Express,2,15,Cancelada,14
202120,IP,Express,2,15,Cola,5
202120,IP,Express,2,15,No asistió,3
202120,IP,Express,2,16,Atendida,28
202120,IP,Express,2,16,Cancelada,8
202120,IP,Express,2,16,Cola,5
202120,IP,Express,2,16,No asistió,3
202120,IP,Express,3,9,Atendida,15
202120,IP,Express,3,9,Cancelada,5
202120,IP,Express,3,9,Cola,6
202120,IP,Express,3,9,No asistió,2
202120,IP,Express,3,10,Atendida,12
202120,IP,Express,3,10,Cancelada,8
202120,IP,Express,3,10,Cola,5
202120,IP,Express,3,10,No asistió,1
202120,IP,Express,3,12,Atendida,20
202120,IP,Express,3,12,Cancelada,9
202120,IP,Express,3,12,Cola,8
202120,IP,Express,3,12,No asistió,2
202120,IP,Express,3,13,Atendida,23
202120,IP,Express,3,13,Cancelada,19
202120,IP,Express,3,13,Cola,9
202120,IP,Express,3,13,No asistió,5
202120,IP,Express,3,15,Atendida,18
202120,IP,Express,3,15,Cancelada,13
202120,IP,Express,3,15,Cola,7
202120,IP,Express,3,15,No asistió,2
202120,IP,Express,3,16,Atendida,25
202120,IP,Express,3,16,Cancelada,15
202120,IP,Express,3,16,Cola,10
202120,IP,Express,3,16,No asistió,4
202120,IP,Express,4,9,Atendida,16
202120,IP,Express,4,9,Cancelada,8
202120,IP,Express,4,9,Cola,5
202120,IP,Express,4,10,Atendida,33
202120,IP,Express,4,10,Cancelada,12
202120,IP,Express,4,10,Cola,7
202120,IP,Express,4,10,No asistió,5
202120,IP,Express,4,12,Atendida,14
202120,IP,Express,4,12,Cancelada,9
202120,IP,Express,4,12,Cola,3
202120,IP,Express,4,12,No asistió,1
202120,IP,Express,4,13,Atendida,20
202120,IP,Express,4,13,Cancelada,8
202120,IP,Express,4,13,Cola,4
202120,IP,Express,4,13,No asistió,3
202120,IP,Express,4,15,Atendida,16
202120,IP,Express,4,15,Cancelada,9
202120,IP,Express,4,15,Cola,2
202120,IP,Express,4,15,No asistió,6
202120,IP,Express,4,16,Atendida,28
202120,IP,Express,4,16,Cancelada,17
202120,IP,Express,4,16,Cola,7
202120,IP,Express,4,16,No asistió,13
202120,IP,Express,5,9,Atendida,30
202120,IP,Express,5,9,Cancelada,18
202120,IP,Express,5,9,Cola,4
202120,IP,Express,5,9,No asistió,4
202120,IP,Express,5,10,Atendida,29
202120,IP,Express,5,10,Cancelada,18
202120,IP,Express,5,10,Cola,6
202120,IP,Express,5,10,No asistió,3
202120,IP,Express,5,12,Atendida,20
202120,IP,Express,5,12,Cancelada,5
202120,IP,Express,5,12,Cola,4
202120,IP,Express,5,12,No asistió,3
202120,IP,Express,5,13,Atendida,19
202120,IP,Express,5,13,Cancelada,7
202120,IP,Express,5,13,Cola,4
202120,IP,Express,5,13,No asistió,5
202120,IP,Express,5,15,Atendida,18
202120,IP,Express,5,15,Cancelada,13
202120,IP,Express,5,15,Cola,6
202120,IP,Express,5,15,No asistió,1
202120,IP,Express,5,16,Abierta,1
202120,IP,Express,5,16,Atendida,20
202120,IP,Express,5,16,Cancelada,15
202120,IP,Express,5,16,Cola,8
202120,IP,Express,5,16,No asistió,5
202120,IP,Normal,1,8,Atendida,32
202120,IP,Normal,1,8,Cancelada,7
202120,IP,Normal,1,8,Cola,2
202120,IP,Normal,1,9,Abierta,1
202120,IP,Normal,1,9,Atendida,34
202120,IP,Normal,1,9,Cancelada,6
202120,IP,Normal,1,9,Cola,4
202120,IP,Normal,1,11,Atendida,36
202120,IP,Normal,1,11,Cancelada,4
202120,IP,Normal,1,11,Cola,2
202120,IP,Normal,1,11,No asistió,2
202120,IP,Normal,1,12,Atendida,21
202120,IP,Normal,1,12,Cancelada,2
202120,IP,Normal,1,12,Cola,5
202120,IP,Normal,1,12,No asistió,4
202120,IP,Normal,1,14,Atendida,29
202120,IP,Normal,1,14,Cancelada,12
202120,IP,Normal,1,14,Cola,4
202120,IP,Normal,1,14,No asistió,1
202120,IP,Normal,1,15,Atendida,26
202120,IP,Normal,1,15,Cancelada,8
202120,IP,Normal,1,15,Cola,4
202120,IP,Normal,1,15,No asistió,1
202120,IP,Normal,1,17,Atendida,34
202120,IP,Normal,1,17,Cancelada,14
202120,IP,Normal,1,17,Cola,11
202120,IP,Normal,1,17,No asistió,3
202120,IP,Normal,2,8,Atendida,26
202120,IP,Normal,2,8,Cancelada,8
202120,IP,Normal,2,8,Cola,4
202120,IP,Normal,2,8,No asistió,2
202120,IP,Normal,2,9,Atendida,24
202120,IP,Normal,2,9,Cancelada,7
202120,IP,Normal,2,9,Cola,7
202120,IP,Normal,2,9,No asistió,1
202120,IP,Normal,2,11,Abierta,1
202120,IP,Normal,2,11,Atendida,44
202120,IP,Normal,2,11,Cancelada,14
202120,IP,Normal,2,11,Cola,7
202120,IP,Normal,2,11,No asistió,3
202120,IP,Normal,2,12,Atendida,24
202120,IP,Normal,2,12,Cancelada,5
202120,IP,Normal,2,12,Cola,4
202120,IP,Normal,2,12,No asistió,1
202120,IP,Normal,2,14,Atendida,36
202120,IP,Normal,2,14,Cancelada,5
202120,IP,Normal,2,14,Cola,5
202120,IP,Normal,2,14,No asistió,2
202120,IP,Normal,2,15,Atendida,36
202120,IP,Normal,2,15,Cancelada,19
202120,IP,Normal,2,15,Cola,10
202120,IP,Normal,2,15,No asistió,3
202120,IP,Normal,2,17,Atendida,36
202120,IP,Normal,2,17,Cancelada,18
202120,IP,Normal,2,17,Cola,9
202120,IP,Normal,2,17,No asistió,5
202120,IP,Normal,3,8,Atendida,15
202120,IP,Normal,3,8,Cancelada,8
202120,IP,Normal,3,8,Cola,9
202120,IP,Normal,3,8,No asistió,4
202120,IP,Normal,3,9,Atendida,18
202120,IP,Normal,3,9,Cancelada,9
202120,IP,Normal,3,9,Cola,11
202120,IP,Normal,3,9,No asistió,1
202120,IP,Normal,3,11,Atendida,35
202120,IP,Normal,3,11,Cancelada,11
202120,IP,Normal,3,11,Cola,12
202120,IP,Normal,3,11,No asistió,1
202120,IP,Normal,3,12,Atendida,29
202120,IP,Normal,3,12,Cancelada,9
202120,IP,Normal,3,12,Cola,8
202120,IP,Normal,3,12,No asistió,3
202120,IP,Normal,3,14,Atendida,39
202120,IP,Normal,3,14,Cancelada,24
202120,IP,Normal,3,14,Cola,14
202120,IP,Normal,3,14,No asistió,4
202120,IP,Normal,3,15,Atendida,40
202120,IP,Normal,3,15,Cancelada,19
202120,IP,Normal,3,15,Cola,7
202120,IP,Normal,3,15,No asistió,2
202120,IP,Normal,3,17,Atendida,39
202120,IP,Normal,3,17,Cancelada,22
202120,IP,Normal,3,17,Cola,15
202120,IP,Normal,3,17,No asistió,5
202120,IP,Normal,4,8,Atendida,22
202120,IP,Normal,4,8,Cancelada,18
202120,IP,Normal,4,8,Cola,11
202120,IP,Normal,4,8,No asistió,3
202120,IP,Normal,4,9,Atendida,44
202120,IP,Normal,4,9,Cancelada,16
202120,IP,Normal,4,9,Cola,10
202120,IP,Normal,4,9,No asistió,6
202120,IP,Normal,4,11,Atendida,43
202120,IP,Normal,4,11,Cancelada,16
202120,IP,Normal,4,11,Cola,9
202120,IP,Normal,4,11,No asistió,4
202120,IP,Normal,4,12,Abierta,1
202120,IP,Normal,4,12,Atendida,20
202120,IP,Normal,4,12,Cancelada,11
202120,IP,Normal,4,12,Cola,7
202120,IP,Normal,4,12,No asistió,4
202120,IP,Normal,4,14,Atendida,21
202120,IP,Normal,4,14,Cancelada,13
202120,IP,Normal,4,14,Cola,4
202120,IP,Normal,4,14,No asistió,1
202120,IP,Normal,4,15,Atendida,48
202120,IP,Normal,4,15,Cancelada,23
202120,IP,Normal,4,15,Cola,10
202120,IP,Normal,4,15,No asistió,2
202120,IP,Normal,4,17,Atendida,46
202120,IP,Normal,4,17,Cancelada,28
202120,IP,Normal,4,17,Cola,10
202120,IP,Normal,4,17,No asistió,6
202120,IP,Normal,5,8,Atendida,38
202120,IP,Normal,5,8,Cancelada,23
202120,IP,Normal,5,8,Cola,7
202120,IP,Normal,5,8,No asistió,3
202120,IP,Normal,5,9,Atendida,56
202120,IP,Normal,5,9,Cancelada,15
202120,IP,Normal,5,9,Cola,5
202120,IP,Normal,5,9,No asistió,2
202120,IP,Normal,5,11,Atendida,37
202120,IP,Normal,5,11,Cancelada,19
202120,IP,Normal,5,11,Cola,6
202120,IP,Normal,5,11,No asistió,4
202120,IP,Normal,5,12,Atendida,32
202120,IP,Normal,5,12,Cancelada,8
202120,IP,Normal,5,12,Cola,6
202120,IP,Normal,5,12,No asistió,4
202120,IP,Normal,5,14,Atendida,40
202120,IP,Normal,5,14,Cancelada,22
202120,IP,Normal,5,14,Cola,5
202120,IP,Normal,5,14,No asistió,2
202120,IP,Normal,5,15,Atendida,16
202120,IP,Normal,5,15,Cancelada,8
202120,IP,Normal,5,15,Cola,6
202120,IP,Normal,5,15,No asistió,3
202120,IP,Normal,5,17,Abierta,1
202120,IP,Normal,5,17,Atendida,14
202120,IP,Normal,5,17,Cancelada,16
202120,IP,Normal,5,17,Cola,16
202120,IP,Normal,5,17,No asistió,3
202120,IP,Normal pico,1,8,Abierta,1
202120,IP,Normal pico,1,8,Atendida,7
202120,IP,Normal pico,1,8,Cancelada,1
202120,IP,Normal pico,1,8,Cola,3
202120,IP,Normal pico,1,8,No asistió,1
202120,IP,Normal pico,1,9,Abierta,1
202120,IP,Normal pico,1,9,Atendida,11
202120,IP,Normal pico,1,9,Cancelada,4
202120,IP,Normal pico,1,9,Cola,3
202120,IP,Normal pico,1,11,Atendida,12
202120,IP,Normal pico,1,11,Cancelada,3
202120,IP,Normal pico,1,11,Cola,4
202120,IP,Normal pico,1,12,Abierta,1
202120,IP,Normal pico,1,12,Atendida,9
202120,IP,Normal pico,1,12,Cancelada,5
202120,IP,Normal pico,1,12,Cola,2
202120,IP,Normal pico,1,14,Abierta,1
202120,IP,Normal pico,1,14,Atendida,15
202120,IP,Normal pico,1,14,Cancelada,3
202120,IP,Normal pico,1,14,Cola,2
202120,IP,Normal pico,1,15,Atendida,15
202120,IP,Normal pico,1,15,Cancelada,1
202120,IP,Normal pico,1,15,Cola,2
202120,IP,Normal pico,1,15,No asistió,3
202120,IP,Normal pico,1,17,Abierta,1
202120,IP,Normal pico,1,17,Atendida,18
202120,IP,Normal pico,1,17,Cancelada,2
202120,IP,Normal pico,1,17,Cola,2
202120,IP,Normal pico,1,17,No asistió,3
202120,IP,Normal pico,2,8,Atendida,11
202120,IP,Normal pico,2,8,Cancelada,2
202120,IP,Normal pico,2,8,Cola,1
202120,IP,Normal pico,2,9,Abierta,1
202120,IP,Normal pico,2,9,Atendida,14
202120,IP,Normal pico,2,9,Cancelada,4
202120,IP,Normal pico,2,9,Cola,2
202120,IP,Normal pico,2,9,No asistió,1
202120,IP,Normal pico,2,11,Atendida,14
202120,IP,Normal pico,2,11,Cancelada,3
202120,IP,Normal pico,2,11,Cola,2
202120,IP,Normal pico,2,12,Atendida,12
202120,IP,Normal pico,2,12,Cancelada,2
202120,IP,Normal pico,2,12,Cola,2
202120,IP,Normal pico,2,14,Abierta,3
202120,IP,Normal pico,2,14,Atendida,13
202120,IP,Normal pico,2,14,Cancelada,5
202120,IP,Normal pico,2,14,Cola,5
202120,IP,Normal pico,2,14,No asistió,4
202120,IP,Normal pico,2,15,Abierta,1
202120,IP,Normal pico,2,15,Atendida,18
202120,IP,Normal pico,2,15,Cancelada,3
202120,IP,Normal pico,2,15,Cola,4
202120,IP,Normal pico,2,17,Atendida,22
202120,IP,Normal pico,2,17,Cancelada,5
202120,IP,Normal pico,2,17,Cola,3
202120,IP,Normal pico,3,8,Abierta,1
202120,IP,Normal pico,3,8,Atendida,18
202120,IP,Normal pico,3,8,Cancelada,9
202120,IP,Normal pico,3,8,Cola,1
202120,IP,Normal pico,3,8,No asistió,2
202120,IP,Normal pico,3,9,Atendida,14
202120,IP,Normal pico,3,9,Cancelada,8
202120,IP,Normal pico,3,9,Cola,1
202120,IP,Normal pico,3,9,No asistió,3
202120,IP,Normal pico,3,11,Atendida,17
202120,IP,Normal pico,3,11,Cancelada,5
202120,IP,Normal pico,3,11,Cola,2
202120,IP,Normal pico,3,11,No asistió,2
202120,IP,Normal pico,3,12,Atendida,12
202120,IP,Normal pico,3,12,Cancelada,2
202120,IP,Normal pico,3,12,Cola,2
202120,IP,Normal pico,3,12,No asistió,2
202120,IP,Normal pico,3,14,Atendida,14
202120,IP,Normal pico,3,14,Cancelada,12
202120,IP,Normal pico,3,14,Cola,1
202120,IP,Normal pico,3,14,No asistió,1
202120,IP,Normal pico,3,15,Abierta,1
202120,IP,Normal pico,3,15,Atendida,17
202120,IP,Normal pico,3,15,Cancelada,10
202120,IP,Normal pico,3,15,Cola,2
202120,IP,Normal pico,3,15,No asistió,2
202120,IP,Normal pico,3,17,Atendida,17
202120,IP,Normal pico,3,17,Cancelada,13
202120,IP,Normal pico,3,17,Cola,3
202120,IP,Normal pico,3,17,No asistió,1
202120,IP,Normal pico,4,8,Abierta,1
202120,IP,Normal pico,4,8,Atendida,10
202120,IP,Normal pico,4,8,Cancelada,5
202120,IP,Normal pico,4,9,Atendida,10
202120,IP,Normal pico,4,9,Cancelada,5
202120,IP,Normal pico,4,9,No asistió,3
202120,IP,Normal pico,4,11,Atendida,8
202120,IP,Normal pico,4,11,Cancelada,5
202120,IP,Normal pico,4,11,No asistió,3
202120,IP,Normal pico,4,12,Atendida,4
202120,IP,Normal pico,4,12,Cancelada,3
202120,IP,Normal pico,4,14,Atendida,4
202120,IP,Normal pico,4,14,Cancelada,4
202120,IP,Normal pico,4,15,Atendida,14
202120,IP,Normal pico,4,15,Cancelada,10
202120,IP,Normal pico,4,15,No asistió,1
202120,IP,Normal pico,4,17,Abierta,1
202120,IP,Normal pico,4,17,Atendida,11
202120,IP,Normal pico,4,17,Cancelada,6
202120,IP,Normal pico,5,8,Abierta,1
202120,IP,Normal pico,5,8,Atendida,14
202120,IP,Normal pico,5,8,Cancelada,6
202120,IP,Normal pico,5,8,Cola,2
202120,IP,Normal pico,5,9,Atendida,13
202120,IP,Normal pico,5,9,Cancelada,3
202120,IP,Normal pico,5,9,Cola,2
202120,IP,Normal pico,5,9,No asistió,1
202120,IP,Normal pico,5,11,Atendida,15
202120,IP,Normal pico,5,11,Cancelada,1
202120,IP,Normal pico,5,11,Cola,2
202120,IP,Normal pico,5,11,No asistió,2
202120,IP,Normal pico,5,12,Atendida,6
202120,IP,Normal pico,5,12,Cancelada,1
202120,IP,Normal pico,5,12,Cola,3
202120,IP,Normal pico,5,14,Atendida,12
202120,IP,Normal pico,5,14,Cancelada,6
202120,IP,Normal pico,5,14,Cola,4
202120,IP,Normal pico,5,14,No asistió,1
202120,IP,Normal pico,5,15,Atendida,13
202120,IP,Normal pico,5,15,Cancelada,9
202120,IP,Normal pico,5,15,Cola,2
202120,IP,Normal pico,5,15,No asistió,1
202120,IP,Normal pico,5,17,Abierta,1
202120,IP,Normal pico,5,17,Atendida,17
202120,IP,Normal pico,5,17,Cancelada,8
202120,IP,Normal pico,5,17,Cola,5
202120,IP,Normal pico,5,17,No asistió,1
202210,EDA,Express,1,16,Atendida,1
202210,EDA,Express,3,10,Atendida,6
202210,EDA,Express,3,10,Cancelada,6
202210,EDA,Express,3,10,No asistió,1
202210,EDA,Express,3,15,Atendida,4
202210,EDA,Express,3,15,Cancelada,6
202210,EDA,Express,3,15,No asistió,1
202210,EDA,Express,3,16,Atendida,8
202210,EDA,Express,3,16,Cancelada,7
202210,EDA,Express,3,16,Cola,4
202210,EDA,Express,3,16,No asistió,1
202210,EDA,Express,4,10,Atendida,8
202210,EDA,Express,4,10,Cancelada,11
202210,EDA,Express,4,10,Cola,3
202210,EDA,Express,4,10,No asistió,5
202210,EDA,Express,4,13,Atendida,1
202210,EDA,Express,4,13,Cancelada,2
202210,EDA,Express,4,13,Cola,4
202210,EDA,Express,4,13,No asistió,1
202210,EDA,Express,5,9,Atendida,5
202210,EDA,Express,5,9,Cancelada,7
202210,EDA,Express,5,9,No asistió,2
202210,EDA,Express,5,16,Atendida,2
202210,EDA,Express,5,16,Cancelada,1
202210,EDA,Express,5,16,No asistió,2
202210,EDA,Normal,1,8,Atendida,1
202210,EDA,Normal,1,8,Cancelada,2
202210,EDA,Normal,1,8,No asistió,1
202210,EDA,Normal,1,11,Atendida,4
202210,EDA,Normal,1,11,Cola,1
202210,EDA,Normal,1,11,No asistió,1
202210,EDA,Normal,1,12,Atendida,4
202210,EDA,Normal,1,12,Cancelada,1
202210,EDA,Normal,1,12,Cola,1
202210,EDA,Normal,1,12,No asistió,2
202210,EDA,Normal,1,17,Atendida,8
202210,EDA,Normal,1,17,Cancelada,7
202210,EDA,Normal,1,17,Cola,7
202210,EDA,Normal,1,17,No asistió,1
202210,EDA,Normal,2,9,Atendida,7
202210,EDA,Normal,2,9,Cancelada,6
202210,EDA,Normal,2,9,Cola,7
202210,EDA,Normal,2,9,No asistió,2
202210,EDA,Normal,2,12,Atendida,3
202210,EDA,Normal,2,12,Cancelada,2
202210,EDA,Normal,3,8,Atendida,10
202210,EDA,Normal,3,8,Cancelada,10
202210,EDA,Normal,3,8,Cola,3
202210,EDA,Normal,3,8,No asistió,3
202210,EDA,Normal,3,9,Atendida,8
202210,EDA,Normal,3,9,Cancelada,10
202210,EDA,Normal,3,9,Cola,4
202210,EDA,Normal,3,11,Atendida,5
202210,EDA,Normal,3,11,Cancelada,2
202210,EDA,Normal,3,11,Cola,6
202210,EDA,Normal,3,11,No asistió,4
202210,EDA,Normal,3,12,Atendida,12
202210,EDA,Normal,3,12,Cancelada,6
202210,EDA,Normal,3,12,Cola,4
202210,EDA,Normal,3,12,No asistió,2
202210,EDA,Normal,3,14,Atendida,16
202210,EDA,Normal,3,14,Cancelada,13
202210,EDA,Normal,3,14,Cola,10
202210,EDA,Normal,3,14,No asistió,6
202210,EDA,Normal,3,15,Atendida,20
202210,EDA,Normal,3,15,Cancelada,9
202210,EDA,Normal,3,15,Cola,3
202210,EDA,Normal,3,15,No asistió,3
202210,EDA,Normal,3,17,Atendida,3
202210,EDA,Normal,3,17,Cancelada,5
202210,EDA,Normal,3,17,Cola,4
202210,EDA,Normal,3,17,No asistió,2
202210,EDA,Normal,4,8,Atendida,6
202210,EDA,Normal,4,8,Cancelada,4
202210,EDA,Normal,4,8,Cola,3
202210,EDA,Normal,4,8,No asistió,1
202210,EDA,Normal,4,9,Atendida,16
202210,EDA,Normal,4,9,Cancelada,9
202210,EDA,Normal,4,9,Cola,12
202210,EDA,Normal,4,9,No asistió,2
202210,EDA,Normal,4,11,Atendida,19
202210,EDA,Normal,4,11,Cancelada,11
202210,EDA,Normal,4,11,Cola,11
202210,EDA,Normal,4,11,No asistió,1
202210,EDA,Normal,4,12,Atendida,13
202210,EDA,Normal,4,12,Cancelada,5
202210,EDA,Normal,4,12,Cola,10
202210,EDA,Normal,4,12,No asistió,1
202210,EDA,Normal,4,14,Atendida,2
202210,EDA,Normal,4,14,Cancelada,1
202210,EDA,Normal,4,14,Cola,2
202210,EDA,Normal,4,14,No asistió,1
202210,EDA,Normal,5,8,Atendida,6
202210,EDA,Normal,5,8,Cancelada,6
202210,EDA,Normal,5,8,Cola,1
202210,EDA,Normal,5,8,No asistió,2
202210,EDA,Normal,5,9,Atendida,13
202210,EDA,Normal,5,9,Cancelada,6
202210,EDA,Normal,5,9,Cola,1
202210,EDA,Normal,5,9,No asistió,2
202210,EDA,Normal,5,11,Atendida,7
202210,EDA,Normal,5,11,Cancelada,3
202210,EDA,Normal,5,11,Cola,4
202210,EDA,Normal,5,11,No asistió,2
202210,EDA,Normal,5,12,Cancelada,1
202210,EDA,Normal,5,14,Cancelada,1
202210,EDA,Normal,5,15,Atendida,3
202210,EDA,Normal,5,15,Cancelada,1
202210,EDA,Normal,5,15,Cola,3
202210,EDA,Normal,5,15,No asistió,2
202210,EDA,Normal,5,17,Atendida,9
202210,EDA,Normal,5,17,Cancelada,14
202210,EDA,Normal,5,17,Cola,8
202210,EDA,Normal,5,17,No asistió,6
202210,Entrevista,Entrevistas,1,8,Atendida,1
202210,Entrevista,Entrevistas,1,9,Cancelada,1
202210,Entrevista,Entrevistas,1,11,Atendida,6
202210,Entrevista,Entrevistas,1,11,Cancelada,1
202210,Entrevista,Entrevistas,1,12,Atendida,3
202210,Entrevista,Entrevistas,1,13,Atendida,1
202210,Entrevista,Entrevistas,1,14,Atendida,2
202210,Entrevista,Entrevistas,1,14,Cancelada,1
202210,Entrevista,Entrevistas,1,15,Atendida,1
202210,Entrevista,Entrevistas,1,15,Cancelada,1
202210,Entrevista,Entrevistas,1,15,No asistió,1
202210,Entrevista,Entrevistas,1,16,Atendida,2
202210,Entrevista,Entrevistas,1,16,Cancelada,1
202210,Entrevista,Entrevistas,1,16,No asistió,2
202210,Entrevista,Entrevistas,2,8,Atendida,1
202210,Entrevista,Entrevistas,2,9,Atendida,2
202210,Entrevista,Entrevistas,2,9,Cancelada,1
202210,Entrevista,Entrevistas,2,10,Atendida,1
202210,Entrevista,Entrevistas,2,10,Cancelada,1
202210,Entrevista,Entrevistas,2,11,Atendida,1
202210,Entrevista,Entrevistas,2,11,Cancelada,1
202210,Entrevista,Entrevistas,2,13,Atendida,1
202210,Entrevista,Entrevistas,2,14,Cancelada,1
202210,Entrevista,Entrevistas,2,16,Atendida,1
202210,Entrevista,Entrevistas,2,16,No asistió,1
202210,Entrevista,Entrevistas,3,10,Atendida,1
202210,Entrevista,Entrevistas,3,11,Atendida,1
202210,Entrevista,Entrevistas,3,11,Cancelada,1
202210,Entrevista,Entrevistas,3,15,Atendida,2
202210,Entrevista,Entrevistas,3,15,Cancelada,1
202210,Entrevista,Entrevistas,3,16,Atendida,1
202210,Entrevista,Entrevistas,4,13,Atendida,1
202210,Entrevista,Entrevistas,4,13,Cancelada,1
202210,Entrevista,Entrevistas,4,16,Atendida,1
202210,Entrevista,Entrevistas,4,16,Cancelada,1
202210,Entrevista,Entrevistas,5,9,Atendida,1
202210,Entrevista,Entrevistas,5,9,Cancelada,1
202210,Entrevista,Entrevistas,5,11,Atendida,1
202210,Entrevista,Entrevistas,5,14,Atendida,1
202210,Entrevista,Entrevistas,5,15,Atendida,1
202210,Entrevista,Entrevistas,5,16,Atendida,1
202210,IP,Express,1,9,Atendida,20
202210,IP,Express,1,9,Cancelada,7
202210,IP,Express,1,9,Cola,4
202210,IP,Express,1,9,No asistió,5
202210,IP,Express,1,12,Atendida,17
202210,IP,Express,1,12,Cancelada,11
202210,IP,Express,1,12,Cola,2
202210,IP,Express,1,12,No asistió,5
202210,IP,Express,1,13,Abierta,1
202210,IP,Express,1,13,Atendida,10
202210,IP,Express,1,13,Cancelada,10
202210,IP,Express,1,13,Cola,4
202210,IP,Express,1,13,No asistió,4
202210,IP,Express,1,15,Atendida,15
202210,IP,Express,1,15,Cancelada,7
202210,IP,Express,1,15,Cola,4
202210,IP,Express,1,15,No asistió,4
202210,IP,Express,1,16,Atendida,15
202210,IP,Express,1,16,Cancelada,11
202210,IP,Express,1,16,Cola,5
202210,IP,Express,1,16,No asistió,5
202210,IP,Express,2,9,Atendida,16
202210,IP,Express,2,9,Cancelada,11
202210,IP,Express,2,9,Cola,6
202210,IP,Express,2,9,No asistió,6
202210,IP,Express,2,10,Atendida,17
202210,IP,Express,2,10,Cancelada,10
202210,IP,Express,2,10,Cola,7
202210,IP,Express,2,10,No asistió,5
202210,IP,Express,2,12,Atendida,15
202210,IP,Express,2,12,Cancelada,11
202210,IP,Express,2,12,Cola,5
202210,IP,Express,2,12,No asistió,2
202210,IP,Express,2,15,Atendida,14
202210,IP,Express,2,15,Cancelada,12
202210,IP,Express,2,15,Cola,7
202210,IP,Express,2,15,No asistió,7
202210,IP,Express,2,16,Atendida,21
202210,IP,Express,2,16,Cancelada,20
202210,IP,Express,2,16,Cola,7
202210,IP,Express,2,16,No asistió,7
202210,IP,Express,3,9,Atendida,14
202210,IP,Express,3,9,Cancelada,14
202210,IP,Express,3,9,Cola,3
202210,IP,Express,3,9,No asistió,4
202210,IP,Express,3,10,Atendida,17
202210,IP,Express,3,10,Cancelada,13
202210,IP,Express,3,10,Cola,4
202210,IP,Express,3,10,No asistió,3
202210,IP,Express,3,12,Atendida,23
202210,IP,Express,3,12,Cancelada,12
202210,IP,Express,3,12,Cola,6
202210,IP,Express,3,12,No asistió,5
202210,IP,Express,3,13,Atendida,1
202210,IP,Express,3,15,Atendida,17
202210,IP,Express,3,15,Cancelada,16
202210,IP,Express,3,15,Cola,7
202210,IP,Express,3,15,No asistió,1
202210,IP,Express,3,16,Atendida,6
202210,IP,Express,3,16,Cancelada,4
202210,IP,Express,3,16,Cola,8
202210,IP,Express,3,16,No asistió,4
202210,IP,Express,4,9,Atendida,12
202210,IP,Express,4,9,Cancelada,9
202210,IP,Express,4,9,Cola,3
202210,IP,Express,4,9,No asistió,2
202210,IP,Express,4,10,Atendida,14
202210,IP,Express,4,10,Cancelada,4
202210,IP,Express,4,10,Cola,3
202210,IP,Express,4,10,No asistió,8
202210,IP,Express,4,12,Atendida,20
202210,IP,Express,4,12,Cancelada,14
202210,IP,Express,4,12,Cola,1
202210,IP,Express,4,12,No asistió,3
202210,IP,Express,4,13,Atendida,12
202210,IP,Express,4,13,Cancelada,6
202210,IP,Express,4,13,Cola,2
202210,IP,Express,4,13,No asistió,5
202210,IP,Express,4,15,Atendida,17
202210,IP,Express,4,15,Cancelada,13
202210,IP,Express,4,15,Cola,4
202210,IP,Express,4,15,No asistió,4
202210,IP,Express,4,16,Atendida,13
202210,IP,Express,4,16,Cancelada,13
202210,IP,Express,4,16,Cola,4
202210,IP,Express,4,16,No asistió,7
202210,IP,Express,5,9,Atendida,3
202210,IP,Express,5,9,Cancelada,4
202210,IP,Express,5,9,Cola,4
202210,IP,Express,5,10,Atendida,21
202210,IP,Express,5,10,Cancelada,22
202210,IP,Express,5,10,Cola,3
202210,IP,Express,5,10,No asistió,8
202210,IP,Express,5,12,Atendida,12
202210,IP,Express,5,12,Cancelada,11
202210,IP,Express,5,12,Cola,4
202210,IP,Express,5,12,No asistió,5
202210,IP,Express,5,13,Atendida,11
202210,IP,Express,5,13,Cancelada,18
202210,IP,Express,5,13,Cola,2
202210,IP,Express,5,13,No asistió,8
202210,IP,Express,5,15,Atendida,18
202210,IP,Express,5,15,Cancelada,14
202210,IP,Express,5,15,Cola,4
202210,IP,Express,5,15,No asistió,3
202210,IP,Express,5,16,Atendida,14
202210,IP,Express,5,16,Cancelada,11
202210,IP,Express,5,16,Cola,7
202210,IP,Express,5,16,No asistió,6
202210,IP,Normal,1,8,Atendida,10
202210,IP,Normal,1,8,Cancelada,8
202210,IP,Normal,1,8,Cola,5
202210,IP,Normal,1,8,No asistió,2
202210,IP,Normal,1,11,Atendida,61
202210,IP,Normal,1,11,Cancelada,24
202210,IP,Normal,1,11,Cola,18
202210,IP,Normal,1,11,No asistió,1
202210,IP,Normal,1,12,Atendida,32
202210,IP,Normal,1,12,Cancelada,11
202210,IP,Normal,1,12,Cola,13
202210,IP,Normal,1,12,No asistió,3
202210,IP,Normal,1,14,Atendida,47
202210,IP,Normal,1,14,Cancelada,20
202210,IP,Normal,1,14,Cola,20
202210,IP,Normal,1,14,No asistió,5
202210,IP,Normal,1,15,Atendida,49
202210,IP,Normal,1,15,Cancelada,22
202210,IP,Normal,1,15,Cola,18
202210,IP,Normal,1,15,No asistió,1
202210,IP,Normal,1,17,Atendida,38
202210,IP,Normal,1,17,Cancelada,16
202210,IP,Normal,1,17,Cola,16
202210,IP,Normal,2,8,Atendida,45
202210,IP,Normal,2,8,Cancelada,30
202210,IP,Normal,2,8,Cola,16
202210,IP,Normal,2,8,No asistió,5
202210,IP,Normal,2,9,Atendida,42
202210,IP,Normal,2,9,Cancelada,30
202210,IP,Normal,2,9,Cola,22
202210,IP,Normal,2,9,No asistió,7
202210,IP,Normal,2,11,Atendida,54
202210,IP,Normal,2,11,Cancelada,37
202210,IP,Normal,2,11,Cola,19
202210,IP,Normal,2,11,No asistió,6
202210,IP,Normal,2,12,Atendida,17
202210,IP,Normal,2,12,Cancelada,9
202210,IP,Normal,2,12,Cola,11
202210,IP,Normal,2,12,No asistió,4
202210,IP,Normal,2,15,Abierta,1
202210,IP,Normal,2,15,Atendida,34
202210,IP,Normal,2,15,Cancelada,27
202210,IP,Normal,2,15,Cola,19
202210,IP,Normal,2,15,No asistió,4
202210,IP,Normal,2,17,Atendida,32
202210,IP,Normal,2,17,Cancelada,20
202210,IP,Normal,2,17,Cola,19
202210,IP,Normal,2,17,No asistió,5
202210,IP,Normal,3,8,Atendida,26
202210,IP,Normal,3,8,Cancelada,18
202210,IP,Normal,3,8,Cola,11
202210,IP,Normal,3,8,No asistió,3
202210,IP,Normal,3,9,Atendida,54
202210,IP,Normal,3,9,Cancelada,24
202210,IP,Normal,3,9,Cola,16
202210,IP,Normal,3,9,No asistió,8
202210,IP,Normal,3,11,Atendida,55
202210,IP,Normal,3,11,Cancelada,30
202210,IP,Normal,3,11,Cola,26
202210,IP,Normal,3,11,No asistió,4
202210,IP,Normal,3,12,Abierta,1
202210,IP,Normal,3,12,Atendida,43
202210,IP,Normal,3,12,Cancelada,24
202210,IP,Normal,3,12,Cola,11
202210,IP,Normal,3,12,No asistió,4
202210,IP,Normal,3,14,Atendida,36
202210,IP,Normal,3,14,Cancelada,24
202210,IP,Normal,3,14,Cola,17
202210,IP,Normal,3,14,No asistió,4
202210,IP,Normal,3,15,Atendida,27
202210,IP,Normal,3,15,Cancelada,20
202210,IP,Normal,3,15,Cola,11
202210,IP,Normal,3,15,No asistió,1
202210,IP,Normal,3,17,Atendida,41
202210,IP,Normal,3,17,Cancelada,18
202210,IP,Normal,3,17,Cola,16
202210,IP,Normal,3,17,No asistió,3
202210,IP,Normal,4,8,Atendida,40
202210,IP,Normal,4,8,Cancelada,33
202210,IP,Normal,4,8,Cola,16
202210,IP,Normal,4,8,No asistió,10
202210,IP,Normal,4,9,Atendida,41
202210,IP,Normal,4,9,Cancelada,24
202210,IP,Normal,4,9,Cola,19
202210,IP,Normal,4,9,No asistió,5
202210,IP,Normal,4,11,Atendida,39
202210,IP,Normal,4,11,Cancelada,23
202210,IP,Normal,4,11,Cola,23
202210,IP,Normal,4,11,No asistió,4
202210,IP,Normal,4,12,Atendida,30
202210,IP,Normal,4,12,Cancelada,13
202210,IP,Normal,4,12,Cola,12
202210,IP,Normal,4,12,No asistió,3
202210,IP,Normal,4,14,Atendida,41
202210,IP,Normal,4,14,Cancelada,28
202210,IP,Normal,4,14,Cola,21
202210,IP,Normal,4,14,No asistió,7
202210,IP,Normal,4,15,Atendida,58
202210,IP,Normal,4,15,Cancelada,25
202210,IP,Normal,4,15,Cola,16
202210,IP,Normal,4,15,No asistió,8
202210,IP,Normal,4,17,Atendida,51
202210,IP,Normal,4,17,Cancelada,30
202210,IP,Normal,4,17,Cola,18
202210,IP,Normal,4,17,No asistió,9
202210,IP,Normal,5,8,Atendida,42
202210,IP,Normal,5,8,Cancelada,32
202210,IP,Normal,5,8,Cola,27
202210,IP,Normal,5,8,No asistió,3
202210,IP,Normal,5,9,Atendida,51
202210,IP,Normal,5,9,Cancelada,26
202210,IP,Normal,5,9,Cola,23
202210,IP,Normal,5,9,No asistió,2
202210,IP,Normal,5,11,Atendida,47
202210,IP,Normal,5,11,Cancelada,36
202210,IP,Normal,5,11,Cola,30
202210,IP,Normal,5,11,No asistió,6
202210,IP,Normal,5,12,Atendida,20
202210,IP,Normal,5,12,Cancelada,14
202210,IP,Normal,5,12,Cola,9
202210,IP,Normal,5,12,No asistió,3
202210,IP,Normal,5,14,Atendida,50
202210,IP,Normal,5,14,Cancelada,34
202210,IP,Normal,5,14,Cola,19
202210,IP,Normal,5,14,No asistió,8
202210,IP,Normal,5,15,Atendida,30
202210,IP,Normal,5,15,Cancelada,32
202210,IP,Normal,5,15,Cola,23
202210,IP,Normal,5,15,No asistió,6
202210,IP,Normal,5,17,Atendida,23
202210,IP,Normal,5,17,Cancelada,20
202210,IP,Normal,5,17,Cola,25
202210,IP,Normal,5,17,No asistió,5
202210,IP,Normal pico,1,8,Atendida,9
202210,IP,Normal pico,1,8,Cancelada,10
202210,IP,Normal pico,1,8,Cola,1
202210,IP,Normal pico,1,11,Abierta,1
202210,IP,Normal pico,1,11,Atendida,19
202210,IP,Normal pico,1,11,Cancelada,7
202210,IP,Normal pico,1,11,Cola,2
202210,IP,Normal pico,1,11,No asistió,1
202210,IP,Normal pico,1,12,Abierta,1
202210,IP,Normal pico,1,12,Atendida,15
202210,IP,Normal pico,1,12,Cancelada,2
202210,IP,Normal pico,1,12,No asistió,1
202210,IP,Normal pico,1,14,Atendida,16
202210,IP,Normal pico,1,14,Cancelada,2
202210,IP,Normal pico,1,14,No asistió,1
202210,IP,Normal pico,1,15,Atendida,18
202210,IP,Normal pico,1,15,Cancelada,7
202210,IP,Normal pico,1,15,Cola,2
202210,IP,Normal pico,1,15,No asistió,1
202210,IP,Normal pico,1,17,Atendida,15
202210,IP,Normal pico,1,17,Cancelada,4
202210,IP,Normal pico,1,17,Cola,2
202210,IP,Normal pico,1,17,No asistió,1
202210,IP,Normal pico,2,8,Abierta,1
202210,IP,Normal pico,2,8,Atendida,17
202210,IP,Normal pico,2,8,Cancelada,4
202210,IP,Normal pico,2,8,Cola,5
202210,IP,Normal pico,2,8,No asistió,1
202210,IP,Normal pico,2,9,Abierta,1
202210,IP,Normal pico,2,9,Atendida,17
202210,IP,Normal pico,2,9,Cancelada,5
202210,IP,Normal pico,2,9,Cola,8
202210,IP,Normal pico,2,9,No asistió,1
202210,IP,Normal pico,2,11,Abierta,2
202210,IP,Normal pico,2,11,Atendida,18
202210,IP,Normal pico,2,11,Cancelada,5
202210,IP,Normal pico,2,11,Cola,3
202210,IP,Normal pico,2,11,No asistió,3
202210,IP,Normal pico,2,12,Abierta,2
202210,IP,Normal pico,2,12,Atendida,14
202210,IP,Normal pico,2,12,Cancelada,3
202210,IP,Normal pico,2,12,Cola,4
202210,IP,Normal pico,2,12,No asistió,3
202210,IP,Normal pico,2,15,Abierta,2
202210,IP,Normal pico,2,15,Atendida,24
202210,IP,Normal pico,2,15,Cancelada,8
202210,IP,Normal pico,2,15,Cola,5
202210,IP,Normal pico,2,15,No asistió,2
202210,IP,Normal pico,2,17,Abierta,5
202210,IP,Normal pico,2,17,Atendida,14
202210,IP,Normal pico,2,17,Cancelada,7
202210,IP,Normal pico,2,17,Cola,4
202210,IP,Normal pico,2,17,No asistió,2
202210,IP,Normal pico,3,8,Atendida,6
202210,IP,Normal pico,3,8,Cancelada,4
202210,IP,Normal pico,3,9,Atendida,4
202210,IP,Normal pico,3,9,Cancelada,10
202210,IP,Normal pico,3,9,No asistió,1
202210,IP,Normal pico,3,11,Abierta,1
202210,IP,Normal pico,3,11,Atendida,7
202210,IP,Normal pico,3,11,Cancelada,8
202210,IP,Normal pico,3,11,No asistió,3
202210,IP,Normal pico,3,12,Abierta,1
202210,IP,Normal pico,3,12,Atendida,6
202210,IP,Normal pico,3,12,Cancelada,8
202210,IP,Normal pico,3,14,Atendida,12
202210,IP,Normal pico,3,14,Cancelada,10
202210,IP,Normal pico,3,15,Atendida,8
202210,IP,Normal pico,3,15,Cancelada,6
202210,IP,Normal pico,3,15,No asistió,1
202210,IP,Normal pico,3,17,Abierta,1
202210,IP,Normal pico,3,17,Atendida,8
202210,IP,Normal pico,3,17,Cancelada,4
202210,IP,Normal pico,3,17,Cola,1
202210,IP,Normal pico,3,17,No asistió,3
202210,IP,Normal pico,4,8,Abierta,1
202210,IP,Normal pico,4,8,Atendida,7
202210,IP,Normal pico,4,8,Cancelada,10
202210,IP,Normal pico,4,8,No asistió,1
202210,IP,Normal pico,4,9,Atendida,9
202210,IP,Normal pico,4,9,Cancelada,4
202210,IP,Normal pico,4,9,No asistió,2
202210,IP,Normal pico,4,11,Abierta,3
202210,IP,Normal pico,4,11,Atendida,9
202210,IP,Normal pico,4,11,Cancelada,13
202210,IP,Normal pico,4,12,Atendida,8
202210,IP,Normal pico,4,12,Cancelada,6
202210,IP,Normal pico,4,14,Atendida,8
202210,IP,Normal pico,4,14,Cancelada,3
202210,IP,Normal pico,4,14,No asistió,2
202210,IP,Normal pico,4,15,Atendida,15
202210,IP,Normal pico,4,15,Cancelada,10
202210,IP,Normal pico,4,17,Atendida,10
202210,IP,Normal pico,4,17,Cancelada,10
202210,IP,Normal pico,4,17,No asistió,1
202210,IP,Normal pico,5,8,Atendida,11
202210,IP,Normal pico,5,8,Cancelada,8
202210,IP,Normal pico,5,8,No asistió,2
202210,IP,Normal pico,5,9,Atendida,14
202210,IP,Normal pico,5,9,Cancelada,16
202210,IP,Normal pico,5,11,Atendida,19
202210,IP,Normal pico,5,11,Cancelada,12
202210,IP,Normal pico,5,11,Cola,2
202210,IP,Normal pico,5,11,No asistió,1
202210,IP,Normal pico,5,12,Atendida,6
202210,IP,Normal pico,5,12,Cancelada,11
202210,IP,Normal pico,5,12,No asistió,1
202210,IP,Normal pico,5,14,Atendida,12
202210,IP,Normal pico,5,14,Cancelada,10
202210,IP,Normal pico,5,14,No asistió,2
202210,IP,Normal pico,5,15,Atendida,9
202210,IP,Normal pico,5,15,Cancelada,10
202210,IP,Normal pico,5,15,No asistió,2
202210,IP,Normal pico,5,17,Atendida,11
202210,IP,Normal pico,5,17,Cancelada,11
202210,IP,Normal pico,5,17,Cola,1
202210,IP,Normal pico,5,17,No asistió,1
202219,"Deprecated, IP Nivelación","Deprecated, Nivelación IP",2,10,Atendida,2
202219,"Deprecated, IP Nivelación","Deprecated, Nivelación IP",2,11,Atendida,2
202219,"Deprecated, IP Nivelación","Deprecated, Nivelación IP",2,12,Atendida,3
202219,"Deprecated, IP Nivelación","Deprecated, Nivelación IP",2,14,Atendida,1
202219,"Deprecated, IP Nivelación","Deprecated, Nivelación IP",2,14,Cancelada,1
202219,"Deprecated, IP Nivelación","Deprecated, Nivelación IP",2,15,Cancelada,1
202219,"Deprecated, IP Nivelación","Deprecated, Nivelación IP",3,10,Atendida,1
202219,"Deprecated, IP Nivelación","Deprecated, Nivelación IP",3,11,Atendida,1
202219,"Deprecated, IP Nivelación","Deprecated, Nivelación IP",3,12,Atendida,1
202219,"Deprecated, IP Nivelación","Deprecated, Nivelación IP",4,12,Atendida,1
202219,"Deprecated, IP Nivelación","Deprecated, Nivelación IP",4,13,Atendida,1
202219,IP,Normal,2,10,Atendida,3
202219,IP,Normal,2,10,Cancelada,3
202219,IP,Normal,2,10,No asistió,1
202219,IP,Normal,2,11,Atendida,5
202219,IP,Normal,2,11,Cancelada,3
202219,IP,Normal,2,14,Atendida,5
202219,IP,Normal,2,14,Cancelada,2
202219,IP,Normal,2,14,Cola,1
202219,IP,Normal,2,15,Atendida,2
202219,IP,Normal,2,15,Cancelada,1
202219,IP,Normal,2,15,No asistió,2
202219,IP,Normal,3,10,Atendida,5
202219,IP,Normal,3,10,Cancelada,3
202219,IP,Normal,3,10,Cola,1
202219,IP,Normal,3,11,Atendida,5
202219,IP,Normal,3,11,Cola,4
202219,IP,Normal,3,12,Atendida,5
202219,IP,Normal,3,12,Cancelada,1
202219,IP,Normal,3,12,Cola,4
202219,IP,Normal,3,13,Atendida,5
202219,IP,Normal,3,13,Cancelada,1
202219,IP,Normal,3,13,Cola,6
202219,IP,Normal,4,14,Atendida,4
202219,IP,Normal,4,14,Cancelada,3
202219,IP,Normal,4,14,Cola,4
202219,IP,Normal,4,14,No asistió,1
202219,IP,Normal,4,15,Atendida,3
202219,IP,Normal,4,15,Cancelada,1
202219,IP,Normal,4,15,Cola,2
202219,IP,Normal,4,15,No asistió,1
202220,EDA,Express,1,9,Atendida,5
202220,EDA,Express,1,9,Cancelada,5
202220,EDA,Express,1,9,Cola,5
202220,EDA,Express,1,9,No asistió,4
202220,EDA,Express,1,13,Atendida,7
202220,EDA,Express,1,13,Cancelada,4
202220,EDA,Express,1,13,Cola,4
202220,EDA,Express,1,13,No asistió,2
202220,EDA,Express,1,15,Atendida,6
202220,EDA,Express,1,15,Cancelada,4
202220,EDA,Express,1,15,Cola,5
202220,EDA,Express,1,15,No asistió,2
202220,EDA,Express,2,9,Atendida,11
202220,EDA,Express,2,9,Cancelada,12
202220,EDA,Express,2,9,Cola,11
202220,EDA,Express,2,9,No asistió,1
202220,EDA,Express,3,15,Atendida,2
202220,EDA,Express,3,15,Cancelada,3
202220,EDA,Express,3,15,No asistió,1
202220,EDA,Express,4,9,Atendida,1
202220,EDA,Express,4,9,Cancelada,5
202220,EDA,Express,4,9,Cola,1
202220,EDA,Express,4,9,No asistió,1
202220,EDA,Express,4,10,Atendida,3
202220,EDA,Express,4,10,Cancelada,2
202220,EDA,Express,4,10,Cola,1
202220,EDA,Express,4,10,No asistió,2
202220,EDA,Express,4,12,Atendida,8
202220,EDA,Express,4,12,Cancelada,10
202220,EDA,Express,4,12,Cola,1
202220,EDA,Express,4,12,No asistió,3
202220,EDA,Express,4,15,Atendida,2
202220,EDA,Express,4,15,Cancelada,13
202220,EDA,Express,4,15,Cola,5
202220,EDA,Express,4,15,No asistió,3
202220,EDA,Express,5,10,Atendida,6
202220,EDA,Express,5,10,Cancelada,8
202220,EDA,Express,5,10,Cola,4
202220,EDA,Express,5,10,No asistió,4
202220,EDA,Express,5,15,Atendida,1
202220,EDA,Normal,1,9,Abierta,1
202220,EDA,Normal,1,9,Atendida,1
202220,EDA,Normal,1,9,Cola,4
202220,EDA,Normal,1,12,Atendida,6
202220,EDA,Normal,1,12,Cancelada,1
202220,EDA,Normal,1,12,Cola,5
202220,EDA,Normal,1,14,Atendida,12
202220,EDA,Normal,1,14,Cancelada,6
202220,EDA,Normal,1,14,Cola,9
202220,EDA,Normal,1,14,No asistió,1
202220,EDA,Normal,1,15,Atendida,9
202220,EDA,Normal,1,15,Cancelada,4
202220,EDA,Normal,1,15,Cola,9
202220,EDA,Normal,1,15,No asistió,1
202220,EDA,Normal,1,17,Atendida,1
202220,EDA,Normal,2,9,Atendida,10
202220,EDA,Normal,2,9,Cancelada,4
202220,EDA,Normal,2,9,Cola,18
202220,EDA,Normal,2,15,Atendida,6
202220,EDA,Normal,2,15,Cancelada,4
202220,EDA,Normal,2,15,Cola,10
202220,EDA,Normal,3,8,Atendida,6
202220,EDA,Normal,3,8,Cancelada,11
202220,EDA,Normal,3,8,Cola,6
202220,EDA,Normal,3,8,No asistió,3
202220,EDA,Normal,3,9,Abierta,1
202220,EDA,Normal,3,9,Atendida,9
202220,EDA,Normal,3,9,Cancelada,11
202220,EDA,Normal,3,9,Cola,7
202220,EDA,Normal,3,9,No asistió,2
202220,EDA,Normal,3,12,Atendida,1
202220,EDA,Normal,3,12,Cancelada,1
202220,EDA,Normal,3,14,Atendida,2
202220,EDA,Normal,3,14,Cancelada,7
202220,EDA,Normal,3,14,Cola,3
202220,EDA,Normal,3,14,No asistió,3
202220,EDA,Normal,3,15,Atendida,7
202220,EDA,Normal,3,15,Cancelada,10
202220,EDA,Normal,3,15,Cola,9
202220,EDA,Normal,3,15,No asistió,7
202220,EDA,Normal,4,8,Atendida,7
202220,EDA,Normal,4,8,Cancelada,10
202220,EDA,Normal,4,8,Cola,5
202220,EDA,Normal,4,8,No asistió,4
202220,EDA,Normal,4,9,Atendida,14
202220,EDA,Normal,4,9,Cancelada,12
202220,EDA,Normal,4,9,Cola,3
202220,EDA,Normal,4,9,No asistió,4
202220,EDA,Normal,4,11,Atendida,12
202220,EDA,Normal,4,11,Cancelada,10
202220,EDA,Normal,4,11,Cola,2
202220,EDA,Normal,4,11,No asistió,4
202220,EDA,Normal,4,12,Atendida,10
202220,EDA,Normal,4,12,Cancelada,8
202220,EDA,Normal,4,12,Cola,5
202220,EDA,Normal,4,12,No asistió,1
202220,EDA,Normal,4,15,Atendida,8
202220,EDA,Normal,4,15,Cancelada,8
202220,EDA,Normal,4,15,Cola,7
202220,EDA,Normal,4,15,No asistió,4
202220,EDA,Normal,5,8,Atendida,8
202220,EDA,Normal,5,8,Cancelada,6
202220,EDA,Normal,5,8,Cola,7
202220,EDA,Normal,5,8,No asistió,2
202220,EDA,Normal,5,9,Atendida,18
202220,EDA,Normal,5,9,Cancelada,14
202220,EDA,Normal,5,9,Cola,9
202220,EDA,Normal,5,9,No asistió,2
202220,EDA,Normal,5,11,Atendida,5
202220,EDA,Normal,5,11,Cancelada,3
202220,EDA,Normal,5,11,Cola,5
202220,EDA,Normal,5,11,No asistió,2
202220,EDA,Normal,5,15,Atendida,4
202220,EDA,Normal,5,15,Cancelada,4
202220,EDA,Normal,5,15,Cola,6
202220,EDA,Normal,5,15,No asistió,1
202220,Entrevista,Entrevistas,1,8,Atendida,5
202220,Entrevista,Entrevistas,1,8,Cancelada,1
202220,Entrevista,Entrevistas,1,9,Atendida,3
202220,Entrevista,Entrevistas,1,9,Cancelada,1
202220,Entrevista,Entrevistas,1,10,Atendida,2
202220,Entrevista,Entrevistas,1,11,Atendida,2
202220,Entrevista,Entrevistas,1,12,Atendida,2
202220,Entrevista,Entrevistas,1,13,Atendida,2
202220,Entrevista,Entrevistas,1,13,Cancelada,1
202220,Entrevista,Entrevistas,1,14,Atendida,4
202220,Entrevista,Entrevistas,1,14,Cancelada,1
202220,Entrevista,Entrevistas,1,15,Atendida,3
202220,Entrevista,Entrevistas,1,15,Cancelada,1
202220,Entrevista,Entrevistas,1,16,Atendida,5
202220,Entrevista,Entrevistas,1,16,Cancelada,1
202220,Entrevista,Entrevistas,1,17,Atendida,1
202220,Entrevista,Entrevistas,1,17,Cancelada,2
202220,Entrevista,Entrevistas,2,9,Atendida,1
202220,Entrevista,Entrevistas,2,10,Cancelada,1
202220,Entrevista,Entrevistas,2,11,Atendida,1
202220,Entrevista,Entrevistas,2,14,Atendida,1
202220,Entrevista,Entrevistas,2,14,Cancelada,1
202220,Entrevista,Entrevistas,2,16,Cancelada,2
202220,Entrevista,Entrevistas,2,17,Atendida,1
202220,Entrevista,Entrevistas,3,9,No asistió,1
202220,Entrevista,Entrevistas,3,10,Cancelada,1
202220,Entrevista,Entrevistas,3,11,Atendida,2
202220,Entrevista,Entrevistas,3,11,Cancelada,1
202220,Entrevista,Entrevistas,3,16,Atendida,1
202220,Entrevista,Entrevistas,4,10,Atendida,1
202220,Entrevista,Entrevistas,4,11,Atendida,2
202220,Entrevista,Entrevistas,4,15,Cancelada,1
202220,Entrevista,Entrevistas,4,15,No asistió,1
202220,Entrevista,Entrevistas,4,16,Atendida,1
202220,Entrevista,Entrevistas,5,9,Atendida,1
202220,Entrevista,Entrevistas,5,10,Atendida,1
202220,Entrevista,Entrevistas,5,15,Atendida,1
202220,IP,"Deprecated, Torre Séneca",4,18,Atendida,11
202220,IP,"Deprecated, Torre Séneca",4,18,Cancelada,8
202220,IP,"Deprecated, Torre Séneca",4,18,No asistió,9
202220,IP,"Deprecated, Torre Séneca",4,19,Atendida,6
202220,IP,"Deprecated, Torre Séneca",4,19,Cancelada,9
202220,IP,"Deprecated, Torre Séneca",4,19,No asistió,7
202220,IP,"Deprecated, Torre Séneca",5,19,Cancelada,3
202220,IP,Express,1,9,Atendida,12
202220,IP,Express,1,9,Cancelada,6
202220,IP,Express,1,9,Cola,8
202220,IP,Express,1,9,No asistió,1
202220,IP,Express,1,10,Atendida,18
202220,IP,Express,1,10,Cancelada,11
202220,IP,Express,1,10,Cola,4
202220,IP,Express,1,10,No asistió,2
202220,IP,Express,1,12,Abierta,1
202220,IP,Express,1,12,Atendida,32
202220,IP,Express,1,12,Cancelada,12
202220,IP,Express,1,12,Cola,8
202220,IP,Express,1,12,No asistió,2
202220,IP,Express,1,13,Abierta,1
202220,IP,Express,1,13,Atendida,22
202220,IP,Express,1,13,Cancelada,19
202220,IP,Express,1,13,Cola,8
202220,IP,Express,1,13,No asistió,5
202220,IP,Express,1,15,Atendida,23
202220,IP,Express,1,15,Cancelada,9
202220,IP,Express,1,15,Cola,5
202220,IP,Express,1,15,No asistió,3
202220,IP,Express,1,16,Atendida,11
202220,IP,Express,1,16,Cancelada,15
202220,IP,Express,1,16,Cola,7
202220,IP,Express,1,16,No asistió,2
202220,IP,Express,2,9,Atendida,21
202220,IP,Express,2,9,Cancelada,17
202220,IP,Express,2,9,Cola,17
202220,IP,Express,2,9,No asistió,4
202220,IP,Express,2,10,Abierta,1
202220,IP,Express,2,10,Atendida,25
202220,IP,Express,2,10,Cancelada,17
202220,IP,Express,2,10,Cola,12
202220,IP,Express,2,10,No asistió,6
202220,IP,Express,2,12,Atendida,33
202220,IP,Express,2,12,Cancelada,24
202220,IP,Express,2,12,Cola,14
202220,IP,Express,2,12,No asistió,6
202220,IP,Express,2,13,Atendida,11
202220,IP,Express,2,13,Cancelada,7
202220,IP,Express,2,13,Cola,16
202220,IP,Express,2,13,No asistió,2
202220,IP,Express,2,15,Atendida,1
202220,IP,Express,2,15,Cola,1
202220,IP,Express,2,16,Atendida,18
202220,IP,Express,2,16,Cancelada,11
202220,IP,Express,2,16,Cola,17
202220,IP,Express,2,16,No asistió,1
202220,IP,Express,3,9,Atendida,1
202220,IP,Express,3,9,Cola,2
202220,IP,Express,3,10,Abierta,1
202220,IP,Express,3,10,Atendida,21
202220,IP,Express,3,10,Cancelada,13
202220,IP,Express,3,10,Cola,18
202220,IP,Express,3,10,No asistió,16
202220,IP,Express,3,12,Atendida,31
202220,IP,Express,3,12,Cancelada,26
202220,IP,Express,3,12,Cola,18
202220,IP,Express,3,12,No asistió,7
202220,IP,Express,3,13,Atendida,23
202220,IP,Express,3,13,Cancelada,14
202220,IP,Express,3,13,Cola,19
202220,IP,Express,3,13,No asistió,4
202220,IP,Express,3,15,Atendida,29
202220,IP,Express,3,15,Cancelada,18
202220,IP,Express,3,15,Cola,14
202220,IP,Express,3,15,No asistió,2
202220,IP,Express,3,16,Atendida,27
202220,IP,Express,3,16,Cancelada,11
202220,IP,Express,3,16,Cola,19
202220,IP,Express,3,16,No asistió,7
202220,IP,Express,4,9,Atendida,32
202220,IP,Express,4,9,Cancelada,30
202220,IP,Express,4,9,Cola,15
202220,IP,Express,4,9,No asistió,8
202220,IP,Express,4,10,Atendida,20
202220,IP,Express,4,10,Cancelada,21
202220,IP,Express,4,10,Cola,16
202220,IP,Express,4,10,No asistió,4
202220,IP,Express,4,12,Atendida,8
202220,IP,Express,4,12,Cancelada,7
202220,IP,Express,4,12,Cola,8
202220,IP,Express,4,12,No asistió,1
202220,IP,Express,4,13,Atendida,19
202220,IP,Express,4,13,Cancelada,19
202220,IP,Express,4,13,Cola,17
202220,IP,Express,4,13,No asistió,3
202220,IP,Express,4,15,Atendida,19
202220,IP,Express,4,15,Cancelada,19
202220,IP,Express,4,15,Cola,16
202220,IP,Express,4,15,No asistió,4
202220,IP,Express,4,16,Atendida,25
202220,IP,Express,4,16,Cancelada,26
202220,IP,Express,4,16,Cola,17
202220,IP,Express,4,16,No asistió,6
202220,IP,Express,5,9,Abierta,1
202220,IP,Express,5,9,Atendida,15
202220,IP,Express,5,9,Cancelada,17
202220,IP,Express,5,9,Cola,19
202220,IP,Express,5,9,No asistió,5
202220,IP,Express,5,10,Atendida,16
202220,IP,Express,5,10,Cancelada,17
202220,IP,Express,5,10,Cola,20
202220,IP,Express,5,10,No asistió,6
202220,IP,Express,5,12,Atendida,19
202220,IP,Express,5,12,Cancelada,22
202220,IP,Express,5,12,Cola,17
202220,IP,Express,5,12,No asistió,5
202220,IP,Express,5,15,Atendida,19
202220,IP,Express,5,15,Cancelada,19
202220,IP,Express,5,15,Cola,12
202220,IP,Express,5,15,No asistió,8
202220,IP,Express,5,16,Atendida,20
202220,IP,Express,5,16,Cancelada,19
202220,IP,Express,5,16,Cola,13
202220,IP,Express,5,16,No asistió,5
202220,IP,Normal,1,9,Atendida,51
202220,IP,Normal,1,9,Cancelada,17
202220,IP,Normal,1,9,Cola,7
202220,IP,Normal,1,11,Atendida,59
202220,IP,Normal,1,11,Cancelada,13
202220,IP,Normal,1,11,Cola,13
202220,IP,Normal,1,11,No asistió,1
202220,IP,Normal,1,12,Atendida,45
202220,IP,Normal,1,12,Cancelada,19
202220,IP,Normal,1,12,Cola,7
202220,IP,Normal,1,12,No asistió,4
202220,IP,Normal,1,14,Atendida,42
202220,IP,Normal,1,14,Cancelada,19
202220,IP,Normal,1,14,Cola,12
202220,IP,Normal,1,14,No asistió,1
202220,IP,Normal,1,15,Atendida,30
202220,IP,Normal,1,15,Cancelada,14
202220,IP,Normal,1,15,Cola,8
202220,IP,Normal,1,15,No asistió,4
202220,IP,Normal,1,17,Abierta,1
202220,IP,Normal,1,17,Atendida,40
202220,IP,Normal,1,17,Cancelada,12
202220,IP,Normal,1,17,Cola,9
202220,IP,Normal,1,17,No asistió,1
202220,IP,Normal,2,9,Atendida,54
202220,IP,Normal,2,9,Cancelada,25
202220,IP,Normal,2,9,Cola,17
202220,IP,Normal,2,9,No asistió,9
202220,IP,Normal,2,11,Atendida,53
202220,IP,Normal,2,11,Cancelada,20
202220,IP,Normal,2,11,Cola,20
202220,IP,Normal,2,11,No asistió,3
202220,IP,Normal,2,12,Atendida,20
202220,IP,Normal,2,12,Cancelada,16
202220,IP,Normal,2,12,Cola,20
202220,IP,Normal,2,12,No asistió,5
202220,IP,Normal,2,14,Atendida,4
202220,IP,Normal,2,14,Cancelada,2
202220,IP,Normal,2,15,Atendida,17
202220,IP,Normal,2,15,Cancelada,5
202220,IP,Normal,2,15,Cola,24
202220,IP,Normal,2,15,No asistió,4
202220,IP,Normal,3,8,Atendida,16
202220,IP,Normal,3,8,Cancelada,16
202220,IP,Normal,3,8,Cola,18
202220,IP,Normal,3,8,No asistió,3
202220,IP,Normal,3,9,Atendida,63
202220,IP,Normal,3,9,Cancelada,27
202220,IP,Normal,3,9,Cola,29
202220,IP,Normal,3,9,No asistió,4
202220,IP,Normal,3,11,Abierta,2
202220,IP,Normal,3,11,Atendida,77
202220,IP,Normal,3,11,Cancelada,46
202220,IP,Normal,3,11,Cola,21
202220,IP,Normal,3,12,Atendida,4
202220,IP,Normal,3,12,Cancelada,3
202220,IP,Normal,3,12,Cola,1
202220,IP,Normal,3,14,Atendida,60
202220,IP,Normal,3,14,Cancelada,34
202220,IP,Normal,3,14,Cola,19
202220,IP,Normal,3,14,No asistió,8
202220,IP,Normal,3,15,Atendida,36
202220,IP,Normal,3,15,Cancelada,20
202220,IP,Normal,3,15,Cola,19
202220,IP,Normal,3,15,No asistió,5
202220,IP,Normal,4,8,Atendida,33
202220,IP,Normal,4,8,Cancelada,18
202220,IP,Normal,4,8,Cola,16
202220,IP,Normal,4,8,No asistió,8
202220,IP,Normal,4,9,Atendida,47
202220,IP,Normal,4,9,Cancelada,24
202220,IP,Normal,4,9,Cola,23
202220,IP,Normal,4,9,No asistió,8
202220,IP,Normal,4,11,Atendida,54
202220,IP,Normal,4,11,Cancelada,41
202220,IP,Normal,4,11,Cola,28
202220,IP,Normal,4,11,No asistió,6
202220,IP,Normal,4,12,Atendida,43
202220,IP,Normal,4,12,Cancelada,32
202220,IP,Normal,4,12,Cola,17
202220,IP,Normal,4,12,No asistió,4
202220,IP,Normal,4,14,Atendida,65
202220,IP,Normal,4,14,Cancelada,47
202220,IP,Normal,4,14,Cola,17
202220,IP,Normal,4,14,No asistió,6
202220,IP,Normal,4,15,Atendida,41
202220,IP,Normal,4,15,Cancelada,27
202220,IP,Normal,4,15,Cola,18
202220,IP,Normal,4,15,No asistió,3
202220,IP,Normal,4,17,Atendida,51
202220,IP,Normal,4,17,Cancelada,36
202220,IP,Normal,4,17,Cola,20
202220,IP,Normal,4,17,No asistió,5
202220,IP,Normal,5,9,Atendida,53
202220,IP,Normal,5,9,Cancelada,34
202220,IP,Normal,5,9,Cola,24
202220,IP,Normal,5,9,No asistió,2
202220,IP,Normal,5,11,Abierta,1
202220,IP,Normal,5,11,Atendida,59
202220,IP,Normal,5,11,Cancelada,57
202220,IP,Normal,5,11,Cola,26
202220,IP,Normal,5,11,No asistió,8
202220,IP,Normal,5,12,Cancelada,2
202220,IP,Normal,5,12,No asistió,1
202220,IP,Normal,5,14,Abierta,1
202220,IP,Normal,5,14,Atendida,48
202220,IP,Normal,5,14,Cancelada,35
202220,IP,Normal,5,14,Cola,22
202220,IP,Normal,5,14,No asistió,8
202220,IP,Normal,5,15,Atendida,51
202220,IP,Normal,5,15,Cancelada,35
202220,IP,Normal,5,15,Cola,19
202220,IP,Normal,5,15,No asistió,5
202220,IP,Normal,5,17,Atendida,55
202220,IP,Normal,5,17,Cancelada,31
202220,IP,Normal,5,17,Cola,15
202220,IP,Normal,5,17,No asistió,7
202220,IP,Normal pico,1,9,Atendida,2
202220,IP,Normal pico,1,9,Cancelada,2
202220,IP,Normal pico,1,11,Atendida,5
202220,IP,Normal pico,1,11,Cancelada,2
202220,IP,Normal pico,1,12,Atendida,3
202220,IP,Normal pico,1,12,Cancelada,3
202220,IP,Normal pico,1,14,Abierta,1
202220,IP,Normal pico,1,14,Atendida,3
202220,IP,Normal pico,1,14,Cancelada,4
202220,IP,Normal pico,1,15,Atendida,6
202220,IP,Normal pico,1,15,Cancelada,3
202220,IP,Normal pico,1,17,Atendida,12
202220,IP,Normal pico,1,17,Cancelada,5
202220,IP,Normal pico,1,17,No asistió,2
202220,IP,Normal pico,2,9,Abierta,2
202220,IP,Normal pico,2,9,Atendida,21
202220,IP,Normal pico,2,9,Cancelada,7
202220,IP,Normal pico,2,9,Cola,5
202220,IP,Normal pico,2,9,No asistió,5
202220,IP,Normal pico,2,11,Atendida,17
202220,IP,Normal pico,2,11,Cancelada,8
202220,IP,Normal pico,2,11,Cola,4
202220,IP,Normal pico,2,11,No asistió,1
202220,IP,Normal pico,2,12,Abierta,1
202220,IP,Normal pico,2,12,Atendida,18
202220,IP,Normal pico,2,12,Cancelada,4
202220,IP,Normal pico,2,12,Cola,6
202220,IP,Normal pico,2,12,No asistió,5
202220,IP,Normal pico,2,15,Abierta,1
202220,IP,Normal pico,2,15,Atendida,19
202220,IP,Normal pico,2,15,Cancelada,5
202220,IP,Normal pico,2,15,Cola,6
202220,IP,Normal pico,2,15,No asistió,3
202220,IP,Normal pico,3,8,Atendida,9
202220,IP,Normal pico,3,8,Cancelada,4
202220,IP,Normal pico,3,8,Cola,2
202220,IP,Normal pico,3,8,No asistió,3
202220,IP,Normal pico,3,9,Atendida,12
202220,IP,Normal pico,3,9,Cancelada,8
202220,IP,Normal pico,3,9,Cola,4
202220,IP,Normal pico,3,9,No asistió,3
202220,IP,Normal pico,3,11,Atendida,7
202220,IP,Normal pico,3,11,Cancelada,12
202220,IP,Normal pico,3,11,Cola,3
202220,IP,Normal pico,3,14,Atendida,7
202220,IP,Normal pico,3,14,Cancelada,10
202220,IP,Normal pico,3,14,Cola,2
202220,IP,Normal pico,3,14,No asistió,3
202220,IP,Normal pico,3,15,Abierta,1
202220,IP,Normal pico,3,15,Atendida,10
202220,IP,Normal pico,3,15,Cancelada,6
202220,IP,Normal pico,3,15,Cola,3
202220,IP,Normal pico,3,15,No asistió,1
202220,IP,Normal pico,4,8,Atendida,4
202220,IP,Normal pico,4,8,Cancelada,6
202220,IP,Normal pico,4,8,No asistió,3
202220,IP,Normal pico,4,9,Atendida,10
202220,IP,Normal pico,4,9,Cancelada,16
202220,IP,Normal pico,4,9,Cola,1
202220,IP,Normal pico,4,9,No asistió,4
202220,IP,Normal pico,4,11,Abierta,1
202220,IP,Normal pico,4,11,Atendida,12
202220,IP,Normal pico,4,11,Cancelada,12
202220,IP,Normal pico,4,11,Cola,1
202220,IP,Normal pico,4,11,No asistió,2
202220,IP,Normal pico,4,12,Atendida,7
202220,IP,Normal pico,4,12,Cancelada,8
202220,IP,Normal pico,4,12,No asistió,3
202220,IP,Normal pico,4,14,Abierta,1
202220,IP,Normal pico,4,14,Atendida,8
202220,IP,Normal pico,4,14,Cancelada,15
202220,IP,Normal pico,4,14,Cola,1
202220,IP,Normal pico,4,14,No asistió,2
202220,IP,Normal pico,4,15,Atendida,12
202220,IP,Normal pico,4,15,Cancelada,13
202220,IP,Normal pico,4,15,Cola,1
202220,IP,Normal pico,4,15,No asistió,1
202220,IP,Normal pico,4,17,Atendida,15
202220,IP,Normal pico,4,17,Cancelada,10
202220,IP,Normal pico,4,17,No asistió,4
202220,IP,Normal pico,5,8,Atendida,9
202220,IP,Normal pico,5,8,Cancelada,10
202220,IP,Normal pico,5,8,No asistió,5
202220,IP,Normal pico,5,9,Atendida,18
202220,IP,Normal pico,5,9,Cancelada,21
202220,IP,Normal pico,5,9,No asistió,2
202220,IP,Normal pico,5,11,Abierta,2
202220,IP,Normal pico,5,11,Atendida,15
202220,IP,Normal pico,5,11,Cancelada,16
202220,IP,Normal pico,5,11,No asistió,2
202220,IP,Normal pico,5,14,Abierta,1
202220,IP,Normal pico,5,14,Atendida,16
202220,IP,Normal pico,5,14,Cancelada,16
202220,IP,Normal pico,5,14,Cola,1
202220,IP,Normal pico,5,14,No asistió,3
202220,IP,Normal pico,5,15,Atendida,12
202220,IP,Normal pico,5,15,Cancelada,17
202220,IP,Normal pico,5,15,No asistió,1
202220,IP,Normal pico,5,17,Abierta,3
202220,IP,Normal pico,5,17,Atendida,15
202220,IP,Normal pico,5,17,Cancelada,10
202220,IP,Normal pico,5,17,No asistió,2
202310,EDA,Express,1,12,Abierta,1
202310,EDA,Express,1,12,Atendida,4
202310,EDA,Express,1,12,Cancelada,4
202310,EDA,Express,1,12,Cola,7
202310,EDA,Express,1,12,No asistió,2
202310,EDA,Express,1,13,Atendida,14
202310,EDA,Express,1,13,Cancelada,13
202310,EDA,Express,1,13,Cola,5
202310,EDA,Express,1,15,Cola,1
202310,EDA,Express,1,16,Atendida,10
202310,EDA,Express,1,16,Cancelada,4
202310,EDA,Express,1,16,Cola,8
202310,EDA,Express,2,9,Atendida,15
202310,EDA,Express,2,9,Cancelada,10
202310,EDA,Express,2,9,Cola,6
202310,EDA,Express,2,9,No asistió,6
202310,EDA,Express,2,12,Atendida,1
202310,EDA,Express,2,12,Cancelada,1
202310,EDA,Express,2,13,Atendida,17
202310,EDA,Express,2,13,Cancelada,7
202310,EDA,Express,2,13,Cola,13
202310,EDA,Express,2,13,No asistió,3
202310,EDA,Express,3,9,Atendida,4
202310,EDA,Express,3,9,Cancelada,4
202310,EDA,Express,3,9,Cola,2
202310,EDA,Express,3,9,No asistió,1
202310,EDA,Express,3,10,Abierta,1
202310,EDA,Express,3,10,Atendida,7
202310,EDA,Express,3,10,Cancelada,6
202310,EDA,Express,3,10,No asistió,2
202310,EDA,Express,3,12,Atendida,6
202310,EDA,Express,3,12,Cancelada,5
202310,EDA,Express,3,12,No asistió,4
202310,EDA,Express,3,16,Atendida,2
202310,EDA,Express,3,16,Cancelada,1
202310,EDA,Express,3,16,No asistió,1
202310,EDA,Express,4,9,Atendida,5
202310,EDA,Express,4,9,Cancelada,5
202310,EDA,Express,4,9,Cola,1
202310,EDA,Express,4,12,Atendida,4
202310,EDA,Express,4,12,Cancelada,2
202310,EDA,Express,4,12,Cola,3
202310,EDA,Express,4,13,Atendida,7
202310,EDA,Express,4,13,Cancelada,2
202310,EDA,Express,4,13,Cola,1
202310,EDA,Express,4,13,No asistió,3
202310,EDA,Express,4,15,Atendida,1
202310,EDA,Express,4,15,Cancelada,6
202310,EDA,Express,4,15,No asistió,3
202310,EDA,Express,4,16,Atendida,4
202310,EDA,Express,4,16,Cancelada,1
202310,EDA,Express,4,16,No asistió,1
202310,EDA,Express,5,9,Atendida,2
202310,EDA,Express,5,9,Cancelada,4
202310,EDA,Express,5,9,No asistió,2
202310,EDA,Express,5,10,Atendida,5
202310,EDA,Express,5,10,Cancelada,6
202310,EDA,Express,5,10,Cola,2
202310,EDA,Express,5,10,No asistió,1
202310,EDA,Express,5,12,Atendida,5
202310,EDA,Express,5,12,Cancelada,5
202310,EDA,Express,5,13,Abierta,1
202310,EDA,Express,5,13,Atendida,5
202310,EDA,Express,5,13,Cancelada,4
202310,EDA,Express,5,15,Atendida,13
202310,EDA,Express,5,15,Cancelada,8
202310,EDA,Express,5,15,No asistió,4
202310,EDA,Express,5,16,No asistió,1
202310,EDA,Normal,1,11,Atendida,9
202310,EDA,Normal,1,11,Cancelada,4
202310,EDA,Normal,1,11,Cola,9
202310,EDA,Normal,1,12,Atendida,13
202310,EDA,Normal,1,12,Cancelada,2
202310,EDA,Normal,1,12,Cola,6
202310,EDA,Normal,1,14,Atendida,8
202310,EDA,Normal,1,14,Cancelada,6
202310,EDA,Normal,1,14,Cola,8
202310,EDA,Normal,1,15,Atendida,10
202310,EDA,Normal,1,15,Cancelada,2
202310,EDA,Normal,1,15,Cola,14
202310,EDA,Normal,1,15,No asistió,1
202310,EDA,Normal,1,17,Abierta,1
202310,EDA,Normal,1,17,Atendida,9
202310,EDA,Normal,1,17,Cancelada,2
202310,EDA,Normal,1,17,Cola,13
202310,EDA,Normal,2,8,Atendida,18
202310,EDA,Normal,2,8,Cancelada,5
202310,EDA,Normal,2,8,Cola,11
202310,EDA,Normal,2,8,No asistió,5
202310,EDA,Normal,2,9,Atendida,12
202310,EDA,Normal,2,9,Cancelada,2
202310,EDA,Normal,2,9,Cola,11
202310,EDA,Normal,2,9,No asistió,1
202310,EDA,Normal,2,11,Atendida,8
202310,EDA,Normal,2,11,Cancelada,2
202310,EDA,Normal,2,11,Cola,19
202310,EDA,Normal,2,11,No asistió,4
202310,EDA,Normal,2,12,Abierta,2
202310,EDA,Normal,2,12,Atendida,18
202310,EDA,Normal,2,12,Cancelada,3
202310,EDA,Normal,2,12,Cola,14
202310,EDA,Normal,2,12,No asistió,2
202310,EDA,Normal,2,17,Abierta,1
202310,EDA,Normal,2,17,Atendida,12
202310,EDA,Normal,2,17,Cancelada,5
202310,EDA,Normal,2,17,Cola,24
202310,EDA,Normal,3,8,Atendida,16
202310,EDA,Normal,3,8,Cancelada,6
202310,EDA,Normal,3,8,Cola,4
202310,EDA,Normal,3,8,No asistió,2
202310,EDA,Normal,3,9,Atendida,8
202310,EDA,Normal,3,9,Cancelada,5
202310,EDA,Normal,3,9,Cola,4
202310,EDA,Normal,3,11,Atendida,13
202310,EDA,Normal,3,11,Cancelada,11
202310,EDA,Normal,3,11,Cola,2
202310,EDA,Normal,3,11,No asistió,6
202310,EDA,Normal,3,12,Atendida,2
202310,EDA,Normal,3,12,Cancelada,4
202310,EDA,Normal,3,12,Cola,3
202310,EDA,Normal,3,12,No asistió,3
202310,EDA,Normal,3,17,Atendida,3
202310,EDA,Normal,3,17,Cancelada,4
202310,EDA,Normal,3,17,Cola,1
202310,EDA,Normal,4,8,Atendida,8
202310,EDA,Normal,4,8,Cancelada,2
202310,EDA,Normal,4,8,Cola,1
202310,EDA,Normal,4,8,No asistió,1
202310,EDA,Normal,4,9,Atendida,16
202310,EDA,Normal,4,9,Cancelada,6
202310,EDA,Normal,4,9,Cola,3
202310,EDA,Normal,4,9,No asistió,4
202310,EDA,Normal,4,11,Atendida,5
202310,EDA,Normal,4,11,Cancelada,2
202310,EDA,Normal,4,11,Cola,3
202310,EDA,Normal,4,12,Atendida,13
202310,EDA,Normal,4,12,Cancelada,9
202310,EDA,Normal,4,12,Cola,3
202310,EDA,Normal,4,12,No asistió,3
202310,EDA,Normal,4,14,Abierta,1
202310,EDA,Normal,4,14,Atendida,8
202310,EDA,Normal,4,14,Cancelada,4
202310,EDA,Normal,4,14,Cola,5
202310,EDA,Normal,4,14,No asistió,1
202310,EDA,Normal,4,15,Atendida,4
202310,EDA,Normal,4,15,Cancelada,6
202310,EDA,Normal,4,15,No asistió,2
202310,EDA,Normal,4,17,Atendida,7
202310,EDA,Normal,4,17,Cancelada,4
202310,EDA,Normal,4,17,Cola,3
202310,EDA,Normal,4,17,No asistió,1
202310,EDA,Normal,5,8,Abierta,1
202310,EDA,Normal,5,8,Atendida,12
202310,EDA,Normal,5,8,Cancelada,9
202310,EDA,Normal,5,8,Cola,1
202310,EDA,Normal,5,8,No asistió,1
202310,EDA,Normal,5,9,Abierta,1
202310,EDA,Normal,5,9,Atendida,9
202310,EDA,Normal,5,9,Cancelada,5
202310,EDA,Normal,5,9,Cola,4
202310,EDA,Normal,5,11,Atendida,9
202310,EDA,Normal,5,11,Cancelada,5
202310,EDA,Normal,5,11,Cola,3
202310,EDA,Normal,5,11,No asistió,2
202310,EDA,Normal,5,12,Atendida,6
202310,EDA,Normal,5,12,Cancelada,8
202310,EDA,Normal,5,12,Cola,4
202310,EDA,Normal,5,12,No asistió,1
202310,EDA,Normal,5,14,Atendida,7
202310,EDA,Normal,5,14,Cancelada,5
202310,EDA,Normal,5,14,Cola,2
202310,EDA,Normal,5,14,No asistió,1
202310,EDA,Normal,5,15,Atendida,1
202310,EDA,Normal,5,15,Cancelada,1
202310,EDA,Normal,5,17,Atendida,4
202310,EDA,Normal,5,17,Cancelada,3
202310,EDA,Normal,5,17,Cola,4
202310,Entrevista,Entrevistas,3,10,Atendida,1
202310,Entrevista,Entrevistas,3,10,Cancelada,1
202310,Entrevista,Entrevistas,3,11,Atendida,5
202310,Entrevista,Entrevistas,3,13,Atendida,1
202310,Entrevista,Entrevistas,3,15,Atendida,2
202310,Entrevista,Entrevistas,3,15,Cancelada,1
202310,Entrevista,Entrevistas,3,16,Atendida,1
202310,Entrevista,Entrevistas,3,16,Cancelada,1
202310,Entrevista,Entrevistas,4,8,Atendida,1
202310,Entrevista,Entrevistas,4,8,Cancelada,2
202310,Entrevista,Entrevistas,4,9,Atendida,4
202310,Entrevista,Entrevistas,4,10,Atendida,3
202310,Entrevista,Entrevistas,4,11,Atendida,6
202310,Entrevista,Entrevistas,4,11,Cancelada,2
202310,Entrevista,Entrevistas,4,12,Atendida,4
202310,Entrevista,Entrevistas,4,13,Atendida,2
202310,Entrevista,Entrevistas,4,14,Atendida,3
202310,Entrevista,Entrevistas,4,14,Cancelada,2
202310,Entrevista,Entrevistas,4,15,Atendida,3
202310,Entrevista,Entrevistas,4,15,Cancelada,1
202310,Entrevista,Entrevistas,4,16,Atendida,2
202310,Entrevista,Entrevistas,4,16,Cancelada,2
202310,Entrevista,Entrevistas,4,17,Atendida,1
202310,Entrevista,Entrevistas,4,17,Cancelada,1
202310,Entrevista,Entrevistas,5,8,Atendida,1
202310,Entrevista,Entrevistas,5,8,Cancelada,1
202310,Entrevista,Entrevistas,5,9,Atendida,3
202310,Entrevista,Entrevistas,5,10,Atendida,4
202310,Entrevista,Entrevistas,5,11,Atendida,1
202310,Entrevista,Entrevistas,5,11,Cancelada,2
202310,Entrevista,Entrevistas,5,12,Atendida,3
202310,Entrevista,Entrevistas,5,12,Cancelada,1
202310,Entrevista,Entrevistas,5,13,Atendida,1
202310,Entrevista,Entrevistas,5,14,Atendida,4
202310,Entrevista,Entrevistas,5,15,Atendida,2
202310,Entrevista,Entrevistas,5,15,Cancelada,1
202310,Entrevista,Entrevistas,5,16,Atendida,1
202310,Entrevista,Entrevistas,5,17,Atendida,1
202310,IP,Express,1,10,Atendida,33
202310,IP,Express,1,10,Cancelada,15
202310,IP,Express,1,10,Cola,6
202310,IP,Express,1,10,No asistió,1
202310,IP,Express,1,12,Atendida,36
202310,IP,Express,1,12,Cancelada,22
202310,IP,Express,1,12,Cola,4
202310,IP,Express,1,12,No asistió,7
202310,IP,Express,1,13,Abierta,1
202310,IP,Express,1,13,Atendida,17
202310,IP,Express,1,13,Cancelada,10
202310,IP,Express,1,13,Cola,3
202310,IP,Express,1,13,No asistió,4
202310,IP,Express,1,15,Abierta,1
202310,IP,Express,1,15,Atendida,37
202310,IP,Express,1,15,Cancelada,17
202310,IP,Express,1,15,Cola,9
202310,IP,Express,1,15,No asistió,7
202310,IP,Express,1,16,Atendida,23
202310,IP,Express,1,16,Cancelada,12
202310,IP,Express,1,16,Cola,9
202310,IP,Express,1,16,No asistió,5
202310,IP,Express,2,9,Abierta,1
202310,IP,Express,2,9,Atendida,23
202310,IP,Express,2,9,Cancelada,19
202310,IP,Express,2,9,Cola,8
202310,IP,Express,2,9,No asistió,4
202310,IP,Express,2,10,Atendida,35
202310,IP,Express,2,10,Cancelada,20
202310,IP,Express,2,10,Cola,10
202310,IP,Express,2,10,No asistió,9
202310,IP,Express,2,12,Atendida,25
202310,IP,Express,2,12,Cancelada,22
202310,IP,Express,2,12,Cola,9
202310,IP,Express,2,12,No asistió,4
202310,IP,Express,2,13,Abierta,1
202310,IP,Express,2,13,Atendida,19
202310,IP,Express,2,13,Cancelada,14
202310,IP,Express,2,13,Cola,10
202310,IP,Express,2,13,No asistió,4
202310,IP,Express,2,15,Atendida,27
202310,IP,Express,2,15,Cancelada,25
202310,IP,Express,2,15,Cola,9
202310,IP,Express,2,15,No asistió,6
202310,IP,Express,2,16,Abierta,2
202310,IP,Express,2,16,Atendida,14
202310,IP,Express,2,16,Cancelada,5
202310,IP,Express,2,16,Cola,12
202310,IP,Express,2,16,No asistió,1
202310,IP,Express,3,9,Atendida,18
202310,IP,Express,3,9,Cancelada,9
202310,IP,Express,3,9,Cola,5
202310,IP,Express,3,9,No asistió,3
202310,IP,Express,3,10,Atendida,28
202310,IP,Express,3,10,Cancelada,27
202310,IP,Express,3,10,Cola,7
202310,IP,Express,3,10,No asistió,9
202310,IP,Express,3,12,Atendida,29
202310,IP,Express,3,12,Cancelada,26
202310,IP,Express,3,12,Cola,2
202310,IP,Express,3,12,No asistió,8
202310,IP,Express,3,13,Atendida,23
202310,IP,Express,3,13,Cancelada,17
202310,IP,Express,3,13,Cola,4
202310,IP,Express,3,13,No asistió,7
202310,IP,Express,3,15,Atendida,33
202310,IP,Express,3,15,Cancelada,17
202310,IP,Express,3,15,Cola,5
202310,IP,Express,3,15,No asistió,3
202310,IP,Express,3,16,Abierta,1
202310,IP,Express,3,16,Atendida,19
202310,IP,Express,3,16,Cancelada,10
202310,IP,Express,3,16,Cola,4
202310,IP,Express,3,16,No asistió,3
202310,IP,Express,4,9,Atendida,4
202310,IP,Express,4,9,Cancelada,6
202310,IP,Express,4,9,Cola,1
202310,IP,Express,4,10,Atendida,35
202310,IP,Express,4,10,Cancelada,18
202310,IP,Express,4,10,Cola,10
202310,IP,Express,4,10,No asistió,4
202310,IP,Express,4,12,Atendida,21
202310,IP,Express,4,12,Cancelada,19
202310,IP,Express,4,12,Cola,3
202310,IP,Express,4,12,No asistió,6
202310,IP,Express,4,13,Atendida,20
202310,IP,Express,4,13,Cancelada,24
202310,IP,Express,4,13,Cola,5
202310,IP,Express,4,13,No asistió,4
202310,IP,Express,4,15,Atendida,28
202310,IP,Express,4,15,Cancelada,23
202310,IP,Express,4,15,Cola,7
202310,IP,Express,4,15,No asistió,6
202310,IP,Express,4,16,Abierta,1
202310,IP,Express,4,16,Atendida,27
202310,IP,Express,4,16,Cancelada,28
202310,IP,Express,4,16,Cola,13
202310,IP,Express,4,16,No asistió,3
202310,IP,Express,5,9,Abierta,1
202310,IP,Express,5,9,Atendida,29
202310,IP,Express,5,9,Cancelada,33
202310,IP,Express,5,9,Cola,5
202310,IP,Express,5,9,No asistió,9
202310,IP,Express,5,10,Atendida,24
202310,IP,Express,5,10,Cancelada,21
202310,IP,Express,5,10,Cola,10
202310,IP,Express,5,10,No asistió,14
202310,IP,Express,5,12,Atendida,22
202310,IP,Express,5,12,Cancelada,21
202310,IP,Express,5,12,Cola,12
202310,IP,Express,5,12,No asistió,6
202310,IP,Express,5,13,Abierta,2
202310,IP,Express,5,13,Atendida,9
202310,IP,Express,5,13,Cancelada,16
202310,IP,Express,5,13,Cola,7
202310,IP,Express,5,13,No asistió,6
202310,IP,Express,5,15,Atendida,24
202310,IP,Express,5,15,Cancelada,31
202310,IP,Express,5,15,Cola,10
202310,IP,Express,5,15,No asistió,3
202310,IP,Express,5,16,Atendida,28
202310,IP,Express,5,16,Cancelada,34
202310,IP,Express,5,16,Cola,7
202310,IP,Express,5,16,No asistió,5
202310,IP,Normal,1,8,Atendida,19
202310,IP,Normal,1,8,Cancelada,5
202310,IP,Normal,1,8,Cola,3
202310,IP,Normal,1,8,No asistió,1
202310,IP,Normal,1,10,Atendida,8
202310,IP,Normal,1,10,Cancelada,7
202310,IP,Normal,1,11,Abierta,1
202310,IP,Normal,1,11,Atendida,43
202310,IP,Normal,1,11,Cancelada,12
202310,IP,Normal,1,11,Cola,3
202310,IP,Normal,1,11,No asistió,2
202310,IP,Normal,1,12,Atendida,22
202310,IP,Normal,1,12,Cancelada,11
202310,IP,Normal,1,12,Cola,4
202310,IP,Normal,1,12,No asistió,6
202310,IP,Normal,1,14,Abierta,1
202310,IP,Normal,1,14,Atendida,33
202310,IP,Normal,1,14,Cancelada,9
202310,IP,Normal,1,14,Cola,7
202310,IP,Normal,1,14,No asistió,3
202310,IP,Normal,1,15,Atendida,34
202310,IP,Normal,1,15,Cancelada,14
202310,IP,Normal,1,15,Cola,7
202310,IP,Normal,1,15,No asistió,2
202310,IP,Normal,1,17,Atendida,28
202310,IP,Normal,1,17,Cancelada,11
202310,IP,Normal,1,17,Cola,9
202310,IP,Normal,1,17,No asistió,2
202310,IP,Normal,2,8,Atendida,26
202310,IP,Normal,2,8,Cancelada,19
202310,IP,Normal,2,8,Cola,7
202310,IP,Normal,2,8,No asistió,3
202310,IP,Normal,2,9,Atendida,55
202310,IP,Normal,2,9,Cancelada,20
202310,IP,Normal,2,9,Cola,7
202310,IP,Normal,2,9,No asistió,3
202310,IP,Normal,2,11,Atendida,51
202310,IP,Normal,2,11,Cancelada,23
202310,IP,Normal,2,11,Cola,13
202310,IP,Normal,2,11,No asistió,2
202310,IP,Normal,2,12,Atendida,14
202310,IP,Normal,2,12,Cancelada,4
202310,IP,Normal,2,12,Cola,9
202310,IP,Normal,2,14,Abierta,2
202310,IP,Normal,2,14,Atendida,45
202310,IP,Normal,2,14,Cancelada,25
202310,IP,Normal,2,14,Cola,11
202310,IP,Normal,2,14,No asistió,5
202310,IP,Normal,2,15,Atendida,24
202310,IP,Normal,2,15,Cancelada,24
202310,IP,Normal,2,15,Cola,10
202310,IP,Normal,2,17,Abierta,1
202310,IP,Normal,2,17,Atendida,19
202310,IP,Normal,2,17,Cancelada,11
202310,IP,Normal,2,17,Cola,8
202310,IP,Normal,2,17,No asistió,4
202310,IP,Normal,3,8,Atendida,1
202310,IP,Normal,3,8,Cancelada,2
202310,IP,Normal,3,8,Cola,2
202310,IP,Normal,3,9,Atendida,16
202310,IP,Normal,3,9,Cancelada,6
202310,IP,Normal,3,9,Cola,6
202310,IP,Normal,3,9,No asistió,4
202310,IP,Normal,3,11,Atendida,38
202310,IP,Normal,3,11,Cancelada,24
202310,IP,Normal,3,11,Cola,6
202310,IP,Normal,3,11,No asistió,2
202310,IP,Normal,3,12,Atendida,42
202310,IP,Normal,3,12,Cancelada,23
202310,IP,Normal,3,12,Cola,5
202310,IP,Normal,3,12,No asistió,3
202310,IP,Normal,3,14,Atendida,42
202310,IP,Normal,3,14,Cancelada,24
202310,IP,Normal,3,14,Cola,3
202310,IP,Normal,3,14,No asistió,10
202310,IP,Normal,3,15,Atendida,39
202310,IP,Normal,3,15,Cancelada,25
202310,IP,Normal,3,15,Cola,7
202310,IP,Normal,3,15,No asistió,3
202310,IP,Normal,3,17,Atendida,18
202310,IP,Normal,3,17,Cancelada,8
202310,IP,Normal,3,17,Cola,4
202310,IP,Normal,3,17,No asistió,2
202310,IP,Normal,4,9,Atendida,33
202310,IP,Normal,4,9,Cancelada,19
202310,IP,Normal,4,9,Cola,18
202310,IP,Normal,4,9,No asistió,2
202310,IP,Normal,4,11,Abierta,1
202310,IP,Normal,4,11,Atendida,44
202310,IP,Normal,4,11,Cancelada,18
202310,IP,Normal,4,11,Cola,12
202310,IP,Normal,4,11,No asistió,1
202310,IP,Normal,4,12,Atendida,28
202310,IP,Normal,4,12,Cancelada,19
202310,IP,Normal,4,12,Cola,8
202310,IP,Normal,4,12,No asistió,3
202310,IP,Normal,4,14,Atendida,47
202310,IP,Normal,4,14,Cancelada,26
202310,IP,Normal,4,14,Cola,12
202310,IP,Normal,4,14,No asistió,1
202310,IP,Normal,4,15,Abierta,1
202310,IP,Normal,4,15,Atendida,42
202310,IP,Normal,4,15,Cancelada,27
202310,IP,Normal,4,15,Cola,11
202310,IP,Normal,4,15,No asistió,2
202310,IP,Normal,4,17,Atendida,22
202310,IP,Normal,4,17,Cancelada,16
202310,IP,Normal,4,17,Cola,10
202310,IP,Normal,4,17,No asistió,2
202310,IP,Normal,5,8,Atendida,28
202310,IP,Normal,5,8,Cancelada,27
202310,IP,Normal,5,8,Cola,9
202310,IP,Normal,5,8,No asistió,3
202310,IP,Normal,5,9,Abierta,1
202310,IP,Normal,5,9,Atendida,42
202310,IP,Normal,5,9,Cancelada,30
202310,IP,Normal,5,9,Cola,8
202310,IP,Normal,5,9,No asistió,8
202310,IP,Normal,5,11,Atendida,45
202310,IP,Normal,5,11,Cancelada,22
202310,IP,Normal,5,11,Cola,19
202310,IP,Normal,5,11,No asistió,2
202310,IP,Normal,5,12,Atendida,30
202310,IP,Normal,5,12,Cancelada,20
202310,IP,Normal,5,12,Cola,8
202310,IP,Normal,5,12,No asistió,1
202310,IP,Normal,5,14,Atendida,20
202310,IP,Normal,5,14,Cancelada,18
202310,IP,Normal,5,14,Cola,11
202310,IP,Normal,5,14,No asistió,2
202310,IP,Normal,5,15,Atendida,34
202310,IP,Normal,5,15,Cancelada,30
202310,IP,Normal,5,15,Cola,12
202310,IP,Normal,5,15,No asistió,4
202310,IP,Normal,5,17,Atendida,34
202310,IP,Normal,5,17,Cancelada,23
202310,IP,Normal,5,17,Cola,10
202310,IP,Normal,5,17,No asistió,3
202310,IP,Normal pico,1,8,Abierta,1
202310,IP,Normal pico,1,8,Atendida,14
202310,IP,Normal pico,1,8,Cancelada,8
202310,IP,Normal pico,1,8,Cola,3
202310,IP,Normal pico,1,8,No asistió,2
202310,IP,Normal pico,1,11,Abierta,1
202310,IP,Normal pico,1,11,Atendida,14
202310,IP,Normal pico,1,11,Cancelada,3
202310,IP,Normal pico,1,11,Cola,4
202310,IP,Normal pico,1,12,Atendida,13
202310,IP,Normal pico,1,12,Cancelada,6
202310,IP,Normal pico,1,12,Cola,4
202310,IP,Normal pico,1,12,No asistió,1
202310,IP,Normal pico,1,14,Atendida,18
202310,IP,Normal pico,1,14,Cancelada,6
202310,IP,Normal pico,1,14,Cola,3
202310,IP,Normal pico,1,15,Abierta,1
202310,IP,Normal pico,1,15,Atendida,11
202310,IP,Normal pico,1,15,Cancelada,8
202310,IP,Normal pico,1,15,Cola,5
202310,IP,Normal pico,1,15,No asistió,1
202310,IP,Normal pico,1,17,Abierta,1
202310,IP,Normal pico,1,17,Atendida,18
202310,IP,Normal pico,1,17,Cancelada,4
202310,IP,Normal pico,1,17,Cola,4
202310,IP,Normal pico,1,17,No asistió,2
202310,IP,Normal pico,2,8,Atendida,12
202310,IP,Normal pico,2,8,Cancelada,3
202310,IP,Normal pico,2,8,Cola,2
202310,IP,Normal pico,2,9,Atendida,12
202310,IP,Normal pico,2,9,Cancelada,8
202310,IP,Normal pico,2,9,Cola,2
202310,IP,Normal pico,2,9,No asistió,3
202310,IP,Normal pico,2,11,Abierta,1
202310,IP,Normal pico,2,11,Atendida,16
202310,IP,Normal pico,2,11,Cancelada,2
202310,IP,Normal pico,2,11,Cola,2
202310,IP,Normal pico,2,12,Atendida,13
202310,IP,Normal pico,2,12,Cancelada,4
202310,IP,Normal pico,2,12,Cola,4
202310,IP,Normal pico,2,14,Atendida,15
202310,IP,Normal pico,2,14,Cancelada,4
202310,IP,Normal pico,2,14,Cola,2
202310,IP,Normal pico,2,14,No asistió,2
202310,IP,Normal pico,2,15,Atendida,14
202310,IP,Normal pico,2,15,Cancelada,7
202310,IP,Normal pico,2,15,Cola,3
202310,IP,Normal pico,2,17,Atendida,10
202310,IP,Normal pico,2,17,Cancelada,6
202310,IP,Normal pico,2,17,Cola,2
202310,IP,Normal pico,2,17,No asistió,1
202310,IP,Normal pico,3,8,Atendida,10
202310,IP,Normal pico,3,8,Cancelada,5
202310,IP,Normal pico,3,8,No asistió,1
202310,IP,Normal pico,3,9,Atendida,8
202310,IP,Normal pico,3,9,Cancelada,9
202310,IP,Normal pico,3,9,Cola,1
202310,IP,Normal pico,3,11,Atendida,15
202310,IP,Normal pico,3,11,Cancelada,9
202310,IP,Normal pico,3,11,Cola,1
202310,IP,Normal pico,3,11,No asistió,2
202310,IP,Normal pico,3,12,Atendida,14
202310,IP,Normal pico,3,12,Cancelada,6
202310,IP,Normal pico,3,12,Cola,4
202310,IP,Normal pico,3,12,No asistió,2
202310,IP,Normal pico,3,14,Atendida,10
202310,IP,Normal pico,3,14,Cancelada,9
202310,IP,Normal pico,3,14,No asistió,1
202310,IP,Normal pico,3,15,Atendida,16
202310,IP,Normal pico,3,15,Cancelada,3
202310,IP,Normal pico,3,15,Cola,1
202310,IP,Normal pico,3,15,No asistió,2
202310,IP,Normal pico,3,17,Atendida,5
202310,IP,Normal pico,3,17,Cancelada,4
202310,IP,Normal pico,4,8,Atendida,4
202310,IP,Normal pico,4,8,Cancelada,4
202310,IP,Normal pico,4,8,No asistió,1
202310,IP,Normal pico,4,9,Abierta,1
202310,IP,Normal pico,4,9,Atendida,14
202310,IP,Normal pico,4,9,Cancelada,7
202310,IP,Normal pico,4,9,Cola,2
202310,IP,Normal pico,4,9,No asistió,1
202310,IP,Normal pico,4,11,Atendida,13
202310,IP,Normal pico,4,11,Cancelada,5
202310,IP,Normal pico,4,11,Cola,3
202310,IP,Normal pico,4,12,Abierta,1
202310,IP,Normal pico,4,12,Atendida,8
202310,IP,Normal pico,4,12,Cancelada,7
202310,IP,Normal pico,4,12,Cola,2
202310,IP,Normal pico,4,12,No asistió,2
202310,IP,Normal pico,4,14,Atendida,14
202310,IP,Normal pico,4,14,Cancelada,11
202310,IP,Normal pico,4,14,Cola,2
202310,IP,Normal pico,4,14,No asistió,2
202310,IP,Normal pico,4,15,Atendida,12
202310,IP,Normal pico,4,15,Cancelada,9
202310,IP,Normal pico,4,17,Atendida,14
202310,IP,Normal pico,4,17,Cancelada,10
202310,IP,Normal pico,4,17,Cola,1
202310,IP,Normal pico,4,17,No asistió,1
202310,IP,Normal pico,5,8,Atendida,6
202310,IP,Normal pico,5,8,Cancelada,3
202310,IP,Normal pico,5,8,Cola,2
202310,IP,Normal pico,5,8,No asistió,1
202310,IP,Normal pico,5,9,Atendida,12
202310,IP,Normal pico,5,9,Cancelada,5
202310,IP,Normal pico,5,9,Cola,5
202310,IP,Normal pico,5,9,No asistió,1
202310,IP,Normal pico,5,11,Atendida,18
202310,IP,Normal pico,5,11,Cancelada,9
202310,IP,Normal pico,5,11,Cola,6
202310,IP,Normal pico,5,11,No asistió,2
202310,IP,Normal pico,5,12,Abierta,1
202310,IP,Normal pico,5,12,Atendida,11
202310,IP,Normal pico,5,12,Cancelada,10
202310,IP,Normal pico,5,12,Cola,5
202310,IP,Normal pico,5,12,No asistió,3
202310,IP,Normal pico,5,14,Atendida,15
202310,IP,Normal pico,5,14,Cancelada,8
202310,IP,Normal pico,5,14,Cola,5
202310,IP,Normal pico,5,14,No asistió,3
202310,IP,Normal pico,5,15,Atendida,13
202310,IP,Normal pico,5,15,Cancelada,10
202310,IP,Normal pico,5,15,Cola,5
202310,IP,Normal pico,5,15,No asistió,3
202310,IP,Normal pico,5,17,Atendida,13
202310,IP,Normal pico,5,17,Cancelada,8
202310,IP,Normal pico,5,17,Cola,4
202319,EDA,Normal,2,8,Atendida,3
202319,EDA,Normal,2,8,Cancelada,2
202319,EDA,Normal,2,9,Atendida,1
202319,EDA,Normal,2,9,Cancelada,1
202319,EDA,Normal,3,8,Atendida,4
202319,EDA,Normal,3,8,Cancelada,2
202319,EDA,Normal,3,8,Cola,3
202319,EDA,Normal,3,9,Cancelada,1
202319,EDA,Normal,4,8,Atendida,1
202319,EDA,Normal,4,8,Cancelada,2
202319,EDA,Normal,4,8,Cola,1
202319,EDA,Normal,4,9,Atendida,3
202319,EDA,Normal,5,8,Abierta,1
202319,EDA,Normal,5,8,Atendida,3
202319,EDA,Normal,5,8,Cancelada,3
202319,EDA,Normal,5,8,Cola,1
202319,EDA,Normal,5,9,Abierta,1
202319,EDA,Normal,5,9,Atendida,1
202319,EDA,Normal,5,9,Cancelada,1
202319,EDA,Normal,5,9,Cola,1
202319,EDA,Normal,5,9,No asistió,1
202319,IP,Normal,2,8,Cancelada,1
202319,IP,Normal,2,8,Cola,1
202319,IP,Normal,2,9,Atendida,2
202319,IP,Normal,2,9,Cancelada,2
202319,IP,Normal,2,9,Cola,2
202319,IP,Normal,2,9,No asistió,2
202319,IP,Normal,2,12,Abierta,1
202319,IP,Normal,2,12,Atendida,4
202319,IP,Normal,2,12,Cancelada,2
202319,IP,Normal,2,12,Cola,2
202319,IP,Normal,2,13,Atendida,3
202319,IP,Normal,2,13,Cancelada,4
202319,IP,Normal,2,13,Cola,2
202319,IP,Normal,2,14,Atendida,6
202319,IP,Normal,2,14,Cola,1
202319,IP,Normal,2,15,Atendida,3
202319,IP,Normal,2,15,Cancelada,2
202319,IP,Normal,3,8,Atendida,2
202319,IP,Normal,3,8,Cancelada,1
202319,IP,Normal,3,9,Atendida,5
202319,IP,Normal,3,9,Cancelada,4
202319,IP,Normal,3,9,Cola,3
202319,IP,Normal,3,12,Atendida,3
202319,IP,Normal,3,12,Cancelada,2
202319,IP,Normal,3,12,Cola,5
202319,IP,Normal,3,12,No asistió,1
202319,IP,Normal,3,13,Atendida,5
202319,IP,Normal,3,13,Cancelada,2
202319,IP,Normal,3,13,Cola,3
202319,IP,Normal,3,14,Atendida,7
202319,IP,Normal,3,14,Cola,3
202319,IP,Normal,3,15,Atendida,3
202319,IP,Normal,3,15,Cancelada,6
202319,IP,Normal,3,15,Cola,2
202319,IP,Normal,3,15,No asistió,1
202319,IP,Normal,4,8,Atendida,1
202319,IP,Normal,4,8,Cancelada,4
202319,IP,Normal,4,8,Cola,1
202319,IP,Normal,4,9,Atendida,1
202319,IP,Normal,4,9,Cancelada,6
202319,IP,Normal,4,12,Atendida,4
202319,IP,Normal,4,12,Cancelada,3
202319,IP,Normal,4,12,Cola,1
202319,IP,Normal,4,13,Atendida,3
202319,IP,Normal,4,13,Cancelada,2
202319,IP,Normal,4,14,Atendida,5
202319,IP,Normal,4,14,Cancelada,2
202319,IP,Normal,4,14,Cola,3
202319,IP,Normal,4,15,Atendida,5
202319,IP,Normal,4,15,Cancelada,2
202319,IP,Normal,5,8,Cancelada,1
202319,IP,Normal,5,8,Cola,1
202319,IP,Normal,5,8,No asistió,1
202319,IP,Normal,5,9,Atendida,3
202319,IP,Normal,5,9,Cancelada,3
202319,IP,Normal,5,9,Cola,1
202319,IP,Normal,5,12,Atendida,4
202319,IP,Normal,5,12,Cancelada,2
202319,IP,Normal,5,12,Cola,2
202319,IP,Normal,5,12,No asistió,1
202319,IP,Normal,5,13,Atendida,2
202319,IP,Normal,5,13,Cancelada,4
202319,IP,Normal,5,13,Cola,1
202319,IP,Normal,5,13,No asistió,1
202319,IP,Normal,5,14,Atendida,4
202319,IP,Normal,5,14,Cancelada,1
202319,IP,Normal,5,14,Cola,1
202319,IP,Normal,5,14,No asistió,1
202319,IP,Normal,5,15,Atendida,2
202319,IP,Normal,5,15,Cancelada,3
202319,IP,Normal,5,15,Cola,1
202319,IP,Normal,5,15,No asistió,1
202320,EDA,Express,1,9,Atendida,6
202320,EDA,Express,1,9,Cancelada,1
202320,EDA,Express,1,9,Cola,3
202320,EDA,Express,1,10,Atendida,9
202320,EDA,Express,1,10,Cancelada,3
202320,EDA,Express,1,10,Cola,7
202320,EDA,Express,1,10,No asistió,2
202320,EDA,Express,1,12,Atendida,13
202320,EDA,Express,1,12,Cancelada,8
202320,EDA,Express,1,12,Cola,5
202320,EDA,Express,1,12,No asistió,2
202320,EDA,Express,1,13,Abierta,1
202320,EDA,Express,1,13,Atendida,9
202320,EDA,Express,1,13,Cancelada,4
202320,EDA,Express,1,13,Cola,6
202320,EDA,Express,1,13,No asistió,2
202320,EDA,Express,1,15,Atendida,5
202320,EDA,Express,1,15,Cancelada,2
202320,EDA,Express,1,15,Cola,4
202320,EDA,Express,1,15,No asistió,1
202320,EDA,Express,1,16,Abierta,1
202320,EDA,Express,1,16,Atendida,5
202320,EDA,Express,1,16,Cancelada,5
202320,EDA,Express,1,16,Cola,5
202320,EDA,Express,1,16,No asistió,4
202320,EDA,Express,2,10,Atendida,5
202320,EDA,Express,2,10,Cancelada,2
202320,EDA,Express,2,10,Cola,6
202320,EDA,Express,2,12,Atendida,9
202320,EDA,Express,2,12,Cancelada,7
202320,EDA,Express,2,12,Cola,14
202320,EDA,Express,2,12,No asistió,3
202320,EDA,Express,3,10,Atendida,12
202320,EDA,Express,3,10,Cancelada,10
202320,EDA,Express,3,10,Cola,6
202320,EDA,Express,3,10,No asistió,3
202320,EDA,Express,3,12,Abierta,2
202320,EDA,Express,3,12,Atendida,14
202320,EDA,Express,3,12,Cancelada,8
202320,EDA,Express,3,12,Cola,7
202320,EDA,Express,3,12,No asistió,2
202320,EDA,Express,3,13,Abierta,1
202320,EDA,Express,3,13,Atendida,6
202320,EDA,Express,3,13,Cancelada,9
202320,EDA,Express,3,13,Cola,6
202320,EDA,Express,3,13,No asistió,4
202320,EDA,Express,4,9,Abierta,1
202320,EDA,Express,4,9,Cancelada,1
202320,EDA,Express,4,9,No asistió,2
202320,EDA,Express,4,10,Atendida,4
202320,EDA,Express,4,10,Cancelada,8
202320,EDA,Express,4,10,Cola,4
202320,EDA,Express,4,10,No asistió,4
202320,EDA,Express,4,12,Abierta,1
202320,EDA,Express,4,12,Atendida,11
202320,EDA,Express,4,12,Cancelada,11
202320,EDA,Express,4,12,Cola,5
202320,EDA,Express,4,12,No asistió,2
202320,EDA,Express,4,13,Abierta,2
202320,EDA,Express,4,13,Atendida,2
202320,EDA,Express,4,13,Cancelada,2
202320,EDA,Express,4,13,Cola,1
202320,EDA,Express,4,13,No asistió,1
202320,EDA,Express,5,10,Atendida,10
202320,EDA,Express,5,10,Cancelada,10
202320,EDA,Express,5,10,Cola,5
202320,EDA,Express,5,10,No asistió,3
202320,EDA,Express,5,12,Atendida,6
202320,EDA,Express,5,12,Cancelada,4
202320,EDA,Express,5,12,Cola,1
202320,EDA,Express,5,12,No asistió,2
202320,EDA,Express,5,13,Atendida,12
202320,EDA,Express,5,13,Cancelada,5
202320,EDA,Express,5,13,Cola,3
202320,EDA,Express,5,13,No asistió,4
202320,EDA,Express,5,16,Atendida,8
202320,EDA,Express,5,16,Cancelada,8
202320,EDA,Express,5,16,Cola,2
202320,EDA,Express,5,16,No asistió,1
202320,EDA,Normal,1,9,Abierta,1
202320,EDA,Normal,1,9,Atendida,20
202320,EDA,Normal,1,9,Cancelada,5
202320,EDA,Normal,1,9,Cola,8
202320,EDA,Normal,1,9,No asistió,1
202320,EDA,Normal,1,11,Atendida,15
202320,EDA,Normal,1,11,Cancelada,3
202320,EDA,Normal,1,11,Cola,12
202320,EDA,Normal,1,12,Atendida,8
202320,EDA,Normal,1,12,Cancelada,2
202320,EDA,Normal,1,12,Cola,8
202320,EDA,Normal,1,14,Abierta,1
202320,EDA,Normal,1,14,Atendida,12
202320,EDA,Normal,1,14,Cancelada,8
202320,EDA,Normal,1,14,Cola,8
202320,EDA,Normal,1,14,No asistió,1
202320,EDA,Normal,1,15,Atendida,11
202320,EDA,Normal,1,15,Cancelada,6
202320,EDA,Normal,1,15,Cola,9
202320,EDA,Normal,1,17,Atendida,5
202320,EDA,Normal,1,17,Cancelada,2
202320,EDA,Normal,1,17,Cola,3
202320,EDA,Normal,2,8,Atendida,4
202320,EDA,Normal,2,8,Cancelada,1
202320,EDA,Normal,2,8,Cola,5
202320,EDA,Normal,2,9,Atendida,18
202320,EDA,Normal,2,9,Cancelada,6
202320,EDA,Normal,2,9,Cola,23
202320,EDA,Normal,2,9,No asistió,3
202320,EDA,Normal,2,11,Abierta,1
202320,EDA,Normal,2,11,Atendida,15
202320,EDA,Normal,2,11,Cancelada,12
202320,EDA,Normal,2,11,Cola,20
202320,EDA,Normal,2,11,No asistió,1
202320,EDA,Normal,2,12,Atendida,3
202320,EDA,Normal,2,12,Cancelada,7
202320,EDA,Normal,2,12,Cola,4
202320,EDA,Normal,2,14,Abierta,1
202320,EDA,Normal,2,14,Atendida,25
202320,EDA,Normal,2,14,Cancelada,8
202320,EDA,Normal,2,14,Cola,18
202320,EDA,Normal,2,14,No asistió,3
202320,EDA,Normal,2,15,Abierta,1
202320,EDA,Normal,2,15,Atendida,11
202320,EDA,Normal,2,15,Cancelada,4
202320,EDA,Normal,2,15,Cola,22
202320,EDA,Normal,2,15,No asistió,1
202320,EDA,Normal,2,17,Atendida,8
202320,EDA,Normal,2,17,Cancelada,5
202320,EDA,Normal,2,17,Cola,12
202320,EDA,Normal,3,8,Atendida,6
202320,EDA,Normal,3,8,Cancelada,7
202320,EDA,Normal,3,8,Cola,3
202320,EDA,Normal,3,8,No asistió,5
202320,EDA,Normal,3,11,Atendida,26
202320,EDA,Normal,3,11,Cancelada,14
202320,EDA,Normal,3,11,Cola,14
202320,EDA,Normal,3,11,No asistió,1
202320,EDA,Normal,3,12,Abierta,1
202320,EDA,Normal,3,12,Atendida,18
202320,EDA,Normal,3,12,Cancelada,14
202320,EDA,Normal,3,12,Cola,8
202320,EDA,Normal,3,12,No asistió,2
202320,EDA,Normal,3,14,Atendida,7
202320,EDA,Normal,3,14,Cancelada,7
202320,EDA,Normal,3,14,Cola,7
202320,EDA,Normal,3,14,No asistió,2
202320,EDA,Normal,3,15,Atendida,1
202320,EDA,Normal,3,15,Cola,1
202320,EDA,Normal,4,8,Atendida,5
202320,EDA,Normal,4,8,Cancelada,6
202320,EDA,Normal,4,8,Cola,5
202320,EDA,Normal,4,8,No asistió,3
202320,EDA,Normal,4,9,Atendida,16
202320,EDA,Normal,4,9,Cancelada,13
202320,EDA,Normal,4,9,Cola,11
202320,EDA,Normal,4,9,No asistió,1
202320,EDA,Normal,4,11,Atendida,21
202320,EDA,Normal,4,11,Cancelada,8
202320,EDA,Normal,4,11,Cola,9
202320,EDA,Normal,4,11,No asistió,5
202320,EDA,Normal,4,12,Atendida,4
202320,EDA,Normal,4,12,Cancelada,4
202320,EDA,Normal,4,12,Cola,4
202320,EDA,Normal,4,17,Abierta,1
202320,EDA,Normal,4,17,Cancelada,1
202320,EDA,Normal,4,17,Cola,1
202320,EDA,Normal,5,11,Abierta,1
202320,EDA,Normal,5,11,Atendida,19
202320,EDA,Normal,5,11,Cancelada,18
202320,EDA,Normal,5,11,Cola,11
202320,EDA,Normal,5,11,No asistió,3
202320,EDA,Normal,5,12,Atendida,12
202320,EDA,Normal,5,12,Cancelada,10
202320,EDA,Normal,5,12,Cola,6
202320,EDA,Normal,5,12,No asistió,5
202320,EDA,Normal,5,14,Abierta,1
202320,EDA,Normal,5,14,Atendida,16
202320,EDA,Normal,5,14,Cancelada,11
202320,EDA,Normal,5,14,Cola,13
202320,EDA,Normal,5,14,No asistió,2
202320,EDA,Normal,5,15,Abierta,2
202320,EDA,Normal,5,15,Atendida,7
202320,EDA,Normal,5,15,Cancelada,7
202320,EDA,Normal,5,15,Cola,5
202320,EDA,Normal,5,15,No asistió,4
202320,Entrevista,Entrevistas,3,8,Atendida,1
202320,Entrevista,Entrevistas,3,8,Cancelada,1
202320,Entrevista,Entrevistas,3,9,Atendida,3
202320,Entrevista,Entrevistas,3,10,Atendida,1
202320,Entrevista,Entrevistas,3,11,Atendida,1
202320,Entrevista,Entrevistas,3,11,Cancelada,1
202320,Entrevista,Entrevistas,3,12,Atendida,3
202320,Entrevista,Entrevistas,3,12,No asistió,1
202320,Entrevista,Entrevistas,3,13,Atendida,4
202320,Entrevista,Entrevistas,3,13,Cancelada,1
202320,Entrevista,Entrevistas,3,14,Atendida,2
202320,Entrevista,Entrevistas,3,15,Atendida,1
202320,Entrevista,Entrevistas,3,15,Cancelada,2
202320,Entrevista,Entrevistas,3,16,Atendida,1
202320,Entrevista,Entrevistas,3,17,Atendida,2
202320,Entrevista,Entrevistas,3,17,Cancelada,2
202320,Entrevista,Entrevistas,4,8,Atendida,1
202320,Entrevista,Entrevistas,4,8,No asistió,1
202320,Entrevista,Entrevistas,4,9,Atendida,2
202320,Entrevista,Entrevistas,4,10,Atendida,1
202320,Entrevista,Entrevistas,4,11,Atendida,3
202320,Entrevista,Entrevistas,4,12,Atendida,1
202320,Entrevista,Entrevistas,4,12,No asistió,1
202320,Entrevista,Entrevistas,4,13,Atendida,1
202320,Entrevista,Entrevistas,4,13,Cancelada,2
202320,Entrevista,Entrevistas,4,14,Cancelada,1
202320,Entrevista,Entrevistas,4,15,Atendida,2
202320,Entrevista,Entrevistas,4,15,Cancelada,3
202320,Entrevista,Entrevistas,4,16,No asistió,1
202320,Entrevista,Entrevistas,4,17,Cancelada,1
202320,Entrevista,Entrevistas,5,9,Atendida,4
202320,Entrevista,Entrevistas,5,10,Atendida,2
202320,Entrevista,Entrevistas,5,10,Cancelada,1
202320,Entrevista,Entrevistas,5,11,Cancelada,2
202320,Entrevista,Entrevistas,5,12,Cancelada,1
202320,Entrevista,Entrevistas,5,13,Atendida,1
202320,Entrevista,Entrevistas,5,14,Atendida,1
202320,Entrevista,Entrevistas,5,14,Cancelada,1
202320,Entrevista,Entrevistas,5,15,Cancelada,1
202320,Entrevista,Entrevistas,5,16,Cancelada,1
202320,Entrevista,Entrevistas,5,17,Atendida,2
202320,Entrevista,Entrevistas,5,17,Cancelada,1
202320,IP,Express,1,9,Atendida,20
202320,IP,Express,1,9,Cancelada,11
202320,IP,Express,1,9,Cola,3
202320,IP,Express,1,9,No asistió,3
202320,IP,Express,1,10,Atendida,24
202320,IP,Express,1,10,Cancelada,15
202320,IP,Express,1,10,Cola,4
202320,IP,Express,1,10,No asistió,2
202320,IP,Express,1,12,Atendida,31
202320,IP,Express,1,12,Cancelada,12
202320,IP,Express,1,12,Cola,6
202320,IP,Express,1,12,No asistió,3
202320,IP,Express,1,13,Atendida,18
202320,IP,Express,1,13,Cancelada,7
202320,IP,Express,1,13,Cola,4
202320,IP,Express,1,13,No asistió,3
202320,IP,Express,1,15,Atendida,24
202320,IP,Express,1,15,Cancelada,14
202320,IP,Express,1,15,Cola,4
202320,IP,Express,1,15,No asistió,5
202320,IP,Express,1,16,Atendida,18
202320,IP,Express,1,16,Cancelada,10
202320,IP,Express,1,16,Cola,4
202320,IP,Express,1,16,No asistió,2
202320,IP,Express,2,9,Atendida,34
202320,IP,Express,2,9,Cancelada,20
202320,IP,Express,2,9,Cola,12
202320,IP,Express,2,9,No asistió,6
202320,IP,Express,2,10,Abierta,1
202320,IP,Express,2,10,Atendida,36
202320,IP,Express,2,10,Cancelada,21
202320,IP,Express,2,10,Cola,8
202320,IP,Express,2,10,No asistió,9
202320,IP,Express,2,12,Atendida,12
202320,IP,Express,2,12,Cancelada,5
202320,IP,Express,2,12,Cola,4
202320,IP,Express,2,12,No asistió,1
202320,IP,Express,2,13,Atendida,18
202320,IP,Express,2,13,Cancelada,11
202320,IP,Express,2,13,Cola,12
202320,IP,Express,2,13,No asistió,3
202320,IP,Express,2,15,Atendida,32
202320,IP,Express,2,15,Cancelada,30
202320,IP,Express,2,15,Cola,15
202320,IP,Express,2,15,No asistió,10
202320,IP,Express,2,16,Atendida,26
202320,IP,Express,2,16,Cancelada,22
202320,IP,Express,2,16,Cola,15
202320,IP,Express,2,16,No asistió,7
202320,IP,Express,3,9,Abierta,1
202320,IP,Express,3,9,Atendida,39
202320,IP,Express,3,9,Cancelada,31
202320,IP,Express,3,9,Cola,11
202320,IP,Express,3,9,No asistió,8
202320,IP,Express,3,10,Atendida,33
202320,IP,Express,3,10,Cancelada,30
202320,IP,Express,3,10,Cola,14
202320,IP,Express,3,10,No asistió,6
202320,IP,Express,3,12,Atendida,33
202320,IP,Express,3,12,Cancelada,30
202320,IP,Express,3,12,Cola,14
202320,IP,Express,3,12,No asistió,7
202320,IP,Express,3,13,Abierta,1
202320,IP,Express,3,13,Atendida,27
202320,IP,Express,3,13,Cancelada,16
202320,IP,Express,3,13,Cola,18
202320,IP,Express,3,13,No asistió,3
202320,IP,Express,3,15,Abierta,1
202320,IP,Express,3,15,Atendida,21
202320,IP,Express,3,15,Cancelada,13
202320,IP,Express,3,15,Cola,10
202320,IP,Express,3,15,No asistió,7
202320,IP,Express,3,16,Atendida,17
202320,IP,Express,3,16,Cancelada,19
202320,IP,Express,3,16,Cola,9
202320,IP,Express,3,16,No asistió,6
202320,IP,Express,4,9,Atendida,22
202320,IP,Express,4,9,Cancelada,28
202320,IP,Express,4,9,Cola,9
202320,IP,Express,4,9,No asistió,2
202320,IP,Express,4,10,Abierta,1
202320,IP,Express,4,10,Atendida,34
202320,IP,Express,4,10,Cancelada,31
202320,IP,Express,4,10,Cola,9
202320,IP,Express,4,10,No asistió,1
202320,IP,Express,4,12,Atendida,20
202320,IP,Express,4,12,Cancelada,14
202320,IP,Express,4,12,Cola,10
202320,IP,Express,4,12,No asistió,4
202320,IP,Express,4,13,Atendida,23
202320,IP,Express,4,13,Cancelada,27
202320,IP,Express,4,13,Cola,5
202320,IP,Express,4,13,No asistió,4
202320,IP,Express,4,15,Atendida,34
202320,IP,Express,4,15,Cancelada,23
202320,IP,Express,4,15,Cola,6
202320,IP,Express,4,15,No asistió,4
202320,IP,Express,4,16,Atendida,28
202320,IP,Express,4,16,Cancelada,33
202320,IP,Express,4,16,Cola,5
202320,IP,Express,4,16,No asistió,7
202320,IP,Express,5,9,Atendida,26
202320,IP,Express,5,9,Cancelada,19
202320,IP,Express,5,9,Cola,6
202320,IP,Express,5,9,No asistió,7
202320,IP,Express,5,10,Atendida,37
202320,IP,Express,5,10,Cancelada,28
202320,IP,Express,5,10,Cola,9
202320,IP,Express,5,10,No asistió,8
202320,IP,Express,5,12,Atendida,20
202320,IP,Express,5,12,Cancelada,16
202320,IP,Express,5,12,Cola,6
202320,IP,Express,5,12,No asistió,4
202320,IP,Express,5,13,Atendida,12
202320,IP,Express,5,13,Cancelada,12
202320,IP,Express,5,13,Cola,4
202320,IP,Express,5,13,No asistió,1
202320,IP,Express,5,15,Atendida,29
202320,IP,Express,5,15,Cancelada,31
202320,IP,Express,5,15,Cola,8
202320,IP,Express,5,15,No asistió,4
202320,IP,Express,5,16,Abierta,1
202320,IP,Express,5,16,Atendida,18
202320,IP,Express,5,16,Cancelada,25
202320,IP,Express,5,16,Cola,7
202320,IP,Express,5,16,No asistió,5
202320,IP,Normal,1,8,Atendida,24
202320,IP,Normal,1,8,Cancelada,6
202320,IP,Normal,1,8,Cola,3
202320,IP,Normal,1,8,No asistió,1
202320,IP,Normal,1,9,Atendida,23
202320,IP,Normal,1,9,Cancelada,7
202320,IP,Normal,1,9,Cola,2
202320,IP,Normal,1,9,No asistió,1
202320,IP,Normal,1,11,Atendida,28
202320,IP,Normal,1,11,Cancelada,4
202320,IP,Normal,1,11,Cola,6
202320,IP,Normal,1,11,No asistió,1
202320,IP,Normal,1,12,Atendida,18
202320,IP,Normal,1,12,Cancelada,8
202320,IP,Normal,1,12,Cola,4
202320,IP,Normal,1,12,No asistió,4
202320,IP,Normal,1,14,Atendida,20
202320,IP,Normal,1,14,Cancelada,8
202320,IP,Normal,1,14,Cola,5
202320,IP,Normal,1,15,Atendida,22
202320,IP,Normal,1,15,Cancelada,6
202320,IP,Normal,1,15,Cola,3
202320,IP,Normal,1,15,No asistió,3
202320,IP,Normal,1,17,Abierta,1
202320,IP,Normal,1,17,Atendida,16
202320,IP,Normal,1,17,Cancelada,10
202320,IP,Normal,1,17,Cola,7
202320,IP,Normal,1,17,No asistió,3
202320,IP,Normal,2,8,Atendida,28
202320,IP,Normal,2,8,Cancelada,18
202320,IP,Normal,2,8,Cola,13
202320,IP,Normal,2,8,No asistió,1
202320,IP,Normal,2,9,Atendida,32
202320,IP,Normal,2,9,Cancelada,19
202320,IP,Normal,2,9,Cola,9
202320,IP,Normal,2,9,No asistió,3
202320,IP,Normal,2,11,Atendida,24
202320,IP,Normal,2,11,Cancelada,13
202320,IP,Normal,2,11,Cola,11
202320,IP,Normal,2,11,No asistió,3
202320,IP,Normal,2,12,Abierta,1
202320,IP,Normal,2,12,Atendida,9
202320,IP,Normal,2,12,Cancelada,7
202320,IP,Normal,2,12,Cola,10
202320,IP,Normal,2,14,Atendida,23
202320,IP,Normal,2,14,Cancelada,13
202320,IP,Normal,2,14,Cola,8
202320,IP,Normal,2,14,No asistió,1
202320,IP,Normal,2,15,Atendida,26
202320,IP,Normal,2,15,Cancelada,13
202320,IP,Normal,2,15,Cola,8
202320,IP,Normal,2,17,Abierta,1
202320,IP,Normal,2,17,Atendida,11
202320,IP,Normal,2,17,Cancelada,8
202320,IP,Normal,2,17,Cola,3
202320,IP,Normal,2,17,No asistió,1
202320,IP,Normal,3,8,Atendida,29
202320,IP,Normal,3,8,Cancelada,21
202320,IP,Normal,3,8,Cola,11
202320,IP,Normal,3,8,No asistió,8
202320,IP,Normal,3,11,Abierta,1
202320,IP,Normal,3,11,Atendida,35
202320,IP,Normal,3,11,Cancelada,20
202320,IP,Normal,3,11,Cola,16
202320,IP,Normal,3,11,No asistió,7
202320,IP,Normal,3,12,Atendida,25
202320,IP,Normal,3,12,Cancelada,14
202320,IP,Normal,3,12,Cola,12
202320,IP,Normal,3,12,No asistió,1
202320,IP,Normal,3,14,Atendida,40
202320,IP,Normal,3,14,Cancelada,19
202320,IP,Normal,3,14,Cola,10
202320,IP,Normal,3,14,No asistió,1
202320,IP,Normal,3,15,Atendida,27
202320,IP,Normal,3,15,Cancelada,13
202320,IP,Normal,3,15,Cola,9
202320,IP,Normal,3,15,No asistió,1
202320,IP,Normal,3,17,Atendida,39
202320,IP,Normal,3,17,Cancelada,21
202320,IP,Normal,3,17,Cola,8
202320,IP,Normal,3,17,No asistió,3
202320,IP,Normal,4,8,Atendida,29
202320,IP,Normal,4,8,Cancelada,13
202320,IP,Normal,4,8,Cola,7
202320,IP,Normal,4,8,No asistió,3
202320,IP,Normal,4,9,Atendida,12
202320,IP,Normal,4,9,Cancelada,8
202320,IP,Normal,4,9,Cola,5
202320,IP,Normal,4,11,Atendida,24
202320,IP,Normal,4,11,Cancelada,12
202320,IP,Normal,4,11,Cola,12
202320,IP,Normal,4,12,Atendida,20
202320,IP,Normal,4,12,Cancelada,13
202320,IP,Normal,4,12,Cola,8
202320,IP,Normal,4,12,No asistió,1
202320,IP,Normal,4,14,Atendida,39
202320,IP,Normal,4,14,Cancelada,22
202320,IP,Normal,4,14,Cola,11
202320,IP,Normal,4,14,No asistió,2
202320,IP,Normal,4,15,Abierta,1
202320,IP,Normal,4,15,Atendida,27
202320,IP,Normal,4,15,Cancelada,9
202320,IP,Normal,4,15,Cola,11
202320,IP,Normal,4,15,No asistió,4
202320,IP,Normal,4,17,Atendida,32
202320,IP,Normal,4,17,Cancelada,16
202320,IP,Normal,4,17,Cola,4
202320,IP,Normal,4,17,No asistió,4
202320,IP,Normal,5,8,Atendida,25
202320,IP,Normal,5,8,Cancelada,16
202320,IP,Normal,5,8,Cola,9
202320,IP,Normal,5,11,Atendida,26
202320,IP,Normal,5,11,Cancelada,29
202320,IP,Normal,5,11,Cola,13
202320,IP,Normal,5,11,No asistió,3
202320,IP,Normal,5,12,Atendida,28
202320,IP,Normal,5,12,Cancelada,25
202320,IP,Normal,5,12,Cola,9
202320,IP,Normal,5,14,Atendida,30
202320,IP,Normal,5,14,Cancelada,19
202320,IP,Normal,5,14,Cola,6
202320,IP,Normal,5,14,No asistió,4
202320,IP,Normal,5,15,Atendida,27
202320,IP,Normal,5,15,Cancelada,25
202320,IP,Normal,5,15,Cola,8
202320,IP,Normal,5,17,Atendida,29
202320,IP,Normal,5,17,Cancelada,13
202320,IP,Normal,5,17,Cola,3
202320,IP,Normal,5,17,No asistió,7
202320,IP,Normal pico,1,8,Abierta,1
202320,IP,Normal pico,1,8,Atendida,10
202320,IP,Normal pico,1,8,Cancelada,3
202320,IP,Normal pico,1,8,Cola,2
202320,IP,Normal pico,1,9,Atendida,11
202320,IP,Normal pico,1,9,Cola,2
202320,IP,Normal pico,1,9,No asistió,1
202320,IP,Normal pico,1,11,Atendida,12
202320,IP,Normal pico,1,11,Cancelada,4
202320,IP,Normal pico,1,11,Cola,3
202320,IP,Normal pico,1,12,Atendida,12
202320,IP,Normal pico,1,12,Cancelada,4
202320,IP,Normal pico,1,12,Cola,4
202320,IP,Normal pico,1,12,No asistió,1
202320,IP,Normal pico,1,14,Atendida,10
202320,IP,Normal pico,1,14,Cancelada,1
202320,IP,Normal pico,1,14,Cola,2
202320,IP,Normal pico,1,14,No asistió,1
202320,IP,Normal pico,1,15,Atendida,10
202320,IP,Normal pico,1,15,Cancelada,10
202320,IP,Normal pico,1,15,Cola,2
202320,IP,Normal pico,1,15,No asistió,1
202320,IP,Normal pico,1,17,Atendida,8
202320,IP,Normal pico,1,17,Cancelada,4
202320,IP,Normal pico,1,17,Cola,1
202320,IP,Normal pico,1,17,No asistió,1
202320,IP,Normal pico,2,8,Atendida,16
202320,IP,Normal pico,2,8,Cancelada,7
202320,IP,Normal pico,2,8,Cola,5
202320,IP,Normal pico,2,9,Atendida,20
202320,IP,Normal pico,2,9,Cancelada,5
202320,IP,Normal pico,2,9,Cola,5
202320,IP,Normal pico,2,9,No asistió,1
202320,IP,Normal pico,2,11,Atendida,18
202320,IP,Normal pico,2,11,Cancelada,6
202320,IP,Normal pico,2,11,Cola,5
202320,IP,Normal pico,2,12,Abierta,1
202320,IP,Normal pico,2,12,Atendida,12
202320,IP,Normal pico,2,12,Cancelada,3
202320,IP,Normal pico,2,12,Cola,3
202320,IP,Normal pico,2,14,Atendida,11
202320,IP,Normal pico,2,14,Cancelada,9
202320,IP,Normal pico,2,14,Cola,4
202320,IP,Normal pico,2,14,No asistió,2
202320,IP,Normal pico,2,15,Atendida,13
202320,IP,Normal pico,2,15,Cancelada,8
202320,IP,Normal pico,2,15,Cola,5
202320,IP,Normal pico,2,15,No asistió,2
202320,IP,Normal pico,2,17,Atendida,18
202320,IP,Normal pico,2,17,Cancelada,8
202320,IP,Normal pico,2,17,Cola,6
202320,IP,Normal pico,2,17,No asistió,1
202320,IP,Normal pico,3,8,Abierta,1
202320,IP,Normal pico,3,8,Atendida,12
202320,IP,Normal pico,3,8,Cancelada,6
202320,IP,Normal pico,3,8,Cola,6
202320,IP,Normal pico,3,11,Abierta,1
202320,IP,Normal pico,3,11,Atendida,16
202320,IP,Normal pico,3,11,Cancelada,6
202320,IP,Normal pico,3,11,Cola,6
202320,IP,Normal pico,3,11,No asistió,2
202320,IP,Normal pico,3,12,Atendida,15
202320,IP,Normal pico,3,12,Cancelada,7
202320,IP,Normal pico,3,12,Cola,7
202320,IP,Normal pico,3,14,Abierta,1
202320,IP,Normal pico,3,14,Atendida,12
202320,IP,Normal pico,3,14,Cancelada,5
202320,IP,Normal pico,3,14,Cola,4
202320,IP,Normal pico,3,15,Atendida,11
202320,IP,Normal pico,3,15,Cancelada,6
202320,IP,Normal pico,3,15,Cola,2
202320,IP,Normal pico,3,17,Atendida,15
202320,IP,Normal pico,3,17,Cancelada,6
202320,IP,Normal pico,3,17,Cola,5
202320,IP,Normal pico,4,8,Atendida,10
202320,IP,Normal pico,4,8,Cancelada,9
202320,IP,Normal pico,4,8,Cola,2
202320,IP,Normal pico,4,8,No asistió,2
202320,IP,Normal pico,4,9,Atendida,14
202320,IP,Normal pico,4,9,Cancelada,5
202320,IP,Normal pico,4,9,Cola,4
202320,IP,Normal pico,4,9,No asistió,1
202320,IP,Normal pico,4,11,Atendida,13
202320,IP,Normal pico,4,11,Cancelada,6
202320,IP,Normal pico,4,11,Cola,5
202320,IP,Normal pico,4,11,No asistió,3
202320,IP,Normal pico,4,12,Atendida,10
202320,IP,Normal pico,4,12,Cancelada,3
202320,IP,Normal pico,4,12,Cola,2
202320,IP,Normal pico,4,14,Atendida,13
202320,IP,Normal pico,4,14,Cancelada,5
202320,IP,Normal pico,4,14,Cola,3
202320,IP,Normal pico,4,15,Abierta,1
202320,IP,Normal pico,4,15,Atendida,16
202320,IP,Normal pico,4,15,Cancelada,7
202320,IP,Normal pico,4,15,Cola,3
202320,IP,Normal pico,4,17,Atendida,10
202320,IP,Normal pico,4,17,Cancelada,4
202320,IP,Normal pico,5,8,Atendida,10
202320,IP,Normal pico,5,8,Cancelada,2
202320,IP,Normal pico,5,8,Cola,4
202320,IP,Normal pico,5,8,No asistió,1
202320,IP,Normal pico,5,11,Atendida,14
202320,IP,Normal pico,5,11,Cancelada,5
202320,IP,Normal pico,5,11,Cola,6
202320,IP,Normal pico,5,11,No asistió,2
202320,IP,Normal pico,5,12,Atendida,8
202320,IP,Normal pico,5,12,Cancelada,4
202320,IP,Normal pico,5,12,Cola,2
202320,IP,Normal pico,5,14,Atendida,9
202320,IP,Normal pico,5,14,Cancelada,7
202320,IP,Normal pico,5,14,Cola,3
202320,IP,Normal pico,5,14,No asistió,1
202320,IP,Normal pico,5,15,Atendida,11
202320,IP,Normal pico,5,15,Cancelada,3
202320,IP,Normal pico,5,15,Cola,2
202320,IP,Normal pico,5,17,Atendida,10
202320,IP,Normal pico,5,17,Cancelada,11
202320,IP,Normal pico,5,17,Cola,2
202320,IP,Normal pico,5,17,No asistió,4
202410,EDA,Express,1,10,Atendida,6
202410,EDA,Express,1,10,Cancelada,4
202410,EDA,Express,1,10,Cola,6
202410,EDA,Express,1,13,Atendida,4
202410,EDA,Express,1,13,Cancelada,1
202410,EDA,Express,1,13,Cola,6
202410,EDA,Express,1,13,No asistió,1
202410,EDA,Express,3,10,Atendida,3
202410,EDA,Express,3,10,Cancelada,4
202410,EDA,Express,3,10,No asistió,1
202410,EDA,Express,3,12,Atendida,4
202410,EDA,Express,3,12,Cancelada,4
202410,EDA,Express,3,12,No asistió,1
202410,EDA,Express,3,13,Atendida,3
202410,EDA,Express,3,13,Cancelada,2
202410,EDA,Express,3,13,Cola,2
202410,EDA,Express,3,13,No asistió,2
202410,EDA,Express,3,15,Atendida,4
202410,EDA,Express,3,15,No asistió,1
202410,EDA,Express,5,10,Atendida,8
202410,EDA,Express,5,10,Cancelada,7
202410,EDA,Express,5,10,Cola,4
202410,EDA,Express,5,10,No asistió,2
202410,EDA,Express,5,12,Abierta,1
202410,EDA,Express,5,12,Atendida,6
202410,EDA,Express,5,12,Cancelada,7
202410,EDA,Express,5,12,Cola,4
202410,EDA,Express,5,12,No asistió,2
202410,EDA,Normal,1,9,Atendida,5
202410,EDA,Normal,1,9,Cancelada,4
202410,EDA,Normal,1,9,Cola,7
202410,EDA,Normal,1,11,Atendida,6
202410,EDA,Normal,1,11,Cola,9
202410,EDA,Normal,1,12,Atendida,6
202410,EDA,Normal,1,12,Cancelada,1
202410,EDA,Normal,1,12,Cola,8
202410,EDA,Normal,1,14,Atendida,6
202410,EDA,Normal,1,14,Cancelada,2
202410,EDA,Normal,1,14,Cola,12
202410,EDA,Normal,1,15,Atendida,21
202410,EDA,Normal,1,15,Cancelada,11
202410,EDA,Normal,1,15,Cola,12
202410,EDA,Normal,1,15,No asistió,1
202410,EDA,Normal,1,17,Atendida,12
202410,EDA,Normal,1,17,Cancelada,5
202410,EDA,Normal,1,17,Cola,13
202410,EDA,Normal,2,11,Abierta,1
202410,EDA,Normal,2,11,Atendida,12
202410,EDA,Normal,2,11,Cancelada,6
202410,EDA,Normal,2,11,Cola,22
202410,EDA,Normal,2,12,Atendida,12
202410,EDA,Normal,2,12,Cancelada,3
202410,EDA,Normal,2,12,Cola,17
202410,EDA,Normal,2,12,No asistió,2
202410,EDA,Normal,2,15,Atendida,6
202410,EDA,Normal,2,15,Cancelada,1
202410,EDA,Normal,2,15,Cola,9
202410,EDA,Normal,2,17,Abierta,2
202410,EDA,Normal,2,17,Atendida,9
202410,EDA,Normal,2,17,Cancelada,2
202410,EDA,Normal,2,17,Cola,18
202410,EDA,Normal,2,17,No asistió,2
202410,EDA,Normal,3,8,Atendida,9
202410,EDA,Normal,3,8,Cancelada,4
202410,EDA,Normal,3,8,Cola,9
202410,EDA,Normal,3,8,No asistió,2
202410,EDA,Normal,3,9,Abierta,2
202410,EDA,Normal,3,9,Atendida,7
202410,EDA,Normal,3,9,Cancelada,2
202410,EDA,Normal,3,9,Cola,1
202410,EDA,Normal,3,9,No asistió,1
202410,EDA,Normal,3,11,Atendida,5
202410,EDA,Normal,3,11,Cancelada,3
202410,EDA,Normal,3,11,Cola,3
202410,EDA,Normal,3,11,No asistió,1
202410,EDA,Normal,3,12,Atendida,13
202410,EDA,Normal,3,12,Cancelada,8
202410,EDA,Normal,3,12,Cola,16
202410,EDA,Normal,3,12,No asistió,2
202410,EDA,Normal,3,14,Atendida,11
202410,EDA,Normal,3,14,Cancelada,4
202410,EDA,Normal,3,14,Cola,8
202410,EDA,Normal,3,14,No asistió,4
202410,EDA,Normal,3,15,Atendida,8
202410,EDA,Normal,3,15,Cancelada,12
202410,EDA,Normal,3,15,Cola,8
202410,EDA,Normal,3,15,No asistió,2
202410,EDA,Normal,3,17,Abierta,2
202410,EDA,Normal,3,17,Atendida,6
202410,EDA,Normal,3,17,Cancelada,8
202410,EDA,Normal,3,17,Cola,9
202410,EDA,Normal,3,17,No asistió,3
202410,EDA,Normal,4,11,Atendida,10
202410,EDA,Normal,4,11,Cancelada,5
202410,EDA,Normal,4,11,Cola,12
202410,EDA,Normal,4,11,No asistió,2
202410,EDA,Normal,4,15,Atendida,3
202410,EDA,Normal,4,15,Cancelada,3
202410,EDA,Normal,4,15,Cola,8
202410,EDA,Normal,4,15,No asistió,1
202410,EDA,Normal,4,17,Abierta,1
202410,EDA,Normal,4,17,Atendida,8
202410,EDA,Normal,4,17,Cancelada,8
202410,EDA,Normal,4,17,Cola,12
202410,EDA,Normal,5,9,Atendida,9
202410,EDA,Normal,5,9,Cancelada,1
202410,EDA,Normal,5,9,Cola,16
202410,EDA,Normal,5,9,No asistió,4
202410,EDA,Normal,5,11,Atendida,8
202410,EDA,Normal,5,11,Cancelada,9
202410,EDA,Normal,5,11,Cola,15
202410,EDA,Normal,5,11,No asistió,3
202410,EDA,Normal,5,12,Atendida,7
202410,EDA,Normal,5,12,Cancelada,7
202410,EDA,Normal,5,12,Cola,14
202410,EDA,Normal,5,12,No asistió,3
202410,EDA,Normal,5,14,Atendida,12
202410,EDA,Normal,5,14,Cancelada,3
202410,EDA,Normal,5,14,Cola,10
202410,Entrevista,Entrevistas,1,10,Atendida,1
202410,Entrevista,Entrevistas,1,11,Atendida,1
202410,Entrevista,Entrevistas,1,13,No asistió,1
202410,Entrevista,Entrevistas,1,17,Atendida,2
202410,Entrevista,Entrevistas,4,9,Atendida,1
202410,Entrevista,Entrevistas,4,12,Atendida,3
202410,Entrevista,Entrevistas,4,13,Abierta,1
202410,Entrevista,Entrevistas,4,13,Atendida,4
202410,Entrevista,Entrevistas,4,13,Cancelada,1
202410,Entrevista,Entrevistas,4,14,Atendida,2
202410,Entrevista,Entrevistas,4,14,Cancelada,3
202410,Entrevista,Entrevistas,4,15,Abierta,4
202410,Entrevista,Entrevistas,4,15,Atendida,8
202410,Entrevista,Entrevistas,4,16,Abierta,1
202410,Entrevista,Entrevistas,4,16,Atendida,4
202410,Entrevista,Entrevistas,4,16,Cancelada,2
202410,Entrevista,Entrevistas,4,17,Abierta,1
202410,Entrevista,Entrevistas,4,17,Atendida,4
202410,Entrevista,Entrevistas,4,17,Cancelada,2
202410,Entrevista,Entrevistas,5,8,Cancelada,1
202410,Entrevista,Entrevistas,5,9,Atendida,2
202410,Entrevista,Entrevistas,5,11,Atendida,1
202410,Entrevista,Entrevistas,5,11,Cancelada,1
202410,Entrevista,Entrevistas,5,12,Atendida,3
202410,Entrevista,Entrevistas,5,13,Atendida,3
202410,Entrevista,Entrevistas,5,13,Cancelada,1
202410,Entrevista,Entrevistas,5,14,Atendida,1
202410,Entrevista,Entrevistas,5,14,Cancelada,1
202410,Entrevista,Entrevistas,5,17,Atendida,2
202410,IP,Express,1,9,Abierta,1
202410,IP,Express,1,9,Atendida,18
202410,IP,Express,1,9,Cancelada,15
202410,IP,Express,1,9,Cola,5
202410,IP,Express,1,9,No asistió,2
202410,IP,Express,1,10,Abierta,2
202410,IP,Express,1,10,Atendida,16
202410,IP,Express,1,10,Cancelada,15
202410,IP,Express,1,10,Cola,4
202410,IP,Express,1,12,Abierta,2
202410,IP,Express,1,12,Atendida,33
202410,IP,Express,1,12,Cancelada,13
202410,IP,Express,1,12,Cola,5
202410,IP,Express,1,12,No asistió,6
202410,IP,Express,1,13,Atendida,30
202410,IP,Express,1,13,Cancelada,10
202410,IP,Express,1,13,Cola,4
202410,IP,Express,1,13,No asistió,7
202410,IP,Express,1,15,Abierta,1
202410,IP,Express,1,15,Atendida,29
202410,IP,Express,1,15,Cancelada,20
202410,IP,Express,1,15,Cola,8
202410,IP,Express,1,15,No asistió,5
202410,IP,Express,1,16,Atendida,28
202410,IP,Express,1,16,Cancelada,20
202410,IP,Express,1,16,Cola,6
202410,IP,Express,1,16,No asistió,4
202410,IP,Express,2,9,Atendida,35
202410,IP,Express,2,9,Cancelada,27
202410,IP,Express,2,9,Cola,9
202410,IP,Express,2,9,No asistió,7
202410,IP,Express,2,10,Atendida,41
202410,IP,Express,2,10,Cancelada,32
202410,IP,Express,2,10,Cola,7
202410,IP,Express,2,10,No asistió,4
202410,IP,Express,2,12,Atendida,29
202410,IP,Express,2,12,Cancelada,19
202410,IP,Express,2,12,Cola,6
202410,IP,Express,2,12,No asistió,6
202410,IP,Express,2,13,Abierta,1
202410,IP,Express,2,13,Atendida,15
202410,IP,Express,2,13,Cancelada,14
202410,IP,Express,2,13,Cola,10
202410,IP,Express,2,13,No asistió,4
202410,IP,Express,2,15,Abierta,1
202410,IP,Express,2,15,Atendida,29
202410,IP,Express,2,15,Cancelada,24
202410,IP,Express,2,15,Cola,14
202410,IP,Express,2,15,No asistió,12
202410,IP,Express,2,16,Abierta,1
202410,IP,Express,2,16,Atendida,29
202410,IP,Express,2,16,Cancelada,15
202410,IP,Express,2,16,Cola,19
202410,IP,Express,2,16,No asistió,8
202410,IP,Express,3,9,Abierta,1
202410,IP,Express,3,9,Atendida,15
202410,IP,Express,3,9,Cancelada,8
202410,IP,Express,3,9,Cola,14
202410,IP,Express,3,9,No asistió,4
202410,IP,Express,3,10,Abierta,1
202410,IP,Express,3,10,Atendida,23
202410,IP,Express,3,10,Cancelada,27
202410,IP,Express,3,10,Cola,10
202410,IP,Express,3,10,No asistió,4
202410,IP,Express,3,12,Abierta,1
202410,IP,Express,3,12,Atendida,29
202410,IP,Express,3,12,Cancelada,20
202410,IP,Express,3,12,Cola,17
202410,IP,Express,3,12,No asistió,8
202410,IP,Express,3,13,Abierta,1
202410,IP,Express,3,13,Atendida,14
202410,IP,Express,3,13,Cancelada,17
202410,IP,Express,3,13,Cola,10
202410,IP,Express,3,13,No asistió,4
202410,IP,Express,3,15,Abierta,1
202410,IP,Express,3,15,Atendida,13
202410,IP,Express,3,15,Cancelada,12
202410,IP,Express,3,15,Cola,11
202410,IP,Express,3,15,No asistió,4
202410,IP,Express,3,16,Abierta,1
202410,IP,Express,3,16,Atendida,11
202410,IP,Express,3,16,Cancelada,15
202410,IP,Express,3,16,Cola,9
202410,IP,Express,3,16,No asistió,2
202410,IP,Express,4,9,Atendida,26
202410,IP,Express,4,9,Cancelada,7
202410,IP,Express,4,9,Cola,5
202410,IP,Express,4,9,No asistió,5
202410,IP,Express,4,10,Atendida,20
202410,IP,Express,4,10,Cancelada,15
202410,IP,Express,4,10,Cola,5
202410,IP,Express,4,10,No asistió,4
202410,IP,Express,4,12,Atendida,28
202410,IP,Express,4,12,Cancelada,20
202410,IP,Express,4,12,Cola,3
202410,IP,Express,4,12,No asistió,6
202410,IP,Express,4,13,Atendida,6
202410,IP,Express,4,13,Cancelada,6
202410,IP,Express,4,13,No asistió,1
202410,IP,Express,4,15,Abierta,1
202410,IP,Express,4,15,Atendida,28
202410,IP,Express,4,15,Cancelada,16
202410,IP,Express,4,15,Cola,5
202410,IP,Express,4,15,No asistió,5
202410,IP,Express,4,16,Atendida,22
202410,IP,Express,4,16,Cancelada,13
202410,IP,Express,4,16,Cola,3
202410,IP,Express,4,16,No asistió,2
202410,IP,Express,5,9,Atendida,8
202410,IP,Express,5,9,Cancelada,6
202410,IP,Express,5,9,Cola,5
202410,IP,Express,5,9,No asistió,1
202410,IP,Express,5,10,Atendida,44
202410,IP,Express,5,10,Cancelada,32
202410,IP,Express,5,10,Cola,8
202410,IP,Express,5,10,No asistió,4
202410,IP,Express,5,12,Abierta,1
202410,IP,Express,5,12,Atendida,43
202410,IP,Express,5,12,Cancelada,27
202410,IP,Express,5,12,Cola,7
202410,IP,Express,5,12,No asistió,7
202410,IP,Express,5,13,Abierta,1
202410,IP,Express,5,13,Atendida,7
202410,IP,Express,5,13,Cancelada,8
202410,IP,Express,5,13,Cola,3
202410,IP,Express,5,13,No asistió,1
202410,IP,Express,5,15,Atendida,9
202410,IP,Express,5,15,Cancelada,9
202410,IP,Express,5,15,Cola,4
202410,IP,Express,5,15,No asistió,2
202410,IP,Express,5,16,Atendida,12
202410,IP,Express,5,16,Cancelada,15
202410,IP,Express,5,16,Cola,3
202410,IP,Express,5,16,No asistió,6
202410,IP,Normal,1,8,Abierta,1
202410,IP,Normal,1,8,Atendida,19
202410,IP,Normal,1,8,Cancelada,4
202410,IP,Normal,1,8,Cola,4
202410,IP,Normal,1,9,Atendida,12
202410,IP,Normal,1,9,Cancelada,4
202410,IP,Normal,1,11,Abierta,1
202410,IP,Normal,1,11,Atendida,32
202410,IP,Normal,1,11,Cancelada,15
202410,IP,Normal,1,11,Cola,5
202410,IP,Normal,1,11,No asistió,2
202410,IP,Normal,1,12,Atendida,30
202410,IP,Normal,1,12,Cancelada,9
202410,IP,Normal,1,12,Cola,4
202410,IP,Normal,1,12,No asistió,6
202410,IP,Normal,1,14,Atendida,29
202410,IP,Normal,1,14,Cancelada,16
202410,IP,Normal,1,14,Cola,7
202410,IP,Normal,1,14,No asistió,3
202410,IP,Normal,1,15,Abierta,1
202410,IP,Normal,1,15,Atendida,34
202410,IP,Normal,1,15,Cancelada,14
202410,IP,Normal,1,15,Cola,6
202410,IP,Normal,1,15,No asistió,1
202410,IP,Normal,1,17,Atendida,10
202410,IP,Normal,1,17,Cancelada,4
202410,IP,Normal,1,17,Cola,8
202410,IP,Normal,1,17,No asistió,1
202410,IP,Normal,2,8,Atendida,38
202410,IP,Normal,2,8,Cancelada,28
202410,IP,Normal,2,8,Cola,5
202410,IP,Normal,2,8,No asistió,2
202410,IP,Normal,2,11,Abierta,1
202410,IP,Normal,2,11,Atendida,48
202410,IP,Normal,2,11,Cancelada,20
202410,IP,Normal,2,11,Cola,14
202410,IP,Normal,2,11,No asistió,6
202410,IP,Normal,2,12,Atendida,30
202410,IP,Normal,2,12,Cancelada,17
202410,IP,Normal,2,12,Cola,11
202410,IP,Normal,2,12,No asistió,6
202410,IP,Normal,2,14,Abierta,1
202410,IP,Normal,2,14,Atendida,37
202410,IP,Normal,2,14,Cancelada,21
202410,IP,Normal,2,14,Cola,9
202410,IP,Normal,2,14,No asistió,3
202410,IP,Normal,2,15,Abierta,2
202410,IP,Normal,2,15,Atendida,27
202410,IP,Normal,2,15,Cancelada,13
202410,IP,Normal,2,15,Cola,11
202410,IP,Normal,2,15,No asistió,2
202410,IP,Normal,2,17,Abierta,1
202410,IP,Normal,2,17,Atendida,9
202410,IP,Normal,2,17,Cancelada,12
202410,IP,Normal,2,17,Cola,10
202410,IP,Normal,2,17,No asistió,3
202410,IP,Normal,3,8,Atendida,18
202410,IP,Normal,3,8,Cancelada,12
202410,IP,Normal,3,8,Cola,11
202410,IP,Normal,3,8,No asistió,2
202410,IP,Normal,3,9,Abierta,1
202410,IP,Normal,3,9,Atendida,41
202410,IP,Normal,3,9,Cancelada,26
202410,IP,Normal,3,9,Cola,12
202410,IP,Normal,3,9,No asistió,4
202410,IP,Normal,3,11,Atendida,49
202410,IP,Normal,3,11,Cancelada,25
202410,IP,Normal,3,11,Cola,8
202410,IP,Normal,3,11,No asistió,2
202410,IP,Normal,3,12,Abierta,1
202410,IP,Normal,3,12,Atendida,29
202410,IP,Normal,3,12,Cancelada,17
202410,IP,Normal,3,12,Cola,11
202410,IP,Normal,3,12,No asistió,1
202410,IP,Normal,3,14,Abierta,1
202410,IP,Normal,3,14,Atendida,37
202410,IP,Normal,3,14,Cancelada,24
202410,IP,Normal,3,14,Cola,10
202410,IP,Normal,3,14,No asistió,3
202410,IP,Normal,3,15,Atendida,17
202410,IP,Normal,3,15,Cancelada,18
202410,IP,Normal,3,15,Cola,9
202410,IP,Normal,3,17,Abierta,1
202410,IP,Normal,3,17,Atendida,10
202410,IP,Normal,3,17,Cancelada,6
202410,IP,Normal,3,17,Cola,9
202410,IP,Normal,3,17,No asistió,1
202410,IP,Normal,4,8,Abierta,1
202410,IP,Normal,4,8,Atendida,11
202410,IP,Normal,4,8,Cancelada,10
202410,IP,Normal,4,8,Cola,6
202410,IP,Normal,4,8,No asistió,2
202410,IP,Normal,4,9,Atendida,19
202410,IP,Normal,4,9,Cancelada,14
202410,IP,Normal,4,9,Cola,6
202410,IP,Normal,4,9,No asistió,2
202410,IP,Normal,4,11,Atendida,43
202410,IP,Normal,4,11,Cancelada,35
202410,IP,Normal,4,11,Cola,4
202410,IP,Normal,4,11,No asistió,4
202410,IP,Normal,4,12,Atendida,10
202410,IP,Normal,4,12,Cancelada,8
202410,IP,Normal,4,12,Cola,6
202410,IP,Normal,4,12,No asistió,3
202410,IP,Normal,4,14,Abierta,1
202410,IP,Normal,4,14,Atendida,40
202410,IP,Normal,4,14,Cancelada,20
202410,IP,Normal,4,14,Cola,5
202410,IP,Normal,4,14,No asistió,3
202410,IP,Normal,4,15,Atendida,7
202410,IP,Normal,4,15,Cancelada,5
202410,IP,Normal,4,15,Cola,3
202410,IP,Normal,4,15,No asistió,1
202410,IP,Normal,4,17,Atendida,34
202410,IP,Normal,4,17,Cancelada,14
202410,IP,Normal,4,17,Cola,5
202410,IP,Normal,4,17,No asistió,4
202410,IP,Normal,5,8,Atendida,13
202410,IP,Normal,5,8,Cancelada,11
202410,IP,Normal,5,8,Cola,5
202410,IP,Normal,5,8,No asistió,1
202410,IP,Normal,5,9,Atendida,37
202410,IP,Normal,5,9,Cancelada,25
202410,IP,Normal,5,9,Cola,6
202410,IP,Normal,5,11,Atendida,45
202410,IP,Normal,5,11,Cancelada,45
202410,IP,Normal,5,11,Cola,11
202410,IP,Normal,5,11,No asistió,4
202410,IP,Normal,5,12,Atendida,29
202410,IP,Normal,5,12,Cancelada,27
202410,IP,Normal,5,12,Cola,4
202410,IP,Normal,5,12,No asistió,4
202410,IP,Normal,5,14,Atendida,6
202410,IP,Normal,5,14,Cancelada,5
202410,IP,Normal,5,14,Cola,3
202410,IP,Normal,5,14,No asistió,1
202410,IP,Normal,5,15,Atendida,12
202410,IP,Normal,5,15,Cancelada,15
202410,IP,Normal,5,15,Cola,9
202410,IP,Normal,5,15,No asistió,3
202410,IP,Normal,5,17,Atendida,8
202410,IP,Normal,5,17,Cancelada,11
202410,IP,Normal,5,17,Cola,9
202410,IP,Normal,5,17,No asistió,1
202410,IP,Normal pico,1,8,Atendida,12
202410,IP,Normal pico,1,8,Cancelada,1
202410,IP,Normal pico,1,8,Cola,5
202410,IP,Normal pico,1,8,No asistió,1
202410,IP,Normal pico,1,9,Abierta,1
202410,IP,Normal pico,1,9,Atendida,17
202410,IP,Normal pico,1,9,Cancelada,3
202410,IP,Normal pico,1,9,Cola,5
202410,IP,Normal pico,1,11,Atendida,22
202410,IP,Normal pico,1,11,Cancelada,7
202410,IP,Normal pico,1,11,Cola,10
202410,IP,Normal pico,1,12,Abierta,1
202410,IP,Normal pico,1,12,Atendida,23
202410,IP,Normal pico,1,12,Cancelada,1
202410,IP,Normal pico,1,12,Cola,5
202410,IP,Normal pico,1,14,Abierta,1
202410,IP,Normal pico,1,14,Atendida,19
202410,IP,Normal pico,1,14,Cancelada,6
202410,IP,Normal pico,1,14,Cola,9
202410,IP,Normal pico,1,14,No asistió,1
202410,IP,Normal pico,1,15,Abierta,1
202410,IP,Normal pico,1,15,Atendida,19
202410,IP,Normal pico,1,15,Cancelada,7
202410,IP,Normal pico,1,15,Cola,8
202410,IP,Normal pico,1,17,Atendida,16
202410,IP,Normal pico,1,17,Cancelada,7
202410,IP,Normal pico,1,17,Cola,4
202410,IP,Normal pico,2,8,Atendida,22
202410,IP,Normal pico,2,8,Cancelada,5
202410,IP,Normal pico,2,8,Cola,5
202410,IP,Normal pico,2,11,Abierta,1
202410,IP,Normal pico,2,11,Atendida,14
202410,IP,Normal pico,2,11,Cancelada,6
202410,IP,Normal pico,2,11,Cola,8
202410,IP,Normal pico,2,11,No asistió,5
202410,IP,Normal pico,2,12,Atendida,14
202410,IP,Normal pico,2,12,Cancelada,5
202410,IP,Normal pico,2,12,Cola,5
202410,IP,Normal pico,2,12,No asistió,1
202410,IP,Normal pico,2,14,Abierta,2
202410,IP,Normal pico,2,14,Atendida,13
202410,IP,Normal pico,2,14,Cancelada,5
202410,IP,Normal pico,2,14,Cola,6
202410,IP,Normal pico,2,14,No asistió,1
202410,IP,Normal pico,2,15,Abierta,1
202410,IP,Normal pico,2,15,Atendida,18
202410,IP,Normal pico,2,15,Cancelada,7
202410,IP,Normal pico,2,15,Cola,6
202410,IP,Normal pico,2,15,No asistió,1
202410,IP,Normal pico,2,17,Abierta,1
202410,IP,Normal pico,2,17,Atendida,15
202410,IP,Normal pico,2,17,Cancelada,7
202410,IP,Normal pico,2,17,Cola,6
202410,IP,Normal pico,3,8,Abierta,1
202410,IP,Normal pico,3,8,Atendida,16
202410,IP,Normal pico,3,8,Cancelada,4
202410,IP,Normal pico,3,8,Cola,4
202410,IP,Normal pico,3,9,Atendida,17
202410,IP,Normal pico,3,9,Cancelada,6
202410,IP,Normal pico,3,9,Cola,4
202410,IP,Normal pico,3,9,No asistió,1
202410,IP,Normal pico,3,11,Abierta,1
202410,IP,Normal pico,3,11,Atendida,16
202410,IP,Normal pico,3,11,Cancelada,8
202410,IP,Normal pico,3,11,Cola,6
202410,IP,Normal pico,3,11,No asistió,1
202410,IP,Normal pico,3,12,Atendida,11
202410,IP,Normal pico,3,12,Cancelada,5
202410,IP,Normal pico,3,12,Cola,6
202410,IP,Normal pico,3,12,No asistió,1
202410,IP,Normal pico,3,14,Atendida,11
202410,IP,Normal pico,3,14,Cola,8
202410,IP,Normal pico,3,15,Atendida,11
202410,IP,Normal pico,3,15,Cancelada,7
202410,IP,Normal pico,3,15,Cola,6
202410,IP,Normal pico,3,15,No asistió,1
202410,IP,Normal pico,3,17,Atendida,11
202410,IP,Normal pico,3,17,Cancelada,2
202410,IP,Normal pico,3,17,Cola,5
202410,IP,Normal pico,3,17,No asistió,1
202410,IP,Normal pico,4,8,Atendida,11
202410,IP,Normal pico,4,8,Cancelada,3
202410,IP,Normal pico,4,8,No asistió,1
202410,IP,Normal pico,4,9,Atendida,13
202410,IP,Normal pico,4,9,Cancelada,9
202410,IP,Normal pico,4,9,Cola,1
202410,IP,Normal pico,4,9,No asistió,1
202410,IP,Normal pico,4,11,Abierta,1
202410,IP,Normal pico,4,11,Atendida,11
202410,IP,Normal pico,4,11,Cancelada,6
202410,IP,Normal pico,4,11,Cola,1
202410,IP,Normal pico,4,12,Atendida,12
202410,IP,Normal pico,4,12,Cancelada,9
202410,IP,Normal pico,4,12,Cola,2
202410,IP,Normal pico,4,12,No asistió,2
202410,IP,Normal pico,4,14,Atendida,13
202410,IP,Normal pico,4,14,Cancelada,10
202410,IP,Normal pico,4,14,Cola,4
202410,IP,Normal pico,4,15,Atendida,12
202410,IP,Normal pico,4,15,Cancelada,11
202410,IP,Normal pico,4,15,Cola,1
202410,IP,Normal pico,4,15,No asistió,1
202410,IP,Normal pico,4,17,Atendida,11
202410,IP,Normal pico,4,17,Cancelada,5
202410,IP,Normal pico,4,17,No asistió,2
202410,IP,Normal pico,5,8,Abierta,1
202410,IP,Normal pico,5,8,Atendida,14
202410,IP,Normal pico,5,8,Cancelada,4
202410,IP,Normal pico,5,8,Cola,4
202410,IP,Normal pico,5,8,No asistió,1
202410,IP,Normal pico,5,9,Atendida,17
202410,IP,Normal pico,5,9,Cancelada,6
202410,IP,Normal pico,5,9,Cola,6
202410,IP,Normal pico,5,9,No asistió,1
202410,IP,Normal pico,5,11,Atendida,17
202410,IP,Normal pico,5,11,Cancelada,6
202410,IP,Normal pico,5,11,Cola,6
202410,IP,Normal pico,5,11,No asistió,1
202410,IP,Normal pico,5,12,Atendida,8
202410,IP,Normal pico,5,12,Cancelada,4
202410,IP,Normal pico,5,12,Cola,3
202410,IP,Normal pico,5,12,No asistió,1
202410,IP,Normal pico,5,14,Atendida,8
202410,IP,Normal pico,5,14,Cancelada,2
202410,IP,Normal pico,5,14,Cola,5
202410,IP,Normal pico,5,15,Atendida,12
202410,IP,Normal pico,5,15,Cancelada,13
202410,IP,Normal pico,5,15,Cola,2
202410,IP,Normal pico,5,15,No asistió,1
202410,IP,Normal pico,5,17,Atendida,7
202410,IP,Normal pico,5,17,Cancelada,5
202410,IP,Normal pico,5,17,Cola,4
202410,IP,Normal pico,5,17,No asistió,1
202419,EDA,Normal,2,10,Atendida,6
202419,EDA,Normal,2,10,Cola,3
202419,EDA,Normal,3,8,Abierta,2
202419,EDA,Normal,3,8,Atendida,5
202419,EDA,Normal,3,8,Cola,1
202419,EDA,Normal,3,9,Abierta,2
202419,EDA,Normal,3,9,Atendida,3
202419,EDA,Normal,3,9,Cancelada,3
202419,EDA,Normal,3,10,Abierta,2
202419,EDA,Normal,3,10,Atendida,3
202419,EDA,Normal,3,10,Cancelada,1
202419,EDA,Normal,4,10,Abierta,1
202419,EDA,Normal,4,10,Atendida,3
202419,EDA,Normal,4,10,Cancelada,3
202419,EDA,Normal,5,8,Abierta,1
202419,EDA,Normal,5,8,Atendida,5
202419,EDA,Normal,5,8,Cola,1
202419,EDA,Normal,5,8,No asistió,1
202419,EDA,Normal,5,9,Atendida,6
202419,EDA,Normal,5,9,Cancelada,2
202419,EDA,Normal,5,9,Cola,2
202419,EDA,Normal,5,10,Abierta,1
202419,EDA,Normal,5,10,Atendida,2
202419,EDA,Normal,5,10,Cancelada,3
202419,EDA,Normal,5,10,Cola,2
202419,EDA,Normal,5,10,No asistió,1
202419,IP,Normal,2,10,Atendida,8
202419,IP,Normal,2,10,Cancelada,2
202419,IP,Normal,2,10,Cola,3
202419,IP,Normal,2,14,Atendida,3
202419,IP,Normal,3,8,Atendida,2
202419,IP,Normal,3,8,Cancelada,3
202419,IP,Normal,3,9,Atendida,3
202419,IP,Normal,3,9,Cancelada,1
202419,IP,Normal,3,9,Cola,1
202419,IP,Normal,3,10,Atendida,8
202419,IP,Normal,3,10,Cancelada,5
202419,IP,Normal,3,10,Cola,3
202419,IP,Normal,4,9,Atendida,2
202419,IP,Normal,4,10,Atendida,8
202419,IP,Normal,4,10,No asistió,1
202419,IP,Normal,4,14,Atendida,1
202419,IP,Normal,4,14,Cancelada,2
202419,IP,Normal,5,8,Cancelada,2
202419,IP,Normal,5,9,Atendida,3
202419,IP,Normal,5,9,Cancelada,2
202419,IP,Normal,5,10,Atendida,5
202419,IP,Normal,5,10,Cancelada,3
202419,IP,Normal,5,10,Cola,2
202419,Sala,Sala,2,12,Cancelada,7
202419,Sala,Sala,2,13,Cancelada,2
202420,EDA,Express,1,12,Abierta,1
202420,EDA,Express,1,12,Atendida,7
202420,EDA,Express,1,12,Cola,7
202420,EDA,Express,1,12,No asistió,2
202420,EDA,Express,1,13,Atendida,1
202420,EDA,Express,1,15,Atendida,1
202420,EDA,Express,1,15,Cancelada,3
202420,EDA,Express,1,15,Cola,4
202420,EDA,Express,2,12,Abierta,1
202420,EDA,Express,2,13,Atendida,1
202420,EDA,Express,2,13,Cancelada,1
202420,EDA,Express,2,13,Cola,1
202420,EDA,Express,5,13,Atendida,2
202420,EDA,Express,5,13,Cancelada,5
202420,EDA,Express,5,13,Cola,1
202420,EDA,Express,5,13,No asistió,2
202420,EDA,Normal,1,9,Atendida,12
202420,EDA,Normal,1,9,Cancelada,1
202420,EDA,Normal,1,9,Cola,12
202420,EDA,Normal,1,11,Atendida,12
202420,EDA,Normal,1,11,Cancelada,2
202420,EDA,Normal,1,11,Cola,14
202420,EDA,Normal,1,14,Abierta,3
202420,EDA,Normal,1,14,Atendida,6
202420,EDA,Normal,1,14,Cola,10
202420,EDA,Normal,1,14,No asistió,2
202420,EDA,Normal,2,8,Abierta,1
202420,EDA,Normal,2,8,Atendida,10
202420,EDA,Normal,2,8,Cancelada,3
202420,EDA,Normal,2,8,Cola,14
202420,EDA,Normal,2,8,No asistió,1
202420,EDA,Normal,2,11,Abierta,2
202420,EDA,Normal,2,11,Atendida,7
202420,EDA,Normal,2,11,Cancelada,5
202420,EDA,Normal,2,11,Cola,16
202420,EDA,Normal,2,12,Abierta,1
202420,EDA,Normal,2,12,Cola,1
202420,EDA,Normal,3,11,Atendida,9
202420,EDA,Normal,3,11,Cancelada,9
202420,EDA,Normal,3,11,Cola,18
202420,EDA,Normal,3,11,No asistió,3
202420,EDA,Normal,3,12,Atendida,7
202420,EDA,Normal,3,12,Cancelada,8
202420,EDA,Normal,3,12,Cola,13
202420,EDA,Normal,3,12,No asistió,3
202420,EDA,Normal,3,15,Atendida,7
202420,EDA,Normal,3,15,Cancelada,8
202420,EDA,Normal,3,15,Cola,9
202420,EDA,Normal,4,14,Atendida,6
202420,EDA,Normal,4,14,Cancelada,1
202420,EDA,Normal,4,14,Cola,10
202420,EDA,Normal,4,14,No asistió,3
202420,EDA,Normal,5,11,Abierta,1
202420,EDA,Normal,5,11,Atendida,4
202420,EDA,Normal,5,11,Cancelada,2
202420,EDA,Normal,5,11,Cola,8
202420,EDA,Normal,5,11,No asistió,4
202420,EDA,Normal,5,14,Atendida,4
202420,EDA,Normal,5,14,Cancelada,4
202420,EDA,Normal,5,14,Cola,13
202420,EDA,Normal,5,14,No asistió,5
202420,Entrevista,Entrevistas,1,11,Atendida,1
202420,Entrevista,Entrevistas,1,12,Atendida,1
202420,Entrevista,Entrevistas,1,13,Atendida,1
202420,Entrevista,Entrevistas,1,13,Cancelada,1
202420,Entrevista,Entrevistas,1,13,No asistió,3
202420,Entrevista,Entrevistas,1,14,Atendida,4
202420,Entrevista,Entrevistas,1,14,No asistió,2
202420,Entrevista,Entrevistas,1,15,Atendida,1
202420,Entrevista,Entrevistas,1,15,Cancelada,1
202420,Entrevista,Entrevistas,1,16,Atendida,3
202420,Entrevista,Entrevistas,1,17,Cancelada,1
202420,Entrevista,Entrevistas,1,17,No asistió,1
202420,Entrevista,Entrevistas,2,8,Atendida,2
202420,Entrevista,Entrevistas,2,8,Cancelada,1
202420,Entrevista,Entrevistas,2,8,No asistió,3
202420,Entrevista,Entrevistas,2,9,Atendida,2
202420,Entrevista,Entrevistas,2,10,Atendida,2
202420,Entrevista,Entrevistas,2,10,No asistió,2
202420,Entrevista,Entrevistas,2,11,No asistió,1
202420,Entrevista,Entrevistas,2,12,Atendida,1
202420,Entrevista,Entrevistas,2,12,Cancelada,1
202420,Entrevista,Entrevistas,2,12,No asistió,1
202420,Entrevista,Entrevistas,2,13,Cancelada,1
202420,Entrevista,Entrevistas,2,15,Atendida,1
202420,Entrevista,Entrevistas,2,16,Atendida,1
202420,Entrevista,Entrevistas,2,17,Cancelada,1
202420,Entrevista,Entrevistas,2,17,No asistió,1
202420,Entrevista,Entrevistas,4,8,Atendida,2
202420,Entrevista,Entrevistas,4,8,Cancelada,1
202420,Entrevista,Entrevistas,4,9,Atendida,1
202420,Entrevista,Entrevistas,4,10,Cancelada,1
202420,Entrevista,Entrevistas,4,11,Atendida,3
202420,Entrevista,Entrevistas,4,11,Cancelada,1
202420,Entrevista,Entrevistas,4,12,Cancelada,1
202420,Entrevista,Entrevistas,4,12,No asistió,1
202420,Entrevista,Entrevistas,4,13,No asistió,1
202420,Entrevista,Entrevistas,4,14,Atendida,1
202420,Entrevista,Entrevistas,4,15,Cancelada,2
202420,Entrevista,Entrevistas,4,15,No asistió,1
202420,Entrevista,Entrevistas,4,16,No asistió,3
202420,Entrevista,Entrevistas,4,17,Cancelada,1
202420,Entrevista,Entrevistas,5,9,Atendida,1
202420,Entrevista,Entrevistas,5,10,No asistió,1
202420,Entrevista,Entrevistas,5,11,Atendida,1
202420,Entrevista,Entrevistas,5,12,Atendida,1
202420,Entrevista,Entrevistas,5,12,No asistió,1
202420,Entrevista,Entrevistas,5,15,Atendida,1
202420,Entrevista,Entrevistas,5,16,Atendida,1
202420,Entrevista,Entrevistas,5,17,Atendida,2
202420,Entrevista,Entrevistas,5,17,Cancelada,1
202420,Entrevista,Entrevistas,5,17,No asistió,1
202420,IP,Express,1,9,Abierta,1
202420,IP,Express,1,9,Atendida,29
202420,IP,Express,1,9,Cancelada,9
202420,IP,Express,1,9,Cola,4
202420,IP,Express,1,10,Abierta,1
202420,IP,Express,1,10,Atendida,18
202420,IP,Express,1,10,Cancelada,8
202420,IP,Express,1,10,Cola,8
202420,IP,Express,1,10,No asistió,2
202420,IP,Express,1,12,Abierta,1
202420,IP,Express,1,12,Atendida,33
202420,IP,Express,1,12,Cancelada,21
202420,IP,Express,1,12,Cola,5
202420,IP,Express,1,12,No asistió,4
202420,IP,Express,1,13,Atendida,18
202420,IP,Express,1,13,Cancelada,11
202420,IP,Express,1,13,Cola,11
202420,IP,Express,1,13,No asistió,1
202420,IP,Express,1,15,Abierta,1
202420,IP,Express,1,15,Atendida,13
202420,IP,Express,1,15,Cancelada,8
202420,IP,Express,1,15,Cola,5
202420,IP,Express,1,16,Atendida,20
202420,IP,Express,1,16,Cancelada,14
202420,IP,Express,1,16,Cola,5
202420,IP,Express,1,16,No asistió,2
202420,IP,Express,2,9,Abierta,1
202420,IP,Express,2,9,Atendida,23
202420,IP,Express,2,9,Cancelada,21
202420,IP,Express,2,9,Cola,10
202420,IP,Express,2,9,No asistió,3
202420,IP,Express,2,10,Atendida,31
202420,IP,Express,2,10,Cancelada,14
202420,IP,Express,2,10,Cola,8
202420,IP,Express,2,10,No asistió,7
202420,IP,Express,2,12,Atendida,35
202420,IP,Express,2,12,Cancelada,21
202420,IP,Express,2,12,Cola,16
202420,IP,Express,2,12,No asistió,2
202420,IP,Express,2,13,Abierta,2
202420,IP,Express,2,13,Atendida,20
202420,IP,Express,2,13,Cancelada,13
202420,IP,Express,2,13,Cola,13
202420,IP,Express,2,15,Atendida,29
202420,IP,Express,2,15,Cancelada,21
202420,IP,Express,2,15,Cola,9
202420,IP,Express,2,15,No asistió,4
202420,IP,Express,2,16,Atendida,27
202420,IP,Express,2,16,Cancelada,23
202420,IP,Express,2,16,Cola,11
202420,IP,Express,2,16,No asistió,5
202420,IP,Express,3,9,Atendida,14
202420,IP,Express,3,9,Cancelada,7
202420,IP,Express,3,9,Cola,4
202420,IP,Express,3,10,Atendida,36
202420,IP,Express,3,10,Cancelada,16
202420,IP,Express,3,10,Cola,12
202420,IP,Express,3,10,No asistió,4
202420,IP,Express,3,12,Atendida,14
202420,IP,Express,3,12,Cancelada,14
202420,IP,Express,3,12,Cola,10
202420,IP,Express,3,13,Atendida,25
202420,IP,Express,3,13,Cancelada,25
202420,IP,Express,3,13,Cola,8
202420,IP,Express,3,13,No asistió,6
202420,IP,Express,3,15,Atendida,40
202420,IP,Express,3,15,Cancelada,31
202420,IP,Express,3,15,Cola,9
202420,IP,Express,3,15,No asistió,9
202420,IP,Express,3,16,Atendida,11
202420,IP,Express,3,16,Cancelada,13
202420,IP,Express,3,16,Cola,9
202420,IP,Express,3,16,No asistió,2
202420,IP,Express,4,9,Atendida,27
202420,IP,Express,4,9,Cancelada,29
202420,IP,Express,4,9,Cola,7
202420,IP,Express,4,9,No asistió,3
202420,IP,Express,4,10,Atendida,21
202420,IP,Express,4,10,Cancelada,17
202420,IP,Express,4,10,Cola,7
202420,IP,Express,4,10,No asistió,5
202420,IP,Express,4,12,Atendida,40
202420,IP,Express,4,12,Cancelada,34
202420,IP,Express,4,12,Cola,12
202420,IP,Express,4,12,No asistió,11
202420,IP,Express,4,15,Atendida,35
202420,IP,Express,4,15,Cancelada,28
202420,IP,Express,4,15,Cola,6
202420,IP,Express,4,15,No asistió,4
202420,IP,Express,4,16,Atendida,21
202420,IP,Express,4,16,Cancelada,20
202420,IP,Express,4,16,Cola,7
202420,IP,Express,4,16,No asistió,4
202420,IP,Express,5,9,Atendida,35
202420,IP,Express,5,9,Cancelada,30
202420,IP,Express,5,9,Cola,11
202420,IP,Express,5,9,No asistió,10
202420,IP,Express,5,10,Abierta,1
202420,IP,Express,5,10,Atendida,49
202420,IP,Express,5,10,Cancelada,34
202420,IP,Express,5,10,Cola,14
202420,IP,Express,5,10,No asistió,7
202420,IP,Express,5,12,Atendida,27
202420,IP,Express,5,12,Cancelada,18
202420,IP,Express,5,12,Cola,14
202420,IP,Express,5,12,No asistió,1
202420,IP,Express,5,13,Atendida,23
202420,IP,Express,5,13,Cancelada,14
202420,IP,Express,5,13,Cola,9
202420,IP,Express,5,13,No asistió,6
202420,IP,Express,5,15,Atendida,4
202420,IP,Express,5,15,Cancelada,3
202420,IP,Express,5,15,No asistió,1
202420,IP,Express,5,16,Atendida,10
202420,IP,Express,5,16,Cancelada,6
202420,IP,Express,5,16,Cola,2
202420,IP,Express,5,16,No asistió,2
202420,IP,Normal,1,8,Atendida,24
202420,IP,Normal,1,8,Cancelada,8
202420,IP,Normal,1,8,Cola,5
202420,IP,Normal,1,9,Atendida,14
202420,IP,Normal,1,9,Cancelada,3
202420,IP,Normal,1,9,Cola,10
202420,IP,Normal,1,11,Atendida,20
202420,IP,Normal,1,11,Cancelada,5
202420,IP,Normal,1,11,Cola,10
202420,IP,Normal,1,12,Atendida,20
202420,IP,Normal,1,12,Cancelada,10
202420,IP,Normal,1,12,Cola,11
202420,IP,Normal,1,12,No asistió,2
202420,IP,Normal,1,14,Abierta,1
202420,IP,Normal,1,14,Atendida,21
202420,IP,Normal,1,14,Cancelada,11
202420,IP,Normal,1,14,Cola,7
202420,IP,Normal,1,14,No asistió,1
202420,IP,Normal,1,15,Abierta,1
202420,IP,Normal,1,15,Atendida,26
202420,IP,Normal,1,15,Cancelada,12
202420,IP,Normal,1,15,Cola,4
202420,IP,Normal,1,15,No asistió,3
202420,IP,Normal,1,17,Abierta,1
202420,IP,Normal,1,17,Atendida,26
202420,IP,Normal,1,17,Cancelada,2
202420,IP,Normal,1,17,Cola,5
202420,IP,Normal,1,17,No asistió,3
202420,IP,Normal,2,8,Atendida,34
202420,IP,Normal,2,8,Cancelada,13
202420,IP,Normal,2,8,Cola,11
202420,IP,Normal,2,8,No asistió,1
202420,IP,Normal,2,9,Atendida,45
202420,IP,Normal,2,9,Cancelada,20
202420,IP,Normal,2,9,Cola,8
202420,IP,Normal,2,9,No asistió,1
202420,IP,Normal,2,11,Atendida,34
202420,IP,Normal,2,11,Cancelada,9
202420,IP,Normal,2,11,Cola,15
202420,IP,Normal,2,11,No asistió,6
202420,IP,Normal,2,12,Atendida,14
202420,IP,Normal,2,12,Cancelada,3
202420,IP,Normal,2,12,Cola,16
202420,IP,Normal,2,14,Abierta,2
202420,IP,Normal,2,14,Atendida,37
202420,IP,Normal,2,14,Cancelada,20
202420,IP,Normal,2,14,Cola,12
202420,IP,Normal,2,14,No asistió,1
202420,IP,Normal,2,15,Abierta,1
202420,IP,Normal,2,15,Atendida,44
202420,IP,Normal,2,15,Cancelada,19
202420,IP,Normal,2,15,Cola,11
202420,IP,Normal,2,15,No asistió,1
202420,IP,Normal,2,17,Abierta,1
202420,IP,Normal,2,17,Atendida,12
202420,IP,Normal,2,17,Cancelada,2
202420,IP,Normal,2,17,Cola,7
202420,IP,Normal,2,17,No asistió,1
202420,IP,Normal,3,8,Atendida,27
202420,IP,Normal,3,8,Cancelada,13
202420,IP,Normal,3,8,Cola,12
202420,IP,Normal,3,8,No asistió,4
202420,IP,Normal,3,9,Atendida,40
202420,IP,Normal,3,9,Cancelada,21
202420,IP,Normal,3,9,Cola,17
202420,IP,Normal,3,9,No asistió,5
202420,IP,Normal,3,11,Atendida,43
202420,IP,Normal,3,11,Cancelada,14
202420,IP,Normal,3,11,Cola,13
202420,IP,Normal,3,11,No asistió,4
202420,IP,Normal,3,12,Atendida,35
202420,IP,Normal,3,12,Cancelada,17
202420,IP,Normal,3,12,Cola,15
202420,IP,Normal,3,12,No asistió,3
202420,IP,Normal,3,14,Atendida,54
202420,IP,Normal,3,14,Cancelada,28
202420,IP,Normal,3,14,Cola,16
202420,IP,Normal,3,14,No asistió,5
202420,IP,Normal,3,15,Atendida,43
202420,IP,Normal,3,15,Cancelada,16
202420,IP,Normal,3,15,Cola,10
202420,IP,Normal,3,15,No asistió,6
202420,IP,Normal,3,17,Abierta,1
202420,IP,Normal,3,17,Atendida,23
202420,IP,Normal,3,17,Cancelada,15
202420,IP,Normal,3,17,Cola,9
202420,IP,Normal,3,17,No asistió,4
202420,IP,Normal,4,8,Atendida,46
202420,IP,Normal,4,8,Cancelada,33
202420,IP,Normal,4,8,Cola,16
202420,IP,Normal,4,8,No asistió,7
202420,IP,Normal,4,9,Atendida,38
202420,IP,Normal,4,9,Cancelada,25
202420,IP,Normal,4,9,Cola,15
202420,IP,Normal,4,9,No asistió,4
202420,IP,Normal,4,11,Atendida,71
202420,IP,Normal,4,11,Cancelada,28
202420,IP,Normal,4,11,Cola,19
202420,IP,Normal,4,11,No asistió,6
202420,IP,Normal,4,14,Atendida,16
202420,IP,Normal,4,14,Cancelada,16
202420,IP,Normal,4,14,Cola,19
202420,IP,Normal,4,14,No asistió,2
202420,IP,Normal,4,15,Abierta,1
202420,IP,Normal,4,15,Atendida,32
202420,IP,Normal,4,15,Cancelada,15
202420,IP,Normal,4,15,Cola,15
202420,IP,Normal,4,15,No asistió,2
202420,IP,Normal,4,17,Atendida,10
202420,IP,Normal,4,17,Cancelada,5
202420,IP,Normal,4,17,Cola,8
202420,IP,Normal,4,17,No asistió,1
202420,IP,Normal,5,8,Abierta,1
202420,IP,Normal,5,8,Atendida,34
202420,IP,Normal,5,8,Cancelada,26
202420,IP,Normal,5,8,Cola,18
202420,IP,Normal,5,8,No asistió,4
202420,IP,Normal,5,9,Abierta,1
202420,IP,Normal,5,9,Atendida,59
202420,IP,Normal,5,9,Cancelada,35
202420,IP,Normal,5,9,Cola,17
202420,IP,Normal,5,9,No asistió,4
202420,IP,Normal,5,11,Atendida,41
202420,IP,Normal,5,11,Cancelada,12
202420,IP,Normal,5,11,Cola,23
202420,IP,Normal,5,11,No asistió,6
202420,IP,Normal,5,12,Atendida,29
202420,IP,Normal,5,12,Cancelada,20
202420,IP,Normal,5,12,Cola,18
202420,IP,Normal,5,12,No asistió,4
202420,IP,Normal,5,14,Atendida,10
202420,IP,Normal,5,14,Cancelada,12
202420,IP,Normal,5,14,Cola,15
202420,IP,Normal,5,14,No asistió,1
202420,IP,Normal,5,15,Abierta,1
202420,IP,Normal,5,15,Atendida,15
202420,IP,Normal,5,15,Cancelada,11
202420,IP,Normal,5,15,Cola,10
202420,IP,Normal,5,15,No asistió,1
202420,IP,Normal,5,17,Atendida,10
202420,IP,Normal,5,17,Cancelada,6
202420,IP,Normal,5,17,Cola,6
202420,IP,Normal,5,17,No asistió,1
202420,IP,Normal pico,1,9,Atendida,11
202420,IP,Normal pico,1,9,Cancelada,3
202420,IP,Normal pico,1,9,Cola,3
202420,IP,Normal pico,1,9,No asistió,1
202420,IP,Normal pico,1,11,Atendida,16
202420,IP,Normal pico,1,11,Cancelada,5
202420,IP,Normal pico,1,11,Cola,3
202420,IP,Normal pico,1,11,No asistió,1
202420,IP,Normal pico,1,12,Atendida,7
202420,IP,Normal pico,1,12,Cancelada,1
202420,IP,Normal pico,1,12,Cola,1
202420,IP,Normal pico,1,12,No asistió,2
202420,IP,Normal pico,1,14,Atendida,8
202420,IP,Normal pico,1,14,Cancelada,3
202420,IP,Normal pico,1,14,Cola,3
202420,IP,Normal pico,1,14,No asistió,1
202420,IP,Normal pico,1,15,Atendida,13
202420,IP,Normal pico,1,15,Cancelada,6
202420,IP,Normal pico,1,15,Cola,2
202420,IP,Normal pico,1,15,No asistió,1
202420,IP,Normal pico,1,17,Atendida,12
202420,IP,Normal pico,1,17,Cancelada,7
202420,IP,Normal pico,1,17,Cola,4
202420,IP,Normal pico,1,17,No asistió,3
202420,IP,Normal pico,2,8,Atendida,16
202420,IP,Normal pico,2,8,Cancelada,9
202420,IP,Normal pico,2,8,Cola,4
202420,IP,Normal pico,2,8,No asistió,2
202420,IP,Normal pico,2,9,Atendida,20
202420,IP,Normal pico,2,9,Cancelada,12
202420,IP,Normal pico,2,9,Cola,7
202420,IP,Normal pico,2,9,No asistió,2
202420,IP,Normal pico,2,11,Atendida,27
202420,IP,Normal pico,2,11,Cancelada,7
202420,IP,Normal pico,2,11,Cola,9
202420,IP,Normal pico,2,11,No asistió,4
202420,IP,Normal pico,2,12,Atendida,10
202420,IP,Normal pico,2,12,Cancelada,2
202420,IP,Normal pico,2,12,Cola,8
202420,IP,Normal pico,2,14,Atendida,10
202420,IP,Normal pico,2,14,Cancelada,13
202420,IP,Normal pico,2,14,Cola,7
202420,IP,Normal pico,2,14,No asistió,3
202420,IP,Normal pico,2,15,Atendida,10
202420,IP,Normal pico,2,15,Cancelada,5
202420,IP,Normal pico,2,15,Cola,2
202420,IP,Normal pico,2,15,No asistió,3
202420,IP,Normal pico,2,17,Atendida,9
202420,IP,Normal pico,2,17,Cancelada,9
202420,IP,Normal pico,2,17,Cola,6
202420,IP,Normal pico,2,17,No asistió,2
202420,IP,Normal pico,3,9,Atendida,15
202420,IP,Normal pico,3,9,Cancelada,8
202420,IP,Normal pico,3,9,Cola,5
202420,IP,Normal pico,3,9,No asistió,3
202420,IP,Normal pico,3,11,Atendida,15
202420,IP,Normal pico,3,11,Cancelada,15
202420,IP,Normal pico,3,11,No asistió,1
202420,IP,Normal pico,3,12,Atendida,8
202420,IP,Normal pico,3,12,Cancelada,6
202420,IP,Normal pico,3,12,No asistió,3
202420,IP,Normal pico,3,14,Atendida,12
202420,IP,Normal pico,3,14,Cancelada,7
202420,IP,Normal pico,3,14,Cola,2
202420,IP,Normal pico,3,14,No asistió,1
202420,IP,Normal pico,3,15,Atendida,8
202420,IP,Normal pico,3,15,Cancelada,4
202420,IP,Normal pico,3,15,Cola,3
202420,IP,Normal pico,3,17,Atendida,15
202420,IP,Normal pico,3,17,Cancelada,6
202420,IP,Normal pico,3,17,Cola,2
202420,IP,Normal pico,3,17,No asistió,1
202420,IP,Normal pico,4,8,Abierta,1
202420,IP,Normal pico,4,8,Atendida,8
202420,IP,Normal pico,4,8,Cancelada,5
202420,IP,Normal pico,4,9,Abierta,1
202420,IP,Normal pico,4,9,Atendida,7
202420,IP,Normal pico,4,9,Cancelada,8
202420,IP,Normal pico,4,9,Cola,6
202420,IP,Normal pico,4,9,No asistió,1
202420,IP,Normal pico,4,11,Atendida,18
202420,IP,Normal pico,4,11,Cancelada,8
202420,IP,Normal pico,4,11,Cola,5
202420,IP,Normal pico,4,11,No asistió,4
202420,IP,Normal pico,4,14,Atendida,11
202420,IP,Normal pico,4,14,Cancelada,9
202420,IP,Normal pico,4,14,Cola,6
202420,IP,Normal pico,4,14,No asistió,4
202420,IP,Normal pico,4,15,Atendida,6
202420,IP,Normal pico,4,15,Cancelada,6
202420,IP,Normal pico,4,17,Atendida,12
202420,IP,Normal pico,4,17,Cancelada,11
202420,IP,Normal pico,4,17,Cola,3
202420,IP,Normal pico,4,17,No asistió,2
202420,IP,Normal pico,5,8,Atendida,6
202420,IP,Normal pico,5,8,Cancelada,8
202420,IP,Normal pico,5,9,Atendida,14
202420,IP,Normal pico,5,9,Cancelada,4
202420,IP,Normal pico,5,9,Cola,4
202420,IP,Normal pico,5,9,No asistió,3
202420,IP,Normal pico,5,11,Atendida,17
202420,IP,Normal pico,5,11,Cancelada,8
202420,IP,Normal pico,5,11,No asistió,1
202420,IP,Normal pico,5,12,Atendida,11
202420,IP,Normal pico,5,12,Cancelada,2
202420,IP,Normal pico,5,12,No asistió,1
202420,IP,Normal pico,5,14,Atendida,9
202420,IP,Normal pico,5,14,Cancelada,2
202420,IP,Normal pico,5,14,Cola,3
202420,IP,Normal pico,5,14,No asistió,5
202420,IP,Normal pico,5,15,Atendida,6
202420,IP,Normal pico,5,15,Cancelada,7
202420,IP,Normal pico,5,15,Cola,1
202420,IP,Normal pico,5,15,No asistió,2
202420,IP,Normal pico,5,17,Atendida,10
202420,IP,Normal pico,5,17,Cancelada,11
202420,IP,Normal pico,5,17,Cola,3
202420,IP,Normal pico,5,17,No asistió,2
202420,Sala,Sala,1,12,Atendida,2
202420,Sala,Sala,1,12,Cancelada,1
202420,Sala,Sala,1,13,Atendida,1
202420,Sala,Sala,2,16,Atendida,2
202420,Sala,Sala,3,9,Atendida,2
202420,Sala,Sala,3,10,Atendida,1
202420,Sala,Sala,3,12,Cancelada,1
202420,Sala,Sala,3,13,Cancelada,1
202420,Sala,Sala,3,17,Atendida,1
202420,Sala,Sala,3,17,No asistió,1
202420,Sala,Sala,4,11,Atendida,1
202420,Sala,Sala,4,12,Atendida,2
202510,EDA,Express,1,12,Atendida,1
202510,EDA,Express,1,13,Atendida,1
202510,EDA,Express,1,13,Cancelada,7
202510,EDA,Express,1,13,Cola,1
202510,EDA,Express,1,15,Atendida,4
202510,EDA,Express,1,15,Cancelada,2
202510,EDA,Express,1,15,No asistió,2
202510,EDA,Express,1,16,Atendida,7
202510,EDA,Express,1,16,Cancelada,1
202510,EDA,Express,1,16,Cola,5
202510,EDA,Express,1,16,No asistió,1
202510,EDA,Express,2,10,Abierta,1
202510,EDA,Express,2,10,Atendida,5
202510,EDA,Express,2,10,Cancelada,4
202510,EDA,Express,2,10,Cola,5
202510,EDA,Express,2,10,No asistió,2
202510,EDA,Express,2,12,Abierta,3
202510,EDA,Express,2,12,Atendida,3
202510,EDA,Express,2,12,Cancelada,3
202510,EDA,Express,2,12,Cola,5
202510,EDA,Express,2,12,No asistió,2
202510,EDA,Express,2,16,Atendida,4
202510,EDA,Express,2,16,Cancelada,2
202510,EDA,Express,2,16,Cola,3
202510,EDA,Express,2,16,No asistió,1
202510,EDA,Express,3,15,Atendida,2
202510,EDA,Express,3,15,Cancelada,4
202510,EDA,Express,3,15,Cola,5
202510,EDA,Express,3,15,No asistió,2
202510,EDA,Express,4,12,Atendida,2
202510,EDA,Express,4,12,Cancelada,5
202510,EDA,Express,4,12,Cola,7
202510,EDA,Express,4,12,No asistió,5
202510,EDA,Express,4,16,Atendida,7
202510,EDA,Express,4,16,Cancelada,7
202510,EDA,Express,4,16,Cola,2
202510,EDA,Express,4,16,No asistió,1
202510,EDA,Normal,1,11,Atendida,7
202510,EDA,Normal,1,11,Cancelada,3
202510,EDA,Normal,1,11,Cola,10
202510,EDA,Normal,1,12,Atendida,1
202510,EDA,Normal,1,14,Abierta,1
202510,EDA,Normal,1,14,Atendida,5
202510,EDA,Normal,1,14,Cancelada,2
202510,EDA,Normal,1,14,Cola,5
202510,EDA,Normal,1,14,No asistió,2
202510,EDA,Normal,1,15,Atendida,10
202510,EDA,Normal,1,15,Cancelada,2
202510,EDA,Normal,1,15,Cola,8
202510,EDA,Normal,2,8,Abierta,1
202510,EDA,Normal,2,8,Atendida,12
202510,EDA,Normal,2,8,Cancelada,1
202510,EDA,Normal,2,8,Cola,10
202510,EDA,Normal,2,8,No asistió,1
202510,EDA,Normal,2,11,Abierta,1
202510,EDA,Normal,2,11,Atendida,10
202510,EDA,Normal,2,11,Cancelada,6
202510,EDA,Normal,2,11,Cola,13
202510,EDA,Normal,2,11,No asistió,1
202510,EDA,Normal,2,15,Atendida,5
202510,EDA,Normal,2,15,Cancelada,3
202510,EDA,Normal,2,15,Cola,5
202510,EDA,Normal,2,15,No asistió,1
202510,EDA,Normal,2,17,Atendida,6
202510,EDA,Normal,2,17,Cancelada,1
202510,EDA,Normal,2,17,Cola,2
202510,EDA,Normal,3,15,Atendida,3
202510,EDA,Normal,3,15,Cancelada,1
202510,EDA,Normal,3,15,Cola,6
202510,EDA,Normal,3,15,No asistió,3
202510,EDA,Normal,4,11,Atendida,10
202510,EDA,Normal,4,11,Cancelada,1
202510,EDA,Normal,4,11,Cola,8
202510,EDA,Normal,4,11,No asistió,1
202510,EDA,Normal,4,15,Atendida,8
202510,EDA,Normal,4,15,Cancelada,2
202510,EDA,Normal,4,15,Cola,11
202510,EDA,Normal,4,15,No asistió,2
202510,EDA,Normal,4,17,Atendida,3
202510,EDA,Normal,4,17,Cancelada,4
202510,EDA,Normal,4,17,Cola,1
202510,Entrevista,Entrevistas,1,11,Atendida,1
202510,Entrevista,Entrevistas,1,12,Atendida,3
202510,Entrevista,Entrevistas,1,13,Atendida,1
202510,Entrevista,Entrevistas,1,14,Atendida,2
202510,Entrevista,Entrevistas,1,15,Atendida,2
202510,Entrevista,Entrevistas,1,15,Cancelada,1
202510,Entrevista,Entrevistas,1,16,Cancelada,1
202510,Entrevista,Entrevistas,1,16,No asistió,2
202510,Entrevista,Entrevistas,2,8,Atendida,2
202510,Entrevista,Entrevistas,2,9,Atendida,1
202510,Entrevista,Entrevistas,2,10,Atendida,2
202510,Entrevista,Entrevistas,2,11,Atendida,1
202510,Entrevista,Entrevistas,2,14,Atendida,1
202510,Entrevista,Entrevistas,3,11,Atendida,2
202510,Entrevista,Entrevistas,3,11,Cancelada,1
202510,Entrevista,Entrevistas,3,12,Atendida,2
202510,Entrevista,Entrevistas,4,9,Atendida,1
202510,Entrevista,Entrevistas,4,11,Atendida,2
202510,Entrevista,Entrevistas,5,10,Atendida,1
202510,Entrevista,Entrevistas,5,13,Atendida,1
202510,Entrevista,Entrevistas,5,14,Atendida,1
202510,IP,Express,1,9,Atendida,29
202510,IP,Express,1,9,Cancelada,19
202510,IP,Express,1,9,Cola,5
202510,IP,Express,1,12,Atendida,24
202510,IP,Express,1,12,Cancelada,8
202510,IP,Express,1,12,Cola,4
202510,IP,Express,1,12,No asistió,4
202510,IP,Express,1,13,Atendida,21
202510,IP,Express,1,13,Cancelada,8
202510,IP,Express,1,13,Cola,6
202510,IP,Express,1,15,Atendida,12
202510,IP,Express,1,15,Cancelada,3
202510,IP,Express,1,15,Cola,1
202510,IP,Express,1,15,No asistió,1
202510,IP,Express,1,16,Abierta,2
202510,IP,Express,1,16,Atendida,24
202510,IP,Express,1,16,Cancelada,9
202510,IP,Express,1,16,Cola,6
202510,IP,Express,2,9,Atendida,16
202510,IP,Express,2,9,Cancelada,8
202510,IP,Express,2,9,Cola,2
202510,IP,Express,2,9,No asistió,5
202510,IP,Express,2,10,Atendida,8
202510,IP,Express,2,10,Cancelada,3
202510,IP,Express,2,10,Cola,3
202510,IP,Express,2,10,No asistió,1
202510,IP,Express,2,12,Atendida,9
202510,IP,Express,2,12,Cancelada,9
202510,IP,Express,2,12,Cola,2
202510,IP,Express,2,12,No asistió,4
202510,IP,Express,2,13,Atendida,12
202510,IP,Express,2,13,Cancelada,5
202510,IP,Express,2,13,Cola,2
202510,IP,Express,2,13,No asistió,1
202510,IP,Express,2,15,Atendida,13
202510,IP,Express,2,15,Cancelada,4
202510,IP,Express,2,15,Cola,1
202510,IP,Express,2,15,No asistió,2
202510,IP,Express,2,16,Abierta,1
202510,IP,Express,2,16,Atendida,17
202510,IP,Express,2,16,Cancelada,15
202510,IP,Express,2,16,Cola,4
202510,IP,Express,2,16,No asistió,4
202510,IP,Express,3,9,Atendida,19
202510,IP,Express,3,9,Cancelada,12
202510,IP,Express,3,9,Cola,1
202510,IP,Express,3,9,No asistió,3
202510,IP,Express,3,10,Atendida,11
202510,IP,Express,3,10,Cancelada,14
202510,IP,Express,3,10,Cola,4
202510,IP,Express,3,10,No asistió,3
202510,IP,Express,3,12,Atendida,16
202510,IP,Express,3,12,Cancelada,19
202510,IP,Express,3,12,Cola,3
202510,IP,Express,3,12,No asistió,2
202510,IP,Express,3,13,Abierta,1
202510,IP,Express,3,13,Atendida,16
202510,IP,Express,3,13,Cancelada,13
202510,IP,Express,3,13,Cola,2
202510,IP,Express,3,13,No asistió,2
202510,IP,Express,3,15,Atendida,14
202510,IP,Express,3,15,Cancelada,12
202510,IP,Express,3,15,Cola,2
202510,IP,Express,3,15,No asistió,4
202510,IP,Express,3,16,Atendida,12
202510,IP,Express,3,16,Cancelada,7
202510,IP,Express,3,16,Cola,1
202510,IP,Express,3,16,No asistió,2
202510,IP,Express,4,9,Atendida,20
202510,IP,Express,4,9,Cancelada,11
202510,IP,Express,4,9,Cola,1
202510,IP,Express,4,9,No asistió,4
202510,IP,Express,4,10,Atendida,18
202510,IP,Express,4,10,Cancelada,9
202510,IP,Express,4,10,Cola,3
202510,IP,Express,4,10,No asistió,3
202510,IP,Express,4,12,Abierta,1
202510,IP,Express,4,12,Atendida,14
202510,IP,Express,4,12,Cancelada,8
202510,IP,Express,4,12,Cola,2
202510,IP,Express,4,12,No asistió,1
202510,IP,Express,4,13,Atendida,20
202510,IP,Express,4,13,Cancelada,17
202510,IP,Express,4,13,No asistió,6
202510,IP,Express,4,15,Atendida,15
202510,IP,Express,4,15,Cancelada,10
202510,IP,Express,4,15,Cola,1
202510,IP,Express,4,15,No asistió,1
202510,IP,Express,4,16,Abierta,1
202510,IP,Express,4,16,Atendida,19
202510,IP,Express,4,16,Cancelada,15
202510,IP,Express,4,16,Cola,1
202510,IP,Express,4,16,No asistió,1
202510,IP,Express,5,9,Atendida,24
202510,IP,Express,5,9,Cancelada,17
202510,IP,Express,5,9,Cola,4
202510,IP,Express,5,9,No asistió,5
202510,IP,Express,5,10,Abierta,1
202510,IP,Express,5,10,Atendida,25
202510,IP,Express,5,10,Cancelada,14
202510,IP,Express,5,10,Cola,2
202510,IP,Express,5,10,No asistió,1
202510,IP,Express,5,12,Abierta,1
202510,IP,Express,5,12,Atendida,15
202510,IP,Express,5,12,Cancelada,12
202510,IP,Express,5,12,Cola,5
202510,IP,Express,5,12,No asistió,5
202510,IP,Express,5,13,Atendida,10
202510,IP,Express,5,13,Cancelada,19
202510,IP,Express,5,13,Cola,6
202510,IP,Express,5,13,No asistió,5
202510,IP,Express,5,15,Abierta,1
202510,IP,Express,5,15,Atendida,7
202510,IP,Express,5,15,Cancelada,4
202510,IP,Express,5,15,Cola,1
202510,IP,Express,5,16,Abierta,1
202510,IP,Express,5,16,Atendida,7
202510,IP,Express,5,16,Cancelada,6
202510,IP,Express,5,16,Cola,2
202510,IP,Express,5,16,No asistió,4
202510,IP,Normal,1,8,Abierta,1
202510,IP,Normal,1,8,Atendida,22
202510,IP,Normal,1,8,Cancelada,7
202510,IP,Normal,1,8,Cola,3
202510,IP,Normal,1,8,No asistió,1
202510,IP,Normal,1,11,Atendida,35
202510,IP,Normal,1,11,Cancelada,8
202510,IP,Normal,1,11,Cola,9
202510,IP,Normal,1,11,No asistió,3
202510,IP,Normal,1,12,Atendida,31
202510,IP,Normal,1,12,Cancelada,11
202510,IP,Normal,1,12,Cola,3
202510,IP,Normal,1,14,Atendida,33
202510,IP,Normal,1,14,Cancelada,10
202510,IP,Normal,1,14,Cola,6
202510,IP,Normal,1,14,No asistió,1
202510,IP,Normal,1,15,Atendida,16
202510,IP,Normal,1,15,Cancelada,12
202510,IP,Normal,1,15,Cola,3
202510,IP,Normal,1,15,No asistió,1
202510,IP,Normal,1,17,Atendida,24
202510,IP,Normal,1,17,Cancelada,14
202510,IP,Normal,1,17,Cola,5
202510,IP,Normal,1,17,No asistió,1
202510,IP,Normal,2,8,Atendida,9
202510,IP,Normal,2,8,Cancelada,5
202510,IP,Normal,2,8,Cola,8
202510,IP,Normal,2,9,Abierta,2
202510,IP,Normal,2,9,Atendida,44
202510,IP,Normal,2,9,Cancelada,22
202510,IP,Normal,2,9,Cola,9
202510,IP,Normal,2,9,No asistió,3
202510,IP,Normal,2,11,Atendida,47
202510,IP,Normal,2,11,Cancelada,9
202510,IP,Normal,2,11,Cola,5
202510,IP,Normal,2,12,Abierta,1
202510,IP,Normal,2,12,Atendida,30
202510,IP,Normal,2,12,Cancelada,10
202510,IP,Normal,2,12,Cola,6
202510,IP,Normal,2,12,No asistió,1
202510,IP,Normal,2,14,Abierta,2
202510,IP,Normal,2,14,Atendida,39
202510,IP,Normal,2,14,Cancelada,8
202510,IP,Normal,2,14,Cola,5
202510,IP,Normal,2,14,No asistió,2
202510,IP,Normal,2,15,Abierta,3
202510,IP,Normal,2,15,Atendida,34
202510,IP,Normal,2,15,Cancelada,15
202510,IP,Normal,2,15,Cola,4
202510,IP,Normal,2,17,Atendida,15
202510,IP,Normal,2,17,Cancelada,12
202510,IP,Normal,2,17,Cola,4
202510,IP,Normal,2,17,No asistió,1
202510,IP,Normal,3,8,Abierta,3
202510,IP,Normal,3,8,Atendida,32
202510,IP,Normal,3,8,Cancelada,12
202510,IP,Normal,3,8,Cola,10
202510,IP,Normal,3,8,No asistió,2
202510,IP,Normal,3,9,Atendida,22
202510,IP,Normal,3,9,Cancelada,17
202510,IP,Normal,3,9,Cola,6
202510,IP,Normal,3,9,No asistió,2
202510,IP,Normal,3,11,Atendida,60
202510,IP,Normal,3,11,Cancelada,17
202510,IP,Normal,3,11,Cola,12
202510,IP,Normal,3,11,No asistió,5
202510,IP,Normal,3,12,Abierta,1
202510,IP,Normal,3,12,Atendida,23
202510,IP,Normal,3,12,Cancelada,12
202510,IP,Normal,3,12,Cola,5
202510,IP,Normal,3,12,No asistió,2
202510,IP,Normal,3,14,Atendida,30
202510,IP,Normal,3,14,Cancelada,18
202510,IP,Normal,3,14,Cola,10
202510,IP,Normal,3,14,No asistió,1
202510,IP,Normal,3,15,Atendida,28
202510,IP,Normal,3,15,Cancelada,16
202510,IP,Normal,3,15,Cola,6
202510,IP,Normal,3,15,No asistió,1
202510,IP,Normal,3,17,Atendida,23
202510,IP,Normal,3,17,Cancelada,10
202510,IP,Normal,3,17,Cola,6
202510,IP,Normal,4,8,Abierta,1
202510,IP,Normal,4,8,Atendida,25
202510,IP,Normal,4,8,Cancelada,8
202510,IP,Normal,4,8,Cola,5
202510,IP,Normal,4,8,No asistió,3
202510,IP,Normal,4,9,Atendida,29
202510,IP,Normal,4,9,Cancelada,17
202510,IP,Normal,4,9,Cola,7
202510,IP,Normal,4,9,No asistió,2
202510,IP,Normal,4,11,Abierta,1
202510,IP,Normal,4,11,Atendida,35
202510,IP,Normal,4,11,Cancelada,18
202510,IP,Normal,4,11,Cola,7
202510,IP,Normal,4,11,No asistió,2
202510,IP,Normal,4,12,Atendida,29
202510,IP,Normal,4,12,Cancelada,10
202510,IP,Normal,4,12,Cola,6
202510,IP,Normal,4,12,No asistió,3
202510,IP,Normal,4,14,Atendida,27
202510,IP,Normal,4,14,Cancelada,10
202510,IP,Normal,4,14,Cola,3
202510,IP,Normal,4,14,No asistió,7
202510,IP,Normal,4,15,Abierta,1
202510,IP,Normal,4,15,Atendida,23
202510,IP,Normal,4,15,Cancelada,15
202510,IP,Normal,4,15,Cola,4
202510,IP,Normal,4,15,No asistió,5
202510,IP,Normal,4,17,Abierta,1
202510,IP,Normal,4,17,Atendida,14
202510,IP,Normal,4,17,Cancelada,11
202510,IP,Normal,4,17,Cola,2
202510,IP,Normal,4,17,No asistió,2
202510,IP,Normal,5,8,Atendida,21
202510,IP,Normal,5,8,Cancelada,18
202510,IP,Normal,5,8,Cola,4
202510,IP,Normal,5,8,No asistió,1
202510,IP,Normal,5,9,Abierta,1
202510,IP,Normal,5,9,Atendida,37
202510,IP,Normal,5,9,Cancelada,27
202510,IP,Normal,5,9,Cola,15
202510,IP,Normal,5,9,No asistió,7
202510,IP,Normal,5,11,Atendida,38
202510,IP,Normal,5,11,Cancelada,13
202510,IP,Normal,5,11,Cola,5
202510,IP,Normal,5,11,No asistió,3
202510,IP,Normal,5,12,Abierta,1
202510,IP,Normal,5,12,Atendida,37
202510,IP,Normal,5,12,Cancelada,19
202510,IP,Normal,5,12,Cola,9
202510,IP,Normal,5,12,No asistió,1
202510,IP,Normal,5,14,Abierta,1
202510,IP,Normal,5,14,Atendida,36
202510,IP,Normal,5,14,Cancelada,18
202510,IP,Normal,5,14,Cola,12
202510,IP,Normal,5,14,No asistió,2
202510,IP,Normal,5,15,Atendida,8
202510,IP,Normal,5,15,Cancelada,5
202510,IP,Normal,5,15,Cola,6
202510,IP,Normal,5,17,Atendida,10
202510,IP,Normal,5,17,Cancelada,5
202510,IP,Normal,5,17,Cola,7
202510,IP,Normal pico,1,8,Atendida,5
202510,IP,Normal pico,1,8,Cancelada,2
202510,IP,Normal pico,1,8,Cola,2
202510,IP,Normal pico,1,8,No asistió,2
202510,IP,Normal pico,1,11,Abierta,1
202510,IP,Normal pico,1,11,Atendida,12
202510,IP,Normal pico,1,11,Cancelada,3
202510,IP,Normal pico,1,11,Cola,2
202510,IP,Normal pico,1,12,Abierta,1
202510,IP,Normal pico,1,12,Atendida,11
202510,IP,Normal pico,1,12,Cancelada,5
202510,IP,Normal pico,1,12,Cola,2
202510,IP,Normal pico,1,14,Atendida,7
202510,IP,Normal pico,1,14,Cancelada,4
202510,IP,Normal pico,1,14,Cola,2
202510,IP,Normal pico,1,14,No asistió,3
202510,IP,Normal pico,1,15,Abierta,1
202510,IP,Normal pico,1,15,Atendida,5
202510,IP,Normal pico,1,15,Cancelada,7
202510,IP,Normal pico,1,15,Cola,2
202510,IP,Normal pico,1,17,Abierta,1
202510,IP,Normal pico,1,17,Atendida,14
202510,IP,Normal pico,1,17,Cancelada,7
202510,IP,Normal pico,1,17,Cola,6
202510,IP,Normal pico,1,17,No asistió,2
202510,IP,Normal pico,2,8,Atendida,6
202510,IP,Normal pico,2,8,Cancelada,7
202510,IP,Normal pico,2,8,Cola,1
202510,IP,Normal pico,2,8,No asistió,1
202510,IP,Normal pico,2,11,Atendida,9
202510,IP,Normal pico,2,11,Cancelada,3
202510,IP,Normal pico,2,11,No asistió,1
202510,IP,Normal pico,2,12,Atendida,3
202510,IP,Normal pico,2,12,Cancelada,4
202510,IP,Normal pico,2,12,No asistió,1
202510,IP,Normal pico,2,14,Atendida,2
202510,IP,Normal pico,2,14,Cancelada,6
202510,IP,Normal pico,2,14,No asistió,1
202510,IP,Normal pico,2,15,Atendida,13
202510,IP,Normal pico,2,15,Cancelada,9
202510,IP,Normal pico,2,17,Abierta,1
202510,IP,Normal pico,2,17,Atendida,10
202510,IP,Normal pico,2,17,Cancelada,8
202510,IP,Normal pico,3,8,Atendida,9
202510,IP,Normal pico,3,8,Cancelada,5
202510,IP,Normal pico,3,8,No asistió,3
202510,IP,Normal pico,3,9,Atendida,8
202510,IP,Normal pico,3,9,Cancelada,6
202510,IP,Normal pico,3,11,Atendida,7
202510,IP,Normal pico,3,11,Cancelada,2
202510,IP,Normal pico,3,12,Atendida,2
202510,IP,Normal pico,3,12,Cancelada,2
202510,IP,Normal pico,3,14,Abierta,1
202510,IP,Normal pico,3,14,Atendida,7
202510,IP,Normal pico,3,14,Cancelada,4
202510,IP,Normal pico,3,14,No asistió,2
202510,IP,Normal pico,3,15,Atendida,3
202510,IP,Normal pico,3,15,Cancelada,2
202510,IP,Normal pico,3,15,No asistió,2
202510,IP,Normal pico,3,17,Atendida,14
202510,IP,Normal pico,3,17,Cancelada,7
202510,IP,Normal pico,3,17,Cola,1
202510,IP,Normal pico,3,17,No asistió,3
202510,IP,Normal pico,4,8,Atendida,1
202510,IP,Normal pico,4,8,No asistió,1
202510,IP,Normal pico,4,11,Atendida,8
202510,IP,Normal pico,4,11,Cancelada,5
202510,IP,Normal pico,4,11,No asistió,2
202510,IP,Normal pico,4,12,Atendida,7
202510,IP,Normal pico,4,12,Cancelada,3
202510,IP,Normal pico,4,12,Cola,1
202510,IP,Normal pico,4,14,Atendida,7
202510,IP,Normal pico,4,14,Cancelada,1
202510,IP,Normal pico,4,15,Abierta,1
202510,IP,Normal pico,4,15,Atendida,3
202510,IP,Normal pico,4,15,Cancelada,5
202510,IP,Normal pico,4,17,Abierta,1
202510,IP,Normal pico,4,17,Atendida,7
202510,IP,Normal pico,4,17,Cancelada,7
202510,IP,Normal pico,4,17,Cola,1
202510,IP,Normal pico,4,17,No asistió,3
202510,IP,Normal pico,5,8,Abierta,1
202510,IP,Normal pico,5,8,Atendida,2
202510,IP,Normal pico,5,8,Cancelada,7
202510,IP,Normal pico,5,9,Atendida,7
202510,IP,Normal pico,5,9,Cancelada,3
202510,IP,Normal pico,5,9,No asistió,1
202510,IP,Normal pico,5,11,Abierta,1
202510,IP,Normal pico,5,11,Atendida,7
202510,IP,Normal pico,5,11,Cancelada,8
202510,IP,Normal pico,5,11,No asistió,2
202510,IP,Normal pico,5,12,Atendida,9
202510,IP,Normal pico,5,12,Cancelada,3
202510,IP,Normal pico,5,14,Atendida,5
202510,IP,Normal pico,5,14,Cancelada,6
202510,IP,Normal pico,5,15,Atendida,8
202510,IP,Normal pico,5,15,Cancelada,3
202510,IP,Normal pico,5,15,No asistió,2
202510,IP,Normal pico,5,17,Atendida,7
202510,IP,Normal pico,5,17,Cancelada,7
202510,IP,Normal pico,5,17,Cola,1
202510,IP,Normal pico,5,17,No asistió,4
202510,IP Honores,Express,1,9,Cancelada,1
202510,IP Honores,Express,1,10,No asistió,1
202510,IP Honores,Express,3,10,Abierta,1
202510,IP Honores,Normal pico,1,8,Cancelada,1
202510,IP Honores,Normal pico,3,11,Atendida,1
202510,IP Honores,Normal pico,3,11,No asistió,1
202510,IP Honores,Normal pico,5,14,No asistió,1
202510,Sala,Sala,4,11,Atendida,2
202510,Sala,Sala,4,11,Cancelada,1
202519,EDA,Normal,3,10,Atendida,1
202519,EDA,Normal,4,11,Atendida,1
202519,EDA,Normal,5,9,Atendida,1
202519,IP,Normal,2,11,Atendida,3
202519,IP,Normal,2,11,Cola,1
202519,IP,Normal,2,14,Atendida,2
202519,IP,Normal,2,14,Cancelada,1
202519,IP,Normal,2,15,Abierta,1
202519,IP,Normal,2,15,Atendida,1
202519,IP,Normal,2,15,Cancelada,1
202519,IP,Normal,3,11,Atendida,3
202519,IP,Normal,3,14,Atendida,4
202519,IP,Normal,3,14,Cancelada,1
202519,IP,Normal,4,10,Abierta,1
202519,IP,Normal,4,10,Cola,1
202519,IP,Normal,4,14,Atendida,2
202519,IP,Normal,4,14,Cancelada,1
202519,IP,Normal,4,14,No asistió,1
202519,IP,Normal,4,15,Atendida,2
202519,IP,Normal,4,15,Cancelada,1
202519,IP,Normal,4,15,Cola,1
202519,IP,Normal,4,15,No asistió,1
202519,IP,Normal,5,9,Atendida,1
202519,IP,Normal,5,9,Cancelada,1
202519,IP,Normal,5,10,Atendida,1
202519,IP,Normal,5,10,Cancelada,2
202519,IP,Normal,5,11,Cancelada,1
202520,EDA,Express,5,13,Atendida,4
202520,EDA,Express,5,13,Cancelada,4
202520,EDA,Express,5,13,Cola,3
202520,EDA,Express,5,13,No asistió,1
202520,EDA,Express,5,15,Abierta,2
202520,EDA,Express,5,15,Atendida,2
202520,EDA,Express,5,15,Cancelada,3
202520,EDA,Normal,1,11,Abierta,1
202520,EDA,Normal,1,11,Atendida,4
202520,EDA,Normal,1,11,Cancelada,1
202520,EDA,Normal,1,11,Cola,2
202520,EDA,Normal,1,12,Abierta,2
202520,EDA,Normal,1,12,Atendida,2
202520,EDA,Normal,1,12,Cancelada,1
202520,EDA,Normal,1,12,Cola,3
202520,EDA,Normal,1,14,Atendida,4
202520,EDA,Normal,1,14,Cola,1
202520,EDA,Normal,2,14,Atendida,7
202520,EDA,Normal,2,14,Cancelada,2
202520,EDA,Normal,2,14,Cola,4
202520,EDA,Normal,2,14,No asistió,3
202520,EDA,Normal,2,17,Atendida,4
202520,EDA,Normal,2,17,Cancelada,2
202520,EDA,Normal,3,14,Abierta,1
202520,EDA,Normal,3,14,Atendida,3
202520,EDA,Normal,3,14,Cancelada,4
202520,EDA,Normal,3,14,Cola,7
202520,EDA,Normal,3,14,No asistió,2
202520,EDA,Normal,4,14,Atendida,3
202520,EDA,Normal,4,14,Cancelada,1
202520,EDA,Normal,4,14,Cola,2
202520,EDA,Normal,4,14,No asistió,1
202520,EDA,Normal,5,14,Abierta,2
202520,EDA,Normal,5,14,Cancelada,3
202520,EDA,Normal,5,14,No asistió,4
202520,Entrevista,Entrevistas,1,9,Atendida,1
202520,Entrevista,Entrevistas,1,10,Atendida,3
202520,Entrevista,Entrevistas,1,11,Atendida,2
202520,Entrevista,Entrevistas,1,11,Cancelada,1
202520,Entrevista,Entrevistas,1,12,Atendida,2
202520,Entrevista,Entrevistas,1,13,Atendida,1
202520,Entrevista,Entrevistas,1,13,Cancelada,1
202520,Entrevista,Entrevistas,1,14,Atendida,1
202520,Entrevista,Entrevistas,1,14,Cola,1
202520,Entrevista,Entrevistas,1,17,Cancelada,1
202520,Entrevista,Entrevistas,2,9,Atendida,1
202520,Entrevista,Entrevistas,2,9,Cancelada,1
202520,Entrevista,Entrevistas,2,11,Cancelada,1
202520,Entrevista,Entrevistas,2,11,No asistió,1
202520,Entrevista,Entrevistas,2,12,Atendida,1
202520,Entrevista,Entrevistas,2,12,Cancelada,2
202520,Entrevista,Entrevistas,2,14,Cancelada,1
202520,Entrevista,Entrevistas,2,15,Atendida,1
202520,Entrevista,Entrevistas,2,17,No asistió,1
202520,Entrevista,Entrevistas,3,11,Atendida,1
202520,Entrevista,Entrevistas,3,11,Cancelada,1
202520,Entrevista,Entrevistas,3,12,No asistió,1
202520,Entrevista,Entrevistas,3,13,Atendida,2
202520,Entrevista,Entrevistas,3,13,Cancelada,1
202520,Entrevista,Entrevistas,3,14,Atendida,1
202520,Entrevista,Entrevistas,3,15,No asistió,1
202520,Entrevista,Entrevistas,4,9,Atendida,1
202520,Entrevista,Entrevistas,4,10,Cancelada,1
202520,Entrevista,Entrevistas,4,12,Atendida,1
202520,Entrevista,Entrevistas,4,13,Cancelada,3
202520,Entrevista,Entrevistas,4,15,No asistió,1
202520,Entrevista,Entrevistas,5,8,Atendida,2
202520,Entrevista,Entrevistas,5,9,Atendida,2
202520,Entrevista,Entrevistas,5,9,Cancelada,1
202520,Entrevista,Entrevistas,5,10,Atendida,1
202520,Entrevista,Entrevistas,5,10,Cancelada,2
202520,Entrevista,Entrevistas,5,11,Atendida,2
202520,Entrevista,Entrevistas,5,12,Atendida,2
202520,Entrevista,Entrevistas,5,12,Cancelada,1
202520,Entrevista,Entrevistas,5,13,Atendida,2
202520,Entrevista,Entrevistas,5,14,Atendida,2
202520,Entrevista,Entrevistas,5,14,Cola,1
202520,Entrevista,Entrevistas,5,15,Atendida,3
202520,Entrevista,Entrevistas,5,15,Cancelada,1
202520,Entrevista,Entrevistas,5,16,Atendida,1
202520,IP,Express,1,9,Atendida,9
202520,IP,Express,1,9,Cancelada,2
202520,IP,Express,1,10,Atendida,6
202520,IP,Express,1,12,Atendida,8
202520,IP,Express,1,12,Cancelada,3
202520,IP,Express,1,12,No asistió,3
202520,IP,Express,1,13,Atendida,2
202520,IP,Express,1,13,Cancelada,1
202520,IP,Express,1,15,Atendida,4
202520,IP,Express,1,15,Cancelada,2
202520,IP,Express,1,15,No asistió,1
202520,IP,Express,1,16,Atendida,6
202520,IP,Express,1,16,Cancelada,2
202520,IP,Express,2,9,Atendida,9
202520,IP,Express,2,9,Cancelada,5
202520,IP,Express,2,9,No asistió,2
202520,IP,Express,2,10,Atendida,8
202520,IP,Express,2,10,Cancelada,4
202520,IP,Express,2,10,Cola,2
202520,IP,Express,2,10,No asistió,3
202520,IP,Express,2,12,Atendida,5
202520,IP,Express,2,12,Cancelada,7
202520,IP,Express,2,12,Cola,1
202520,IP,Express,2,13,Abierta,1
202520,IP,Express,2,13,Atendida,11
202520,IP,Express,2,13,Cancelada,8
202520,IP,Express,2,13,No asistió,1
202520,IP,Express,2,15,Abierta,1
202520,IP,Express,2,15,Atendida,8
202520,IP,Express,2,15,Cancelada,4
202520,IP,Express,2,15,No asistió,2
202520,IP,Express,2,16,Atendida,9
202520,IP,Express,2,16,Cancelada,10
202520,IP,Express,2,16,No asistió,2
202520,IP,Express,3,9,Atendida,8
202520,IP,Express,3,9,Cancelada,5
202520,IP,Express,3,9,No asistió,1
202520,IP,Express,3,10,Abierta,1
202520,IP,Express,3,10,Atendida,21
202520,IP,Express,3,10,Cancelada,11
202520,IP,Express,3,10,Cola,2
202520,IP,Express,3,10,No asistió,3
202520,IP,Express,3,12,Abierta,1
202520,IP,Express,3,12,Atendida,13
202520,IP,Express,3,12,Cancelada,10
202520,IP,Express,3,12,Cola,1
202520,IP,Express,3,12,No asistió,4
202520,IP,Express,3,13,Abierta,1
202520,IP,Express,3,13,Atendida,16
202520,IP,Express,3,13,Cancelada,12
202520,IP,Express,3,13,No asistió,2
202520,IP,Express,3,15,Atendida,9
202520,IP,Express,3,15,Cancelada,10
202520,IP,Express,3,15,No asistió,1
202520,IP,Express,3,16,Atendida,9
202520,IP,Express,3,16,Cancelada,10
202520,IP,Express,3,16,No asistió,2
202520,IP,Express,4,9,Abierta,1
202520,IP,Express,4,9,Atendida,13
202520,IP,Express,4,9,Cancelada,9
202520,IP,Express,4,9,No asistió,2
202520,IP,Express,4,10,Abierta,1
202520,IP,Express,4,10,Atendida,12
202520,IP,Express,4,10,Cancelada,8
202520,IP,Express,4,10,Cola,3
202520,IP,Express,4,10,No asistió,3
202520,IP,Express,4,12,Abierta,2
202520,IP,Express,4,12,Atendida,9
202520,IP,Express,4,12,Cancelada,9
202520,IP,Express,4,12,Cola,4
202520,IP,Express,4,12,No asistió,3
202520,IP,Express,4,13,Atendida,13
202520,IP,Express,4,13,Cancelada,6
202520,IP,Express,4,13,No asistió,2
202520,IP,Express,4,15,Abierta,1
202520,IP,Express,4,15,Atendida,12
202520,IP,Express,4,15,Cancelada,13
202520,IP,Express,4,15,Cola,1
202520,IP,Express,4,15,No asistió,3
202520,IP,Express,4,16,Abierta,1
202520,IP,Express,4,16,Atendida,4
202520,IP,Express,4,16,Cancelada,7
202520,IP,Express,4,16,No asistió,2
202520,IP,Express,5,9,Atendida,17
202520,IP,Express,5,9,Cancelada,11
202520,IP,Express,5,9,No asistió,3
202520,IP,Express,5,10,Atendida,9
202520,IP,Express,5,10,Cancelada,12
202520,IP,Express,5,10,Cola,1
202520,IP,Express,5,10,No asistió,5
202520,IP,Express,5,12,Abierta,1
202520,IP,Express,5,12,Atendida,15
202520,IP,Express,5,12,Cancelada,15
202520,IP,Express,5,12,Cola,2
202520,IP,Express,5,12,No asistió,3
202520,IP,Express,5,13,Abierta,1
202520,IP,Express,5,13,Atendida,11
202520,IP,Express,5,13,Cancelada,8
202520,IP,Express,5,13,No asistió,3
202520,IP,Express,5,15,Abierta,1
202520,IP,Express,5,15,Atendida,3
202520,IP,Express,5,15,Cancelada,5
202520,IP,Express,5,15,No asistió,2
202520,IP,Express,5,16,Abierta,1
202520,IP,Express,5,16,Atendida,3
202520,IP,Express,5,16,Cancelada,3
202520,IP,Express,5,16,No asistió,3
202520,IP,Normal,1,8,Atendida,5
202520,IP,Normal,1,8,Cancelada,1
202520,IP,Normal,1,9,Atendida,11
202520,IP,Normal,1,9,Cancelada,2
202520,IP,Normal,1,9,Cola,1
202520,IP,Normal,1,11,Atendida,21
202520,IP,Normal,1,11,Cancelada,4
202520,IP,Normal,1,11,Cola,2
202520,IP,Normal,1,12,Abierta,1
202520,IP,Normal,1,12,Atendida,15
202520,IP,Normal,1,12,Cancelada,4
202520,IP,Normal,1,12,Cola,1
202520,IP,Normal,1,12,No asistió,1
202520,IP,Normal,1,14,Abierta,1
202520,IP,Normal,1,14,Atendida,8
202520,IP,Normal,1,14,Cancelada,4
202520,IP,Normal,1,14,Cola,1
202520,IP,Normal,1,14,No asistió,1
202520,IP,Normal,1,15,Atendida,12
202520,IP,Normal,1,15,Cancelada,5
202520,IP,Normal,1,15,Cola,1
202520,IP,Normal,1,17,Atendida,6
202520,IP,Normal,1,17,No asistió,2
202520,IP,Normal,2,8,Atendida,15
202520,IP,Normal,2,8,Cancelada,13
202520,IP,Normal,2,8,Cola,2
202520,IP,Normal,2,8,No asistió,1
202520,IP,Normal,2,9,Abierta,1
202520,IP,Normal,2,9,Atendida,28
202520,IP,Normal,2,9,Cancelada,8
202520,IP,Normal,2,9,Cola,6
202520,IP,Normal,2,9,No asistió,2
202520,IP,Normal,2,11,Abierta,2
202520,IP,Normal,2,11,Atendida,28
202520,IP,Normal,2,11,Cancelada,21
202520,IP,Normal,2,11,Cola,5
202520,IP,Normal,2,11,No asistió,2
202520,IP,Normal,2,12,Atendida,21
202520,IP,Normal,2,12,Cancelada,10
202520,IP,Normal,2,12,Cola,3
202520,IP,Normal,2,12,No asistió,1
202520,IP,Normal,2,14,Atendida,21
202520,IP,Normal,2,14,Cancelada,6
202520,IP,Normal,2,14,Cola,4
202520,IP,Normal,2,14,No asistió,2
202520,IP,Normal,2,15,Atendida,11
202520,IP,Normal,2,15,Cancelada,4
202520,IP,Normal,2,15,Cola,5
202520,IP,Normal,2,15,No asistió,2
202520,IP,Normal,2,17,Atendida,16
202520,IP,Normal,2,17,Cancelada,6
202520,IP,Normal,2,17,Cola,2
202520,IP,Normal,2,17,No asistió,1
202520,IP,Normal,3,8,Abierta,1
202520,IP,Normal,3,8,Atendida,15
202520,IP,Normal,3,8,Cancelada,7
202520,IP,Normal,3,8,Cola,1
202520,IP,Normal,3,8,No asistió,3
202520,IP,Normal,3,9,Abierta,3
202520,IP,Normal,3,9,Atendida,45
202520,IP,Normal,3,9,Cancelada,16
202520,IP,Normal,3,9,Cola,5
202520,IP,Normal,3,9,No asistió,4
202520,IP,Normal,3,11,Abierta,6
202520,IP,Normal,3,11,Atendida,32
202520,IP,Normal,3,11,Cancelada,20
202520,IP,Normal,3,11,Cola,5
202520,IP,Normal,3,11,No asistió,10
202520,IP,Normal,3,12,Abierta,2
202520,IP,Normal,3,12,Atendida,21
202520,IP,Normal,3,12,Cancelada,8
202520,IP,Normal,3,12,Cola,5
202520,IP,Normal,3,14,Atendida,31
202520,IP,Normal,3,14,Cancelada,12
202520,IP,Normal,3,14,Cola,6
202520,IP,Normal,3,14,No asistió,4
202520,IP,Normal,3,15,Abierta,1
202520,IP,Normal,3,15,Atendida,20
202520,IP,Normal,3,15,Cancelada,12
202520,IP,Normal,3,15,Cola,2
202520,IP,Normal,3,15,No asistió,1
202520,IP,Normal,3,17,Atendida,14
202520,IP,Normal,3,17,Cancelada,7
202520,IP,Normal,4,8,Abierta,3
202520,IP,Normal,4,8,Atendida,20
202520,IP,Normal,4,8,Cancelada,11
202520,IP,Normal,4,8,Cola,3
202520,IP,Normal,4,8,No asistió,1
202520,IP,Normal,4,9,Atendida,25
202520,IP,Normal,4,9,Cancelada,13
202520,IP,Normal,4,9,Cola,11
202520,IP,Normal,4,9,No asistió,2
202520,IP,Normal,4,11,Abierta,3
202520,IP,Normal,4,11,Atendida,37
202520,IP,Normal,4,11,Cancelada,25
202520,IP,Normal,4,11,Cola,12
202520,IP,Normal,4,11,No asistió,4
202520,IP,Normal,4,12,Atendida,31
202520,IP,Normal,4,12,Cancelada,16
202520,IP,Normal,4,12,Cola,7
202520,IP,Normal,4,14,Atendida,18
202520,IP,Normal,4,14,Cancelada,12
202520,IP,Normal,4,14,Cola,3
202520,IP,Normal,4,14,No asistió,4
202520,IP,Normal,4,15,Abierta,2
202520,IP,Normal,4,15,Atendida,31
202520,IP,Normal,4,15,Cancelada,16
202520,IP,Normal,4,15,Cola,5
202520,IP,Normal,4,15,No asistió,4
202520,IP,Normal,4,17,Atendida,11
202520,IP,Normal,4,17,Cancelada,2
202520,IP,Normal,4,17,Cola,2
202520,IP,Normal,4,17,No asistió,1
202520,IP,Normal,5,8,Atendida,18
202520,IP,Normal,5,8,Cancelada,14
202520,IP,Normal,5,8,Cola,3
202520,IP,Normal,5,8,No asistió,3
202520,IP,Normal,5,9,Abierta,1
202520,IP,Normal,5,9,Atendida,31
202520,IP,Normal,5,9,Cancelada,11
202520,IP,Normal,5,9,Cola,13
202520,IP,Normal,5,9,No asistió,1
202520,IP,Normal,5,11,Abierta,1
202520,IP,Normal,5,11,Atendida,35
202520,IP,Normal,5,11,Cancelada,17
202520,IP,Normal,5,11,Cola,9
202520,IP,Normal,5,11,No asistió,4
202520,IP,Normal,5,12,Abierta,1
202520,IP,Normal,5,12,Atendida,28
202520,IP,Normal,5,12,Cancelada,14
202520,IP,Normal,5,12,Cola,4
202520,IP,Normal,5,12,No asistió,2
202520,IP,Normal,5,14,Abierta,3
202520,IP,Normal,5,14,Atendida,14
202520,IP,Normal,5,14,Cancelada,11
202520,IP,Normal,5,14,Cola,2
202520,IP,Normal,5,14,No asistió,2
202520,IP,Normal,5,15,Abierta,2
202520,IP,Normal,5,15,Atendida,7
202520,IP,Normal,5,15,Cancelada,7
202520,IP,Normal,5,15,Cola,1
202520,IP,Normal,5,15,No asistió,2
202520,IP,Normal,5,17,Abierta,1
202520,IP,Normal,5,17,Atendida,6
202520,IP,Normal,5,17,Cancelada,2
202520,IP,Normal,5,17,Cola,3
202520,IP,Normal,5,17,No asistió,1
202520,IP,Normal pico,1,8,Atendida,3
202520,IP,Normal pico,1,9,Atendida,1
202520,IP,Normal pico,1,9,Cancelada,1
202520,IP,Normal pico,1,9,No asistió,1
202520,IP,Normal pico,1,11,Atendida,4
202520,IP,Normal pico,1,11,Cancelada,1
202520,IP,Normal pico,1,11,Cola,4
202520,IP,Normal pico,1,12,Atendida,2
202520,IP,Normal pico,1,12,Cancelada,2
202520,IP,Normal pico,1,14,Atendida,4
202520,IP,Normal pico,1,14,Cancelada,4
202520,IP,Normal pico,1,14,Cola,1
202520,IP,Normal pico,1,15,Atendida,5
202520,IP,Normal pico,1,15,Cancelada,4
202520,IP,Normal pico,1,17,Abierta,1
202520,IP,Normal pico,1,17,Atendida,5
202520,IP,Normal pico,1,17,Cancelada,2
202520,IP,Normal pico,1,17,Cola,1
202520,IP,Normal pico,1,17,No asistió,1
202520,IP,Normal pico,2,8,Atendida,6
202520,IP,Normal pico,2,8,Cancelada,2
202520,IP,Normal pico,2,8,Cola,5
202520,IP,Normal pico,2,8,No asistió,2
202520,IP,Normal pico,2,9,Atendida,2
202520,IP,Normal pico,2,9,Cancelada,4
202520,IP,Normal pico,2,11,Atendida,3
202520,IP,Normal pico,2,11,Cancelada,7
202520,IP,Normal pico,2,11,No asistió,2
202520,IP,Normal pico,2,12,Atendida,2
202520,IP,Normal pico,2,12,Cancelada,1
202520,IP,Normal pico,2,12,No asistió,1
202520,IP,Normal pico,2,14,Abierta,1
202520,IP,Normal pico,2,14,Atendida,2
202520,IP,Normal pico,2,14,Cancelada,2
202520,IP,Normal pico,2,15,Atendida,3
202520,IP,Normal pico,2,17,Atendida,6
202520,IP,Normal pico,2,17,Cancelada,9
202520,IP,Normal pico,2,17,No asistió,2
202520,IP,Normal pico,3,8,Atendida,6
202520,IP,Normal pico,3,8,Cancelada,5
202520,IP,Normal pico,3,8,Cola,8
202520,IP,Normal pico,3,9,Atendida,4
202520,IP,Normal pico,3,9,Cancelada,2
202520,IP,Normal pico,3,9,Cola,4
202520,IP,Normal pico,3,9,No asistió,1
202520,IP,Normal pico,3,11,Atendida,6
202520,IP,Normal pico,3,11,Cancelada,4
202520,IP,Normal pico,3,12,Abierta,2
202520,IP,Normal pico,3,12,Atendida,4
202520,IP,Normal pico,3,12,Cancelada,1
202520,IP,Normal pico,3,12,No asistió,2
202520,IP,Normal pico,3,14,Abierta,2
202520,IP,Normal pico,3,14,Atendida,7
202520,IP,Normal pico,3,14,Cancelada,7
202520,IP,Normal pico,3,15,Abierta,1
202520,IP,Normal pico,3,15,Atendida,4
202520,IP,Normal pico,3,15,Cancelada,2
202520,IP,Normal pico,3,15,No asistió,1
202520,IP,Normal pico,3,17,Atendida,7
202520,IP,Normal pico,3,17,Cancelada,8
202520,IP,Normal pico,4,8,Atendida,1
202520,IP,Normal pico,4,8,Cancelada,1
202520,IP,Normal pico,4,8,No asistió,2
202520,IP,Normal pico,4,9,Atendida,4
202520,IP,Normal pico,4,9,Cancelada,2
202520,IP,Normal pico,4,9,No asistió,1
202520,IP,Normal pico,4,11,Atendida,3
202520,IP,Normal pico,4,11,Cancelada,4
202520,IP,Normal pico,4,11,No asistió,1
202520,IP,Normal pico,4,12,Atendida,2
202520,IP,Normal pico,4,12,Cancelada,2
202520,IP,Normal pico,4,12,No asistió,1
202520,IP,Normal pico,4,14,Atendida,5
202520,IP,Normal pico,4,14,Cancelada,2
202520,IP,Normal pico,4,15,Atendida,2
202520,IP,Normal pico,4,15,Cancelada,1
202520,IP,Normal pico,4,17,Abierta,1
202520,IP,Normal pico,4,17,Atendida,6
202520,IP,Normal pico,4,17,Cancelada,5
202520,IP,Normal pico,4,17,No asistió,2
202520,IP,Normal pico,5,8,Atendida,3
202520,IP,Normal pico,5,8,Cancelada,2
202520,IP,Normal pico,5,8,Cola,2
202520,IP,Normal pico,5,9,Atendida,2
202520,IP,Normal pico,5,9,Cancelada,1
202520,IP,Normal pico,5,11,Atendida,2
202520,IP,Normal pico,5,11,Cancelada,2
202520,IP,Normal pico,5,11,No asistió,2
202520,IP,Normal pico,5,12,Atendida,2
202520,IP,Normal pico,5,12,Cancelada,1
202520,IP,Normal pico,5,12,No asistió,1
202520,IP,Normal pico,5,14,Abierta,1
202520,IP,Normal pico,5,14,Cancelada,1
202520,IP,Normal pico,5,14,No asistió,2
202520,IP,Normal pico,5,15,Abierta,1
202520,IP,Normal pico,5,15,Atendida,2
202520,IP,Normal pico,5,15,Cancelada,2
202520,IP,Normal pico,5,15,Cola,1
202520,IP,Normal pico,5,17,Atendida,1
202520,IP,Normal pico,5,17,Cola,1
202520,Sala,Sala,2,15,Atendida,2
202520,Sala,Sala,2,16,Atendida,4
202520,Sala,Sala,3,16,Atendida,2
202520,Sala,Sala,3,17,Atendida,2
202610,EDA,Express,1,16,Abierta,2
202610,EDA,Express,1,16,Atendida,1
202610,EDA,Express,1,16,Cola,1
202610,EDA,Express,3,13,Abierta,1
202610,EDA,Express,3,13,Atendida,2
202610,EDA,Express,3,13,Cancelada,3
202610,EDA,Express,3,13,Cola,1
202610,EDA,Express,3,13,No asistió,2
202610,EDA,Express,4,12,Atendida,1
202610,EDA,Express,4,12,Cancelada,2
202610,EDA,Express,4,12,No asistió,1
202610,EDA,Express,4,13,Atendida,5
202610,EDA,Express,4,13,Cancelada,1
202610,EDA,Express,4,13,Cola,1
202610,EDA,Express,4,13,No asistió,1
202610,EDA,Express,5,12,Atendida,2
202610,EDA,Express,5,12,Cancelada,1
202610,EDA,Express,5,12,No asistió,1
202610,EDA,Express,5,13,Atendida,3
202610,EDA,Express,5,13,Cancelada,3
202610,EDA,Express,5,13,No asistió,1
202610,EDA,Normal,1,17,Abierta,1
202610,EDA,Normal,1,17,Atendida,5
202610,EDA,Normal,1,17,Cancelada,1
202610,EDA,Normal,3,12,Atendida,3
202610,EDA,Normal,3,12,Cancelada,7
202610,EDA,Normal,3,12,Cola,1
202610,EDA,Normal,3,14,Abierta,2
202610,EDA,Normal,3,14,Atendida,5
202610,EDA,Normal,3,14,Cola,5
202610,EDA,Normal,3,14,No asistió,3
202610,EDA,Normal,4,11,Atendida,4
202610,EDA,Normal,4,11,Cancelada,3
202610,EDA,Normal,4,11,Cola,1
202610,EDA,Normal,4,11,No asistió,1
202610,EDA,Normal,4,12,Atendida,6
202610,EDA,Normal,4,12,Cancelada,4
202610,EDA,Normal,4,12,Cola,2
202610,EDA,Normal,4,12,No asistió,1
202610,EDA,Normal,5,11,Atendida,4
202610,EDA,Normal,5,11,Cancelada,3
202610,EDA,Normal,5,12,Atendida,3
202610,EDA,Normal,5,12,Cancelada,1
202610,EDA,Normal,5,12,Cola,1
202610,Entrevista,Entrevistas,1,9,Atendida,1
202610,Entrevista,Entrevistas,2,9,Abierta,1
202610,Entrevista,Entrevistas,2,9,Atendida,2
202610,Entrevista,Entrevistas,2,10,Atendida,2
202610,Entrevista,Entrevistas,2,10,Cancelada,1
202610,Entrevista,Entrevistas,2,11,Atendida,1
202610,Entrevista,Entrevistas,2,11,Cancelada,2
202610,Entrevista,Entrevistas,2,12,Cancelada,1
202610,Entrevista,Entrevistas,2,14,Atendida,2
202610,Entrevista,Entrevistas,2,15,Cancelada,1
202610,Entrevista,Entrevistas,3,11,Atendida,2
202610,Entrevista,Entrevistas,3,11,Cancelada,1
202610,Entrevista,Entrevistas,3,12,Atendida,2
202610,Entrevista,Entrevistas,3,13,Cancelada,1
202610,Entrevista,Entrevistas,3,14,Cancelada,1
202610,Entrevista,Entrevistas,3,15,Cancelada,1
202610,Entrevista,Entrevistas,3,16,Cancelada,1
202610,Entrevista,Entrevistas,4,9,Atendida,1
202610,Entrevista,Entrevistas,4,9,Cancelada,1
202610,Entrevista,Entrevistas,4,10,Atendida,2
202610,Entrevista,Entrevistas,4,10,Cancelada,1
202610,Entrevista,Entrevistas,4,11,Atendida,2
202610,Entrevista,Entrevistas,4,11,Cancelada,1
202610,Entrevista,Entrevistas,4,12,Cancelada,1
202610,Entrevista,Entrevistas,4,12,Cola,1
202610,Entrevista,Entrevistas,4,12,No asistió,1
202610,Entrevista,Entrevistas,4,13,Atendida,1
202610,Entrevista,Entrevistas,4,13,Cancelada,1
202610,Entrevista,Entrevistas,4,14,Atendida,2
202610,Entrevista,Entrevistas,4,15,Atendida,1
202610,Entrevista,Entrevistas,4,16,Cancelada,1
202610,Entrevista,Entrevistas,5,9,Atendida,2
202610,Entrevista,Entrevistas,5,9,Cancelada,1
202610,Entrevista,Entrevistas,5,11,Atendida,3
202610,Entrevista,Entrevistas,5,12,Atendida,2
202610,Entrevista,Entrevistas,5,13,Atendida,1
202610,Entrevista,Entrevistas,5,13,Cancelada,2
202610,Entrevista,Entrevistas,5,14,Cancelada,1
202610,Entrevista,Entrevistas,5,15,No asistió,1
202610,Entrevista,Entrevistas,5,17,Cancelada,1
202610,Entrevista,Entrevistas,5,17,No asistió,1
202610,IP,Express,1,9,Atendida,10
202610,IP,Express,1,9,Cancelada,3
202610,IP,Express,1,10,Atendida,5
202610,IP,Express,1,10,Cancelada,2
202610,IP,Express,1,10,No asistió,2
202610,IP,Express,1,12,Abierta,1
202610,IP,Express,1,12,Atendida,13
202610,IP,Express,1,12,Cancelada,2
202610,IP,Express,1,12,Cola,1
202610,IP,Express,1,13,Atendida,5
202610,IP,Express,1,13,Cancelada,5
202610,IP,Express,1,15,Atendida,11
202610,IP,Express,1,15,Cancelada,3
202610,IP,Express,1,15,No asistió,4
202610,IP,Express,1,16,Atendida,6
202610,IP,Express,1,16,Cancelada,2
202610,IP,Express,1,16,No asistió,2
202610,IP,Express,2,9,Atendida,19
202610,IP,Express,2,9,Cancelada,4
202610,IP,Express,2,9,Cola,4
202610,IP,Express,2,10,Abierta,1
202610,IP,Express,2,10,Atendida,16
202610,IP,Express,2,10,Cancelada,10
202610,IP,Express,2,10,No asistió,2
202610,IP,Express,2,12,Atendida,11
202610,IP,Express,2,12,Cancelada,7
202610,IP,Express,2,12,Cola,1
202610,IP,Express,2,12,No asistió,2
202610,IP,Express,2,13,Atendida,5
202610,IP,Express,2,13,Cancelada,1
202610,IP,Express,2,13,Cola,1
202610,IP,Express,2,15,Atendida,7
202610,IP,Express,2,15,Cancelada,7
202610,IP,Express,2,15,No asistió,1
202610,IP,Express,2,16,Atendida,12
202610,IP,Express,2,16,Cancelada,4
202610,IP,Express,2,16,Cola,1
202610,IP,Express,2,16,No asistió,2
202610,IP,Express,3,9,Atendida,14
202610,IP,Express,3,9,Cancelada,9
202610,IP,Express,3,9,No asistió,2
202610,IP,Express,3,10,Abierta,1
202610,IP,Express,3,10,Atendida,10
202610,IP,Express,3,10,Cancelada,9
202610,IP,Express,3,10,No asistió,8
202610,IP,Express,3,12,Abierta,2
202610,IP,Express,3,12,Atendida,6
202610,IP,Express,3,12,Cancelada,5
202610,IP,Express,3,12,No asistió,2
202610,IP,Express,3,13,Abierta,3
202610,IP,Express,3,13,Atendida,9
202610,IP,Express,3,13,Cancelada,4
202610,IP,Express,3,13,Cola,1
202610,IP,Express,3,13,No asistió,2
202610,IP,Express,3,15,Atendida,12
202610,IP,Express,3,15,Cancelada,8
202610,IP,Express,3,15,Cola,1
202610,IP,Express,3,15,No asistió,2
202610,IP,Express,3,16,Atendida,12
202610,IP,Express,3,16,Cancelada,4
202610,IP,Express,3,16,No asistió,3
202610,IP,Express,4,9,Atendida,12
202610,IP,Express,4,9,Cancelada,8
202610,IP,Express,4,9,No asistió,1
202610,IP,Express,4,10,Atendida,14
202610,IP,Express,4,10,Cancelada,10
202610,IP,Express,4,10,No asistió,3
202610,IP,Express,4,12,Abierta,3
202610,IP,Express,4,12,Atendida,7
202610,IP,Express,4,12,Cancelada,11
202610,IP,Express,4,12,No asistió,3
202610,IP,Express,4,13,Atendida,10
202610,IP,Express,4,13,Cancelada,7
202610,IP,Express,4,13,No asistió,3
202610,IP,Express,4,15,Atendida,14
202610,IP,Express,4,15,Cancelada,8
202610,IP,Express,4,16,Atendida,9
202610,IP,Express,4,16,Cancelada,7
202610,IP,Express,5,9,Atendida,10
202610,IP,Express,5,9,Cancelada,8
202610,IP,Express,5,9,Cola,1
202610,IP,Express,5,9,No asistió,2
202610,IP,Express,5,10,Abierta,2
202610,IP,Express,5,10,Atendida,12
202610,IP,Express,5,10,Cancelada,10
202610,IP,Express,5,10,Cola,2
202610,IP,Express,5,10,No asistió,1
202610,IP,Express,5,12,Atendida,13
202610,IP,Express,5,12,Cancelada,4
202610,IP,Express,5,12,Cola,1
202610,IP,Express,5,12,No asistió,3
202610,IP,Express,5,13,Atendida,10
202610,IP,Express,5,13,Cancelada,3
202610,IP,Express,5,13,Cola,2
202610,IP,Express,5,13,No asistió,3
202610,IP,Express,5,15,Atendida,6
202610,IP,Express,5,15,Cancelada,2
202610,IP,Express,5,15,Cola,1
202610,IP,Express,5,15,No asistió,5
202610,IP,Express,5,16,Atendida,3
202610,IP,Express,5,16,Cancelada,2
202610,IP,Express,5,16,No asistió,2
202610,IP,Normal,1,8,Atendida,19
202610,IP,Normal,1,8,Cancelada,3
202610,IP,Normal,1,8,No asistió,1
202610,IP,Normal,1,9,Atendida,13
202610,IP,Normal,1,9,Cancelada,1
202610,IP,Normal,1,9,Cola,1
202610,IP,Normal,1,11,Atendida,18
202610,IP,Normal,1,11,Cancelada,4
202610,IP,Normal,1,11,Cola,4
202610,IP,Normal,1,11,No asistió,5
202610,IP,Normal,1,12,Atendida,18
202610,IP,Normal,1,12,Cancelada,1
202610,IP,Normal,1,12,Cola,1
202610,IP,Normal,1,12,No asistió,1
202610,IP,Normal,1,14,Atendida,16
202610,IP,Normal,1,14,Cancelada,4
202610,IP,Normal,1,14,Cola,3
202610,IP,Normal,1,14,No asistió,2
202610,IP,Normal,1,15,Atendida,17
202610,IP,Normal,1,15,Cancelada,1
202610,IP,Normal,1,15,No asistió,1
202610,IP,Normal,1,17,Atendida,14
202610,IP,Normal,1,17,Cancelada,4
202610,IP,Normal,1,17,Cola,2
202610,IP,Normal,2,8,Atendida,21
202610,IP,Normal,2,8,Cancelada,10
202610,IP,Normal,2,8,Cola,5
202610,IP,Normal,2,8,No asistió,1
202610,IP,Normal,2,9,Atendida,25
202610,IP,Normal,2,9,Cancelada,6
202610,IP,Normal,2,9,Cola,6
202610,IP,Normal,2,9,No asistió,1
202610,IP,Normal,2,11,Atendida,27
202610,IP,Normal,2,11,Cancelada,7
202610,IP,Normal,2,11,Cola,4
202610,IP,Normal,2,12,Atendida,5
202610,IP,Normal,2,12,Cancelada,7
202610,IP,Normal,2,12,Cola,6
202610,IP,Normal,2,14,Abierta,1
202610,IP,Normal,2,14,Atendida,18
202610,IP,Normal,2,14,Cancelada,8
202610,IP,Normal,2,14,Cola,3
202610,IP,Normal,2,14,No asistió,2
202610,IP,Normal,2,15,Atendida,17
202610,IP,Normal,2,15,Cancelada,8
202610,IP,Normal,2,15,Cola,1
202610,IP,Normal,2,17,Atendida,13
202610,IP,Normal,2,17,Cancelada,5
202610,IP,Normal,2,17,Cola,1
202610,IP,Normal,3,8,Abierta,1
202610,IP,Normal,3,8,Atendida,11
202610,IP,Normal,3,8,Cancelada,5
202610,IP,Normal,3,8,Cola,9
202610,IP,Normal,3,8,No asistió,3
202610,IP,Normal,3,9,Atendida,40
202610,IP,Normal,3,9,Cancelada,14
202610,IP,Normal,3,9,Cola,4
202610,IP,Normal,3,9,No asistió,1
202610,IP,Normal,3,11,Atendida,48
202610,IP,Normal,3,11,Cancelada,16
202610,IP,Normal,3,11,Cola,6
202610,IP,Normal,3,11,No asistió,3
202610,IP,Normal,3,12,Abierta,1
202610,IP,Normal,3,12,Atendida,18
202610,IP,Normal,3,12,Cancelada,8
202610,IP,Normal,3,12,Cola,4
202610,IP,Normal,3,12,No asistió,3
202610,IP,Normal,3,14,Atendida,29
202610,IP,Normal,3,14,Cancelada,8
202610,IP,Normal,3,14,Cola,6
202610,IP,Normal,3,14,No asistió,2
202610,IP,Normal,3,15,Atendida,23
202610,IP,Normal,3,15,Cancelada,8
202610,IP,Normal,3,15,Cola,4
202610,IP,Normal,3,15,No asistió,3
202610,IP,Normal,3,17,Atendida,21
202610,IP,Normal,3,17,Cancelada,4
202610,IP,Normal,3,17,Cola,4
202610,IP,Normal,3,17,No asistió,1
202610,IP,Normal,4,8,Abierta,2
202610,IP,Normal,4,8,Atendida,36
202610,IP,Normal,4,8,Cancelada,20
202610,IP,Normal,4,8,Cola,1
202610,IP,Normal,4,8,No asistió,1
202610,IP,Normal,4,9,Atendida,32
202610,IP,Normal,4,9,Cancelada,13
202610,IP,Normal,4,9,Cola,4
202610,IP,Normal,4,9,No asistió,4
202610,IP,Normal,4,11,Abierta,2
202610,IP,Normal,4,11,Atendida,34
202610,IP,Normal,4,11,Cancelada,17
202610,IP,Normal,4,11,Cola,3
202610,IP,Normal,4,11,No asistió,2
202610,IP,Normal,4,12,Atendida,12
202610,IP,Normal,4,12,Cancelada,11
202610,IP,Normal,4,12,Cola,2
202610,IP,Normal,4,14,Abierta,1
202610,IP,Normal,4,14,Atendida,32
202610,IP,Normal,4,14,Cancelada,11
202610,IP,Normal,4,14,Cola,3
202610,IP,Normal,4,14,No asistió,6
202610,IP,Normal,4,15,Atendida,12
202610,IP,Normal,4,15,Cancelada,13
202610,IP,Normal,4,15,Cola,2
202610,IP,Normal,4,17,Abierta,1
202610,IP,Normal,4,17,Atendida,8
202610,IP,Normal,4,17,Cancelada,7
202610,IP,Normal,4,17,Cola,2
202610,IP,Normal,4,17,No asistió,2
202610,IP,Normal,5,8,Atendida,21
202610,IP,Normal,5,8,Cancelada,12
202610,IP,Normal,5,8,No asistió,2
202610,IP,Normal,5,9,Abierta,1
202610,IP,Normal,5,9,Atendida,23
202610,IP,Normal,5,9,Cancelada,18
202610,IP,Normal,5,9,Cola,2
202610,IP,Normal,5,9,No asistió,1
202610,IP,Normal,5,11,Abierta,2
202610,IP,Normal,5,11,Atendida,20
202610,IP,Normal,5,11,Cancelada,13
202610,IP,Normal,5,11,Cola,3
202610,IP,Normal,5,11,No asistió,4
202610,IP,Normal,5,12,Atendida,16
202610,IP,Normal,5,12,Cancelada,8
202610,IP,Normal,5,12,Cola,4
202610,IP,Normal,5,12,No asistió,3
202610,IP,Normal,5,14,Abierta,1
202610,IP,Normal,5,14,Atendida,14
202610,IP,Normal,5,14,Cancelada,6
202610,IP,Normal,5,14,Cola,3
202610,IP,Normal,5,14,No asistió,1
202610,IP,Normal,5,15,Atendida,14
202610,IP,Normal,5,15,Cancelada,2
202610,IP,Normal,5,15,Cola,1
202610,IP,Normal,5,17,Atendida,5
202610,IP,Normal,5,17,Cancelada,5
202610,IP,Normal,5,17,No asistió,2
202610,IP,Normal pico,1,12,Atendida,1
202610,IP,Normal pico,1,12,Cancelada,1
202610,IP,Normal pico,1,14,Atendida,2
202610,IP,Normal pico,1,15,Atendida,3
202610,IP,Normal pico,1,15,Cancelada,3
202610,IP,Normal pico,1,17,Atendida,4
202610,IP,Normal pico,1,17,Cancelada,2
202610,IP,Normal pico,2,8,Cancelada,2
202610,IP,Normal pico,2,9,Atendida,1
202610,IP,Normal pico,2,14,Atendida,1
202610,IP,Normal pico,2,14,Cancelada,1
202610,IP,Normal pico,2,17,Atendida,1
202610,IP,Normal pico,2,17,Cancelada,2
202610,IP,Normal pico,3,8,Atendida,2
202610,IP,Normal pico,3,9,Cancelada,1
202610,IP,Normal pico,3,9,No asistió,1
202610,IP,Normal pico,3,11,Abierta,1
202610,IP,Normal pico,3,11,Atendida,2
202610,IP,Normal pico,3,12,Cancelada,1
202610,IP,Normal pico,3,15,Atendida,1
202610,IP,Normal pico,3,17,Atendida,3
202610,IP,Normal pico,3,17,Cancelada,1
202610,IP,Normal pico,4,11,Cancelada,1
202610,IP,Normal pico,4,12,Atendida,1
202610,IP,Normal pico,4,12,Cancelada,1
202610,IP,Normal pico,4,14,Cancelada,1
202610,IP,Normal pico,4,15,Atendida,1
202610,IP,Normal pico,4,15,Cancelada,1
202610,IP,Normal pico,4,17,Atendida,1
202610,IP,Normal pico,4,17,Cancelada,1
202610,IP,Normal pico,5,11,Atendida,1
202610,IP,Normal pico,5,11,Cancelada,3
202610,IP,Normal pico,5,12,Atendida,1
202610,IP,Normal pico,5,14,Atendida,1
202610,IP,Normal pico,5,15,Abierta,1
202610,IP,Normal pico,5,15,Cancelada,1
202610,IP,Normal pico,5,17,Cancelada,1
202610,Sala,Sala,1,15,Atendida,4
202610,Sala,Sala,1,16,Atendida,2
202610,Sala,Sala,1,17,Atendida,2
202610,Sala,Sala,2,8,Atendida,1
202610,Sala,Sala,2,15,Atendida,1
202610,Sala,Sala,2,16,Atendida,2
202610,Sala,Sala,3,17,Atendida,6
202610,Sala,Sala,3,17,Cancelada,2
202610,Sala,Sala,4,15,No asistió,1
202610,Sala,Sala,4,16,No asistió,2
