grupo,id_reserva,periodo_origen,archivo_origen,hoja_origen,fila_excel,bandera,accion
Encuesta Express,9232,201720,data/bronce/Bookeau/Encuesta Express/Encuesta Estudiante Express 201720.xlsx,Respuestas,74,encuesta_marcada_invalida_en_origen,Conservar y revisar; no eliminar ni sobrescribir
Encuesta Express,9399,201720,data/bronce/Bookeau/Encuesta Express/Encuesta Estudiante Express 201720.xlsx,Respuestas,103,revisar_finalizada_sin_llegada,Conservar y revisar; no eliminar ni sobrescribir
Encuesta Express,10159,201720,data/bronce/Bookeau/Encuesta Express/Encuesta Estudiante Express 201720.xlsx,Respuestas,192,revisar_finalizada_sin_llegada,Conservar y revisar; no eliminar ni sobrescribir
Encuesta Express,11976,201720,data/bronce/Bookeau/Encuesta Express/Encuesta Estudiante Express 201720.xlsx,Respuestas,417,encuesta_marcada_invalida_en_origen,Conservar y revisar; no eliminar ni sobrescribir
Encuesta Express,18855,201810,data/bronce/Bookeau/Encuesta Express/Encuesta Estudiante Express 201810.xlsx,Respuestas,14,encuesta_marcada_invalida_en_origen,Conservar y revisar; no eliminar ni sobrescribir
Encuesta Express,30321,201810,data/bronce/Bookeau/Encuesta Express/Encuesta Estudiante Express 201810.xlsx,Respuestas,190,encuesta_marcada_invalida_en_origen,Conservar y revisar; no eliminar ni sobrescribir
Encuesta Express,30570,201810,data/bronce/Bookeau/Encuesta Express/Encuesta Estudiante Express 201810.xlsx,Respuestas,210,encuesta_marcada_invalida_en_origen,Conservar y revisar; no eliminar ni sobrescribir
Encuesta Express,33346,201810,data/bronce/Bookeau/Encuesta Express/Encuesta Estudiante Express 201810.xlsx,Respuestas,254,encuesta_marcada_invalida_en_origen,Conservar y revisar; no eliminar ni sobrescribir
Encuesta Express,33331,201810,data/bronce/Bookeau/Encuesta Express/Encuesta Estudiante Express 201810.xlsx,Respuestas,266,encuesta_marcada_invalida_en_origen,Conservar y revisar; no eliminar ni sobrescribir
Encuesta Express,39094,201810,data/bronce/Bookeau/Encuesta Express/Encuesta Estudiante Express 201810.xlsx,Respuestas,340,encuesta_marcada_invalida_en_origen,Conservar y revisar; no eliminar ni sobrescribir
Encuesta Express,52437,201820,data/bronce/Bookeau/Encuesta Express/Encuesta Estudiante Express 201820.xlsx,Respuestas,52,encuesta_marcada_invalida_en_origen,Conservar y revisar; no eliminar ni sobrescribir
Encuesta Express,57389,201820,data/bronce/Bookeau/Encuesta Express/Encuesta Estudiante Express 201820.xlsx,Respuestas,170,encuesta_marcada_invalida_en_origen,Conservar y revisar; no eliminar ni sobrescribir
Encuesta Express,57409,201820,data/bronce/Bookeau/Encuesta Express/Encuesta Estudiante Express 201820.xlsx,Respuestas,204,encuesta_marcada_invalida_en_origen,Conservar y revisar; no eliminar ni sobrescribir
Encuesta Express,58140,201820,data/bronce/Bookeau/Encuesta Express/Encuesta Estudiante Express 201820.xlsx,Respuestas,210,encuesta_marcada_invalida_en_origen,Conservar y revisar; no eliminar ni sobrescribir
Encuesta Express,73409,201910,data/bronce/Bookeau/Encuesta Express/Encuesta Estudiante Express 201910.xlsx,Respuestas,9,encuesta_marcada_invalida_en_origen,Conservar y revisar; no eliminar ni sobrescribir
Encuesta Express,73439,201910,data/bronce/Bookeau/Encuesta Express/Encuesta Estudiante Express 201910.xlsx,Respuestas,10,encuesta_marcada_invalida_en_origen,Conservar y revisar; no eliminar ni sobrescribir
Encuesta Express,80409,201910,data/bronce/Bookeau/Encuesta Express/Encuesta Estudiante Express 201910.xlsx,Respuestas,120,encuesta_marcada_invalida_en_origen,Conservar y revisar; no eliminar ni sobrescribir
Encuesta Express,81280,201910,data/bronce/Bookeau/Encuesta Express/Encuesta Estudiante Express 201910.xlsx,Respuestas,136,encuesta_marcada_invalida_en_origen,Conservar y revisar; no eliminar ni sobrescribir
Encuesta Express,84224,201910,data/bronce/Bookeau/Encuesta Express/Encuesta Estudiante Express 201910.xlsx,Respuestas,157,encuesta_marcada_invalida_en_origen,Conservar y revisar; no eliminar ni sobrescribir
Encuesta Express,86435,201910,data/bronce/Bookeau/Encuesta Express/Encuesta Estudiante Express 201910.xlsx,Respuestas,192,encuesta_marcada_invalida_en_origen,Conservar y revisar; no eliminar ni sobrescribir
Encuesta Express,88871,201910,data/bronce/Bookeau/Encuesta Express/Encuesta Estudiante Express 201910.xlsx,Respuestas,239,encuesta_marcada_invalida_en_origen,Conservar y revisar; no eliminar ni sobrescribir
Encuesta Express,90365,201910,data/bronce/Bookeau/Encuesta Express/Encuesta Estudiante Express 201910.xlsx,Respuestas,266,encuesta_marcada_invalida_en_origen,Conservar y revisar; no eliminar ni sobrescribir
Encuesta Express,90457,201910,data/bronce/Bookeau/Encuesta Express/Encuesta Estudiante Express 201910.xlsx,Respuestas,267,encuesta_marcada_invalida_en_origen,Conservar y revisar; no eliminar ni sobrescribir
Encuesta Express,93018,201910,data/bronce/Bookeau/Encuesta Express/Encuesta Estudiante Express 201910.xlsx,Respuestas,330,encuesta_marcada_invalida_en_origen,Conservar y revisar; no eliminar ni sobrescribir
Encuesta Express,99361,201910,data/bronce/Bookeau/Encuesta Express/Encuesta Estudiante Express 201910.xlsx,Respuestas,423,encuesta_marcada_invalida_en_origen,Conservar y revisar; no eliminar ni sobrescribir
Encuesta Express,100450,201910,data/bronce/Bookeau/Encuesta Express/Encuesta Estudiante Express 201910.xlsx,Respuestas,461,encuesta_marcada_invalida_en_origen,Conservar y revisar; no eliminar ni sobrescribir
Encuesta Express,101042,201910,data/bronce/Bookeau/Encuesta Express/Encuesta Estudiante Express 201910.xlsx,Respuestas,503,encuesta_marcada_invalida_en_origen,Conservar y revisar; no eliminar ni sobrescribir
Encuesta Express,157645,201920,data/bronce/Bookeau/Encuesta Express/Encuesta Estudiante Express 201920.xlsx,Respuestas,73,encuesta_marcada_invalida_en_origen,Conservar y revisar; no eliminar ni sobrescribir
Encuesta Express,183260,201920,data/bronce/Bookeau/Encuesta Express/Encuesta Estudiante Express 201920.xlsx,Respuestas,164,encuesta_marcada_invalida_en_origen,Conservar y revisar; no eliminar ni sobrescribir
Encuesta Express,183331,201920,data/bronce/Bookeau/Encuesta Express/Encuesta Estudiante Express 201920.xlsx,Respuestas,174,encuesta_marcada_invalida_en_origen,Conservar y revisar; no eliminar ni sobrescribir
Encuesta Express,1109422,202220,data/bronce/Bookeau/Encuesta Express/Encuesta Estudiante Express 202220.xlsx,Respuestas,7,encuesta_marcada_invalida_en_origen,Conservar y revisar; no eliminar ni sobrescribir
Encuesta Express,1577223,202320,data/bronce/Bookeau/Encuesta Express/Encuesta Estudiante Express 202320.xlsx,Respuestas,78,encuesta_marcada_invalida_en_origen,Conservar y revisar; no eliminar ni sobrescribir
Encuesta Express,1583287,202320,data/bronce/Bookeau/Encuesta Express/Encuesta Estudiante Express 202320.xlsx,Respuestas,84,encuesta_marcada_invalida_en_origen,Conservar y revisar; no eliminar ni sobrescribir
Encuesta Express,1599224,202320,data/bronce/Bookeau/Encuesta Express/Encuesta Estudiante Express 202320.xlsx,Respuestas,157,encuesta_marcada_invalida_en_origen,Conservar y revisar; no eliminar ni sobrescribir
Encuesta Express,1626632,202320,data/bronce/Bookeau/Encuesta Express/Encuesta Estudiante Express 202320.xlsx,Respuestas,314,encuesta_marcada_invalida_en_origen,Conservar y revisar; no eliminar ni sobrescribir
Encuesta Express,1635185,202320,data/bronce/Bookeau/Encuesta Express/Encuesta Estudiante Express 202320.xlsx,Respuestas,328,encuesta_marcada_invalida_en_origen,Conservar y revisar; no eliminar ni sobrescribir
Encuesta Express,1646687,202320,data/bronce/Bookeau/Encuesta Express/Encuesta Estudiante Express 202320.xlsx,Respuestas,361,encuesta_marcada_invalida_en_origen,Conservar y revisar; no eliminar ni sobrescribir
Encuesta Express,1668121,202320,data/bronce/Bookeau/Encuesta Express/Encuesta Estudiante Express 202320.xlsx,Respuestas,444,encuesta_marcada_invalida_en_origen,Conservar y revisar; no eliminar ni sobrescribir
Encuesta Express,1687782,202320,data/bronce/Bookeau/Encuesta Express/Encuesta Estudiante Express 202320.xlsx,Respuestas,545,encuesta_marcada_invalida_en_origen,Conservar y revisar; no eliminar ni sobrescribir
Encuesta Express,1687133,202320,data/bronce/Bookeau/Encuesta Express/Encuesta Estudiante Express 202320.xlsx,Respuestas,547,encuesta_marcada_invalida_en_origen,Conservar y revisar; no eliminar ni sobrescribir
Encuesta Express,1724002,202320,data/bronce/Bookeau/Encuesta Express/Encuesta Estudiante Express 202320.xlsx,Respuestas,711,encuesta_marcada_invalida_en_origen,Conservar y revisar; no eliminar ni sobrescribir
Encuesta Express,1850471,202410,data/bronce/Bookeau/Encuesta Express/Encuesta Estudiante Express 202410.xlsx,Respuestas,206,encuesta_marcada_invalida_en_origen,Conservar y revisar; no eliminar ni sobrescribir
Encuesta Express,1851504,202410,data/bronce/Bookeau/Encuesta Express/Encuesta Estudiante Express 202410.xlsx,Respuestas,227,encuesta_marcada_invalida_en_origen,Conservar y revisar; no eliminar ni sobrescribir
Encuesta Express,2053497,202420,data/bronce/Bookeau/Encuesta Express/Encuesta Estudiante Express 202420.xlsx,Respuestas,30,encuesta_marcada_invalida_en_origen,Conservar y revisar; no eliminar ni sobrescribir
Encuesta Express,2063840,202420,data/bronce/Bookeau/Encuesta Express/Encuesta Estudiante Express 202420.xlsx,Respuestas,67,encuesta_marcada_invalida_en_origen,Conservar y revisar; no eliminar ni sobrescribir
Encuesta Express,2113840,202420,data/bronce/Bookeau/Encuesta Express/Encuesta Estudiante Express 202420.xlsx,Respuestas,225,encuesta_marcada_invalida_en_origen,Conservar y revisar; no eliminar ni sobrescribir
Encuesta Express,2121123,202420,data/bronce/Bookeau/Encuesta Express/Encuesta Estudiante Express 202420.xlsx,Respuestas,253,encuesta_marcada_invalida_en_origen,Conservar y revisar; no eliminar ni sobrescribir
Encuesta Express,2150800,202420,data/bronce/Bookeau/Encuesta Express/Encuesta Estudiante Express 202420.xlsx,Respuestas,360,encuesta_marcada_invalida_en_origen,Conservar y revisar; no eliminar ni sobrescribir
Encuesta Express,2164067,202420,data/bronce/Bookeau/Encuesta Express/Encuesta Estudiante Express 202420.xlsx,Respuestas,377,encuesta_marcada_invalida_en_origen,Conservar y revisar; no eliminar ni sobrescribir
Encuesta Express,2178374,202420,data/bronce/Bookeau/Encuesta Express/Encuesta Estudiante Express 202420.xlsx,Respuestas,434,encuesta_marcada_invalida_en_origen,Conservar y revisar; no eliminar ni sobrescribir
Encuesta Express,2226079,202420,data/bronce/Bookeau/Encuesta Express/Encuesta Estudiante Express 202420.xlsx,Respuestas,638,encuesta_marcada_invalida_en_origen,Conservar y revisar; no eliminar ni sobrescribir
Encuesta Express,2232489,202420,data/bronce/Bookeau/Encuesta Express/Encuesta Estudiante Express 202420.xlsx,Respuestas,648,encuesta_marcada_invalida_en_origen,Conservar y revisar; no eliminar ni sobrescribir
Encuesta Express,2271905,202510,data/bronce/Bookeau/Encuesta Express/Encuesta Estudiante Express 202510.xlsx,Respuestas,15,atributos_difieren_de_reserva,Conservar y revisar; no eliminar ni sobrescribir
Encuesta Express,2276214,202510,data/bronce/Bookeau/Encuesta Express/Encuesta Estudiante Express 202510.xlsx,Respuestas,17,atributos_difieren_de_reserva,Conservar y revisar; no eliminar ni sobrescribir
Encuesta Express,2272872,202510,data/bronce/Bookeau/Encuesta Express/Encuesta Estudiante Express 202510.xlsx,Respuestas,20,atributos_difieren_de_reserva,Conservar y revisar; no eliminar ni sobrescribir
Encuesta Express,2273512,202510,data/bronce/Bookeau/Encuesta Express/Encuesta Estudiante Express 202510.xlsx,Respuestas,23,atributos_difieren_de_reserva,Conservar y revisar; no eliminar ni sobrescribir
Encuesta Express,2277937,202510,data/bronce/Bookeau/Encuesta Express/Encuesta Estudiante Express 202510.xlsx,Respuestas,26,atributos_difieren_de_reserva,Conservar y revisar; no eliminar ni sobrescribir
Encuesta Express,2281806,202510,data/bronce/Bookeau/Encuesta Express/Encuesta Estudiante Express 202510.xlsx,Respuestas,35,atributos_difieren_de_reserva,Conservar y revisar; no eliminar ni sobrescribir
Encuesta Express,2283562,202510,data/bronce/Bookeau/Encuesta Express/Encuesta Estudiante Express 202510.xlsx,Respuestas,43,atributos_difieren_de_reserva,Conservar y revisar; no eliminar ni sobrescribir
Encuesta Express,2288573,202510,data/bronce/Bookeau/Encuesta Express/Encuesta Estudiante Express 202510.xlsx,Respuestas,67,atributos_difieren_de_reserva,Conservar y revisar; no eliminar ni sobrescribir
Encuesta Express,2288920,202510,data/bronce/Bookeau/Encuesta Express/Encuesta Estudiante Express 202510.xlsx,Respuestas,68,atributos_difieren_de_reserva,Conservar y revisar; no eliminar ni sobrescribir
Encuesta Express,2287866,202510,data/bronce/Bookeau/Encuesta Express/Encuesta Estudiante Express 202510.xlsx,Respuestas,70,atributos_difieren_de_reserva,Conservar y revisar; no eliminar ni sobrescribir
Encuesta Express,2288493,202510,data/bronce/Bookeau/Encuesta Express/Encuesta Estudiante Express 202510.xlsx,Respuestas,76,atributos_difieren_de_reserva,Conservar y revisar; no eliminar ni sobrescribir
Encuesta Express,2297623,202510,data/bronce/Bookeau/Encuesta Express/Encuesta Estudiante Express 202510.xlsx,Respuestas,91,atributos_difieren_de_reserva,Conservar y revisar; no eliminar ni sobrescribir
Encuesta Express,2316733,202510,data/bronce/Bookeau/Encuesta Express/Encuesta Estudiante Express 202510.xlsx,Respuestas,105,atributos_difieren_de_reserva,Conservar y revisar; no eliminar ni sobrescribir
Encuesta Express,2333126,202510,data/bronce/Bookeau/Encuesta Express/Encuesta Estudiante Express 202510.xlsx,Respuestas,121,atributos_difieren_de_reserva,Conservar y revisar; no eliminar ni sobrescribir
Encuesta Express,2339774,202510,data/bronce/Bookeau/Encuesta Express/Encuesta Estudiante Express 202510.xlsx,Respuestas,126,atributos_difieren_de_reserva,Conservar y revisar; no eliminar ni sobrescribir
Encuesta Express,2342959,202510,data/bronce/Bookeau/Encuesta Express/Encuesta Estudiante Express 202510.xlsx,Respuestas,133,atributos_difieren_de_reserva,Conservar y revisar; no eliminar ni sobrescribir
Encuesta Express,2336231,202510,data/bronce/Bookeau/Encuesta Express/Encuesta Estudiante Express 202510.xlsx,Respuestas,140,atributos_difieren_de_reserva,Conservar y revisar; no eliminar ni sobrescribir
Encuesta Express,2344372,202510,data/bronce/Bookeau/Encuesta Express/Encuesta Estudiante Express 202510.xlsx,Respuestas,152,atributos_difieren_de_reserva,Conservar y revisar; no eliminar ni sobrescribir
Encuesta Express,2344973,202510,data/bronce/Bookeau/Encuesta Express/Encuesta Estudiante Express 202510.xlsx,Respuestas,174,atributos_difieren_de_reserva,Conservar y revisar; no eliminar ni sobrescribir
Encuesta Express,2351747,202510,data/bronce/Bookeau/Encuesta Express/Encuesta Estudiante Express 202510.xlsx,Respuestas,194,atributos_difieren_de_reserva,Conservar y revisar; no eliminar ni sobrescribir
Encuesta Express,2350370,202510,data/bronce/Bookeau/Encuesta Express/Encuesta Estudiante Express 202510.xlsx,Respuestas,198,atributos_difieren_de_reserva,Conservar y revisar; no eliminar ni sobrescribir
Encuesta Express,2350470,202510,data/bronce/Bookeau/Encuesta Express/Encuesta Estudiante Express 202510.xlsx,Respuestas,205,atributos_difieren_de_reserva,Conservar y revisar; no eliminar ni sobrescribir
Encuesta Express,2350390,202510,data/bronce/Bookeau/Encuesta Express/Encuesta Estudiante Express 202510.xlsx,Respuestas,213,atributos_difieren_de_reserva,Conservar y revisar; no eliminar ni sobrescribir
Encuesta Express,2351108,202510,data/bronce/Bookeau/Encuesta Express/Encuesta Estudiante Express 202510.xlsx,Respuestas,225,atributos_difieren_de_reserva,Conservar y revisar; no eliminar ni sobrescribir
Encuesta Express,2358662,202510,data/bronce/Bookeau/Encuesta Express/Encuesta Estudiante Express 202510.xlsx,Respuestas,238,atributos_difieren_de_reserva,Conservar y revisar; no eliminar ni sobrescribir
Encuesta Express,2388492,202510,data/bronce/Bookeau/Encuesta Express/Encuesta Estudiante Express 202510.xlsx,Respuestas,262,atributos_difieren_de_reserva,Conservar y revisar; no eliminar ni sobrescribir
Encuesta Express,2399427,202510,data/bronce/Bookeau/Encuesta Express/Encuesta Estudiante Express 202510.xlsx,Respuestas,271,atributos_difieren_de_reserva,Conservar y revisar; no eliminar ni sobrescribir
Encuesta Express,2411142,202510,data/bronce/Bookeau/Encuesta Express/Encuesta Estudiante Express 202510.xlsx,Respuestas,279,atributos_difieren_de_reserva,Conservar y revisar; no eliminar ni sobrescribir
Encuesta Express,2411266,202510,data/bronce/Bookeau/Encuesta Express/Encuesta Estudiante Express 202510.xlsx,Respuestas,282,atributos_difieren_de_reserva,Conservar y revisar; no eliminar ni sobrescribir
Encuesta Express,2409951,202510,data/bronce/Bookeau/Encuesta Express/Encuesta Estudiante Express 202510.xlsx,Respuestas,286,atributos_difieren_de_reserva,Conservar y revisar; no eliminar ni sobrescribir
Encuesta Express,2409865,202510,data/bronce/Bookeau/Encuesta Express/Encuesta Estudiante Express 202510.xlsx,Respuestas,288,atributos_difieren_de_reserva,Conservar y revisar; no eliminar ni sobrescribir
Encuesta Express,2410252,202510,data/bronce/Bookeau/Encuesta Express/Encuesta Estudiante Express 202510.xlsx,Respuestas,289,atributos_difieren_de_reserva,Conservar y revisar; no eliminar ni sobrescribir
Encuesta Express,2417390,202510,data/bronce/Bookeau/Encuesta Express/Encuesta Estudiante Express 202510.xlsx,Respuestas,298,atributos_difieren_de_reserva,Conservar y revisar; no eliminar ni sobrescribir
Encuesta Express,2419726,202510,data/bronce/Bookeau/Encuesta Express/Encuesta Estudiante Express 202510.xlsx,Respuestas,310,atributos_difieren_de_reserva,Conservar y revisar; no eliminar ni sobrescribir
Encuesta Express,2424653,202510,data/bronce/Bookeau/Encuesta Express/Encuesta Estudiante Express 202510.xlsx,Respuestas,329,atributos_difieren_de_reserva,Conservar y revisar; no eliminar ni sobrescribir
Encuesta Express,2424119,202510,data/bronce/Bookeau/Encuesta Express/Encuesta Estudiante Express 202510.xlsx,Respuestas,334,atributos_difieren_de_reserva,Conservar y revisar; no eliminar ni sobrescribir
Encuesta Express,2424312,202510,data/bronce/Bookeau/Encuesta Express/Encuesta Estudiante Express 202510.xlsx,Respuestas,343,atributos_difieren_de_reserva,Conservar y revisar; no eliminar ni sobrescribir
Encuesta Express,2423653,202510,data/bronce/Bookeau/Encuesta Express/Encuesta Estudiante Express 202510.xlsx,Respuestas,351,atributos_difieren_de_reserva,Conservar y revisar; no eliminar ni sobrescribir
Encuesta Express,2431542,202510,data/bronce/Bookeau/Encuesta Express/Encuesta Estudiante Express 202510.xlsx,Respuestas,368,atributos_difieren_de_reserva,Conservar y revisar; no eliminar ni sobrescribir
Encuesta Express,2436341,202510,data/bronce/Bookeau/Encuesta Express/Encuesta Estudiante Express 202510.xlsx,Respuestas,377,atributos_difieren_de_reserva,Conservar y revisar; no eliminar ni sobrescribir
Encuesta Express,2451034,202510,data/bronce/Bookeau/Encuesta Express/Encuesta Estudiante Express 202510.xlsx,Respuestas,387,atributos_difieren_de_reserva,Conservar y revisar; no eliminar ni sobrescribir
Encuesta Express,2451309,202510,data/bronce/Bookeau/Encuesta Express/Encuesta Estudiante Express 202510.xlsx,Respuestas,391,atributos_difieren_de_reserva,Conservar y revisar; no eliminar ni sobrescribir
Encuesta Express,2453958,202510,data/bronce/Bookeau/Encuesta Express/Encuesta Estudiante Express 202510.xlsx,Respuestas,395,atributos_difieren_de_reserva,Conservar y revisar; no eliminar ni sobrescribir
Encuesta Express,2457717,202510,data/bronce/Bookeau/Encuesta Express/Encuesta Estudiante Express 202510.xlsx,Respuestas,401,atributos_difieren_de_reserva,Conservar y revisar; no eliminar ni sobrescribir
Encuesta Express,2458584,202510,data/bronce/Bookeau/Encuesta Express/Encuesta Estudiante Express 202510.xlsx,Respuestas,406,atributos_difieren_de_reserva,Conservar y revisar; no eliminar ni sobrescribir
Encuesta Express,2464271,202510,data/bronce/Bookeau/Encuesta Express/Encuesta Estudiante Express 202510.xlsx,Respuestas,412,atributos_difieren_de_reserva,Conservar y revisar; no eliminar ni sobrescribir
Encuesta Express,2464171,202510,data/bronce/Bookeau/Encuesta Express/Encuesta Estudiante Express 202510.xlsx,Respuestas,414,atributos_difieren_de_reserva,Conservar y revisar; no eliminar ni sobrescribir
Encuesta Express,2471575,202510,data/bronce/Bookeau/Encuesta Express/Encuesta Estudiante Express 202510.xlsx,Respuestas,433,atributos_difieren_de_reserva,Conservar y revisar; no eliminar ni sobrescribir
Encuesta Express,2467831,202510,data/bronce/Bookeau/Encuesta Express/Encuesta Estudiante Express 202510.xlsx,Respuestas,437,atributos_difieren_de_reserva,Conservar y revisar; no eliminar ni sobrescribir
Encuesta Express,2469555,202510,data/bronce/Bookeau/Encuesta Express/Encuesta Estudiante Express 202510.xlsx,Respuestas,438,atributos_difieren_de_reserva,Conservar y revisar; no eliminar ni sobrescribir
Encuesta Express,2470916,202510,data/bronce/Bookeau/Encuesta Express/Encuesta Estudiante Express 202510.xlsx,Respuestas,439,atributos_difieren_de_reserva,Conservar y revisar; no eliminar ni sobrescribir
Encuesta Express,2463120,202510,data/bronce/Bookeau/Encuesta Express/Encuesta Estudiante Express 202510.xlsx,Respuestas,460,atributos_difieren_de_reserva,Conservar y revisar; no eliminar ni sobrescribir
Encuesta Express,2551546,202520,data/bronce/Bookeau/Encuesta Express/Encuesta Estudiante Express 202520.xlsx,Respuestas,16,encuesta_marcada_invalida_en_origen,Conservar y revisar; no eliminar ni sobrescribir
Encuesta Express,2590634,202520,data/bronce/Bookeau/Encuesta Express/Encuesta Estudiante Express 202520.xlsx,Respuestas,44,encuesta_marcada_invalida_en_origen,Conservar y revisar; no eliminar ni sobrescribir
Encuesta Express,2595449,202520,data/bronce/Bookeau/Encuesta Express/Encuesta Estudiante Express 202520.xlsx,Respuestas,49,encuesta_marcada_invalida_en_origen,Conservar y revisar; no eliminar ni sobrescribir
Encuesta Express,2625225,202520,data/bronce/Bookeau/Encuesta Express/Encuesta Estudiante Express 202520.xlsx,Respuestas,88,atributos_difieren_de_reserva,Conservar y revisar; no eliminar ni sobrescribir
Encuesta Express,2769234,202610,data/bronce/Bookeau/Encuesta Express/Encuesta Estudiante Express 202610.xlsx,Respuestas,10,atributos_difieren_de_reserva,Conservar y revisar; no eliminar ni sobrescribir
Encuesta Express,2776099,202610,data/bronce/Bookeau/Encuesta Express/Encuesta Estudiante Express 202610.xlsx,Respuestas,16,atributos_difieren_de_reserva,Conservar y revisar; no eliminar ni sobrescribir
Encuesta Express,2779371,202610,data/bronce/Bookeau/Encuesta Express/Encuesta Estudiante Express 202610.xlsx,Respuestas,30,atributos_difieren_de_reserva,Conservar y revisar; no eliminar ni sobrescribir
Encuesta Express,2780177,202610,data/bronce/Bookeau/Encuesta Express/Encuesta Estudiante Express 202610.xlsx,Respuestas,38,atributos_difieren_de_reserva,Conservar y revisar; no eliminar ni sobrescribir
Encuesta Express,2786995,202610,data/bronce/Bookeau/Encuesta Express/Encuesta Estudiante Express 202610.xlsx,Respuestas,47,atributos_difieren_de_reserva,Conservar y revisar; no eliminar ni sobrescribir
Encuesta Express,2784516,202610,data/bronce/Bookeau/Encuesta Express/Encuesta Estudiante Express 202610.xlsx,Respuestas,48,atributos_difieren_de_reserva,Conservar y revisar; no eliminar ni sobrescribir
Encuesta Express,2785596,202610,data/bronce/Bookeau/Encuesta Express/Encuesta Estudiante Express 202610.xlsx,Respuestas,51,atributos_difieren_de_reserva,Conservar y revisar; no eliminar ni sobrescribir
Encuesta Express,2786662,202610,data/bronce/Bookeau/Encuesta Express/Encuesta Estudiante Express 202610.xlsx,Respuestas,67,atributos_difieren_de_reserva,Conservar y revisar; no eliminar ni sobrescribir
Encuesta Express,2786864,202610,data/bronce/Bookeau/Encuesta Express/Encuesta Estudiante Express 202610.xlsx,Respuestas,68,atributos_difieren_de_reserva,Conservar y revisar; no eliminar ni sobrescribir
Encuesta Express,2788587,202610,data/bronce/Bookeau/Encuesta Express/Encuesta Estudiante Express 202610.xlsx,Respuestas,69,atributos_difieren_de_reserva,Conservar y revisar; no eliminar ni sobrescribir
Encuesta Express,2790393,202610,data/bronce/Bookeau/Encuesta Express/Encuesta Estudiante Express 202610.xlsx,Respuestas,71,atributos_difieren_de_reserva,Conservar y revisar; no eliminar ni sobrescribir
Encuesta Express,2803815,202610,data/bronce/Bookeau/Encuesta Express/Encuesta Estudiante Express 202610.xlsx,Respuestas,81,atributos_difieren_de_reserva,Conservar y revisar; no eliminar ni sobrescribir
Encuesta Express,2807988,202610,data/bronce/Bookeau/Encuesta Express/Encuesta Estudiante Express 202610.xlsx,Respuestas,86,atributos_difieren_de_reserva,Conservar y revisar; no eliminar ni sobrescribir
Encuesta Express,2831747,202610,data/bronce/Bookeau/Encuesta Express/Encuesta Estudiante Express 202610.xlsx,Respuestas,101,atributos_difieren_de_reserva,Conservar y revisar; no eliminar ni sobrescribir
Encuesta Express,2834423,202610,data/bronce/Bookeau/Encuesta Express/Encuesta Estudiante Express 202610.xlsx,Respuestas,104,atributos_difieren_de_reserva,Conservar y revisar; no eliminar ni sobrescribir
Encuesta Express,2838769,202610,data/bronce/Bookeau/Encuesta Express/Encuesta Estudiante Express 202610.xlsx,Respuestas,112,atributos_difieren_de_reserva,Conservar y revisar; no eliminar ni sobrescribir
Encuesta Express,2849104,202610,data/bronce/Bookeau/Encuesta Express/Encuesta Estudiante Express 202610.xlsx,Respuestas,135,atributos_difieren_de_reserva,Conservar y revisar; no eliminar ni sobrescribir
Encuesta Express,2850963,202610,data/bronce/Bookeau/Encuesta Express/Encuesta Estudiante Express 202610.xlsx,Respuestas,141,atributos_difieren_de_reserva,Conservar y revisar; no eliminar ni sobrescribir
Encuesta Express,2851292,202610,data/bronce/Bookeau/Encuesta Express/Encuesta Estudiante Express 202610.xlsx,Respuestas,145,atributos_difieren_de_reserva,Conservar y revisar; no eliminar ni sobrescribir
Encuesta Express,2852450,202610,data/bronce/Bookeau/Encuesta Express/Encuesta Estudiante Express 202610.xlsx,Respuestas,151,atributos_difieren_de_reserva,Conservar y revisar; no eliminar ni sobrescribir
Encuesta Express,2882079,202610,data/bronce/Bookeau/Encuesta Express/Encuesta Estudiante Express 202610.xlsx,Respuestas,172,atributos_difieren_de_reserva,Conservar y revisar; no eliminar ni sobrescribir
Encuesta Express,2891487,202610,data/bronce/Bookeau/Encuesta Express/Encuesta Estudiante Express 202610.xlsx,Respuestas,176,atributos_difieren_de_reserva,Conservar y revisar; no eliminar ni sobrescribir
Encuesta Express,2919513,202610,data/bronce/Bookeau/Encuesta Express/Encuesta Estudiante Express 202610.xlsx,Respuestas,209,atributos_difieren_de_reserva,Conservar y revisar; no eliminar ni sobrescribir
Encuesta Express,2919331,202610,data/bronce/Bookeau/Encuesta Express/Encuesta Estudiante Express 202610.xlsx,Respuestas,217,atributos_difieren_de_reserva,Conservar y revisar; no eliminar ni sobrescribir
Encuesta Express,2923355,202610,data/bronce/Bookeau/Encuesta Express/Encuesta Estudiante Express 202610.xlsx,Respuestas,226,atributos_difieren_de_reserva,Conservar y revisar; no eliminar ni sobrescribir
Encuesta Express,2924910,202610,data/bronce/Bookeau/Encuesta Express/Encuesta Estudiante Express 202610.xlsx,Respuestas,228,atributos_difieren_de_reserva,Conservar y revisar; no eliminar ni sobrescribir
Encuesta Express,2924456,202610,data/bronce/Bookeau/Encuesta Express/Encuesta Estudiante Express 202610.xlsx,Respuestas,231,atributos_difieren_de_reserva,Conservar y revisar; no eliminar ni sobrescribir
Encuesta Express,2934830,202610,data/bronce/Bookeau/Encuesta Express/Encuesta Estudiante Express 202610.xlsx,Respuestas,240,atributos_difieren_de_reserva,Conservar y revisar; no eliminar ni sobrescribir
Encuesta Express,2937798,202610,data/bronce/Bookeau/Encuesta Express/Encuesta Estudiante Express 202610.xlsx,Respuestas,244,atributos_difieren_de_reserva,Conservar y revisar; no eliminar ni sobrescribir
Encuesta Express,2959103,202610,data/bronce/Bookeau/Encuesta Express/Encuesta Estudiante Express 202610.xlsx,Respuestas,258,atributos_difieren_de_reserva,Conservar y revisar; no eliminar ni sobrescribir
Encuesta Express,2961671,202610,data/bronce/Bookeau/Encuesta Express/Encuesta Estudiante Express 202610.xlsx,Respuestas,262,atributos_difieren_de_reserva,Conservar y revisar; no eliminar ni sobrescribir
Encuesta Express,2961493,202610,data/bronce/Bookeau/Encuesta Express/Encuesta Estudiante Express 202610.xlsx,Respuestas,263,atributos_difieren_de_reserva,Conservar y revisar; no eliminar ni sobrescribir
Encuesta Express,2962677,202610,data/bronce/Bookeau/Encuesta Express/Encuesta Estudiante Express 202610.xlsx,Respuestas,269,atributos_difieren_de_reserva,Conservar y revisar; no eliminar ni sobrescribir
Encuesta Express,2964828,202610,data/bronce/Bookeau/Encuesta Express/Encuesta Estudiante Express 202610.xlsx,Respuestas,278,atributos_difieren_de_reserva,Conservar y revisar; no eliminar ni sobrescribir
Encuesta Express,2965121,202610,data/bronce/Bookeau/Encuesta Express/Encuesta Estudiante Express 202610.xlsx,Respuestas,279,atributos_difieren_de_reserva,Conservar y revisar; no eliminar ni sobrescribir
Encuesta Normal,1,201620,data/bronce/Bookeau/Encuesta Normal/Encuesta Estudiante Normal 201620.xlsx,Respuestas,2,revisar_cancelacion_con_llegada,Conservar y revisar; no eliminar ni sobrescribir
Encuesta Normal,256,201620,data/bronce/Bookeau/Encuesta Normal/Encuesta Estudiante Normal 201620.xlsx,Respuestas,84,revisar_finalizada_sin_llegada,Conservar y revisar; no eliminar ni sobrescribir
Encuesta Normal,349,201620,data/bronce/Bookeau/Encuesta Normal/Encuesta Estudiante Normal 201620.xlsx,Respuestas,136,revisar_finalizada_sin_llegada,Conservar y revisar; no eliminar ni sobrescribir
Encuesta Normal,9397,201720,data/bronce/Bookeau/Encuesta Normal/Encuesta Estudiante Normal 201720.xlsx,Respuestas,194,revisar_cancelacion_con_llegada,Conservar y revisar; no eliminar ni sobrescribir
Encuesta Normal,9724,201720,data/bronce/Bookeau/Encuesta Normal/Encuesta Estudiante Normal 201720.xlsx,Respuestas,310,encuesta_marcada_invalida_en_origen,Conservar y revisar; no eliminar ni sobrescribir
Encuesta Normal,9752,201720,data/bronce/Bookeau/Encuesta Normal/Encuesta Estudiante Normal 201720.xlsx,Respuestas,345,revisar_finalizada_sin_llegada,Conservar y revisar; no eliminar ni sobrescribir
Encuesta Normal,9896,201720,data/bronce/Bookeau/Encuesta Normal/Encuesta Estudiante Normal 201720.xlsx,Respuestas,364,encuesta_marcada_invalida_en_origen,Conservar y revisar; no eliminar ni sobrescribir
Encuesta Normal,10173,201720,data/bronce/Bookeau/Encuesta Normal/Encuesta Estudiante Normal 201720.xlsx,Respuestas,426,revisar_finalizada_sin_llegada,Conservar y revisar; no eliminar ni sobrescribir
Encuesta Normal,9990,201720,data/bronce/Bookeau/Encuesta Normal/Encuesta Estudiante Normal 201720.xlsx,Respuestas,445,encuesta_marcada_invalida_en_origen,Conservar y revisar; no eliminar ni sobrescribir
Encuesta Normal,10489,201720,data/bronce/Bookeau/Encuesta Normal/Encuesta Estudiante Normal 201720.xlsx,Respuestas,530,encuesta_marcada_invalida_en_origen,Conservar y revisar; no eliminar ni sobrescribir
Encuesta Normal,10601,201720,data/bronce/Bookeau/Encuesta Normal/Encuesta Estudiante Normal 201720.xlsx,Respuestas,606,encuesta_marcada_invalida_en_origen,Conservar y revisar; no eliminar ni sobrescribir
Encuesta Normal,10896,201720,data/bronce/Bookeau/Encuesta Normal/Encuesta Estudiante Normal 201720.xlsx,Respuestas,691,encuesta_marcada_invalida_en_origen,Conservar y revisar; no eliminar ni sobrescribir
Encuesta Normal,11070,201720,data/bronce/Bookeau/Encuesta Normal/Encuesta Estudiante Normal 201720.xlsx,Respuestas,704,encuesta_marcada_invalida_en_origen,Conservar y revisar; no eliminar ni sobrescribir
Encuesta Normal,11625,201720,data/bronce/Bookeau/Encuesta Normal/Encuesta Estudiante Normal 201720.xlsx,Respuestas,873,encuesta_marcada_invalida_en_origen,Conservar y revisar; no eliminar ni sobrescribir
Encuesta Normal,11702,201720,data/bronce/Bookeau/Encuesta Normal/Encuesta Estudiante Normal 201720.xlsx,Respuestas,902,encuesta_marcada_invalida_en_origen,Conservar y revisar; no eliminar ni sobrescribir
Encuesta Normal,11834,201720,data/bronce/Bookeau/Encuesta Normal/Encuesta Estudiante Normal 201720.xlsx,Respuestas,972,encuesta_marcada_invalida_en_origen,Conservar y revisar; no eliminar ni sobrescribir
Encuesta Normal,19068,201810,data/bronce/Bookeau/Encuesta Normal/Encuesta Estudiante Normal 201810.xlsx,Respuestas,21,encuesta_marcada_invalida_en_origen,Conservar y revisar; no eliminar ni sobrescribir
Encuesta Normal,23223,201810,data/bronce/Bookeau/Encuesta Normal/Encuesta Estudiante Normal 201810.xlsx,Respuestas,232,encuesta_marcada_invalida_en_origen,Conservar y revisar; no eliminar ni sobrescribir
Encuesta Normal,32296,201810,data/bronce/Bookeau/Encuesta Normal/Encuesta Estudiante Normal 201810.xlsx,Respuestas,608,encuesta_marcada_invalida_en_origen,Conservar y revisar; no eliminar ni sobrescribir
Encuesta Normal,35341,201810,data/bronce/Bookeau/Encuesta Normal/Encuesta Estudiante Normal 201810.xlsx,Respuestas,722,encuesta_marcada_invalida_en_origen,Conservar y revisar; no eliminar ni sobrescribir
Encuesta Normal,38627,201810,data/bronce/Bookeau/Encuesta Normal/Encuesta Estudiante Normal 201810.xlsx,Respuestas,820,encuesta_marcada_invalida_en_origen,Conservar y revisar; no eliminar ni sobrescribir
Encuesta Normal,38282,201810,data/bronce/Bookeau/Encuesta Normal/Encuesta Estudiante Normal 201810.xlsx,Respuestas,832,encuesta_marcada_invalida_en_origen,Conservar y revisar; no eliminar ni sobrescribir
Encuesta Normal,40740,201810,data/bronce/Bookeau/Encuesta Normal/Encuesta Estudiante Normal 201810.xlsx,Respuestas,950,encuesta_marcada_invalida_en_origen,Conservar y revisar; no eliminar ni sobrescribir
Encuesta Normal,42680,201810,data/bronce/Bookeau/Encuesta Normal/Encuesta Estudiante Normal 201810.xlsx,Respuestas,1016,encuesta_marcada_invalida_en_origen,Conservar y revisar; no eliminar ni sobrescribir
Encuesta Normal,51682,201820,data/bronce/Bookeau/Encuesta Normal/Encuesta Estudiante Normal 201820.xlsx,Respuestas,80,encuesta_marcada_invalida_en_origen,Conservar y revisar; no eliminar ni sobrescribir
Encuesta Normal,53251,201820,data/bronce/Bookeau/Encuesta Normal/Encuesta Estudiante Normal 201820.xlsx,Respuestas,174,encuesta_marcada_invalida_en_origen,Conservar y revisar; no eliminar ni sobrescribir
Encuesta Normal,54595,201820,data/bronce/Bookeau/Encuesta Normal/Encuesta Estudiante Normal 201820.xlsx,Respuestas,287,encuesta_marcada_invalida_en_origen,Conservar y revisar; no eliminar ni sobrescribir
Encuesta Normal,58907,201820,data/bronce/Bookeau/Encuesta Normal/Encuesta Estudiante Normal 201820.xlsx,Respuestas,508,encuesta_marcada_invalida_en_origen,Conservar y revisar; no eliminar ni sobrescribir
Encuesta Normal,60554,201820,data/bronce/Bookeau/Encuesta Normal/Encuesta Estudiante Normal 201820.xlsx,Respuestas,673,encuesta_marcada_invalida_en_origen,Conservar y revisar; no eliminar ni sobrescribir
Encuesta Normal,61186,201820,data/bronce/Bookeau/Encuesta Normal/Encuesta Estudiante Normal 201820.xlsx,Respuestas,689,encuesta_marcada_invalida_en_origen,Conservar y revisar; no eliminar ni sobrescribir
Encuesta Normal,63348,201820,data/bronce/Bookeau/Encuesta Normal/Encuesta Estudiante Normal 201820.xlsx,Respuestas,815,encuesta_marcada_invalida_en_origen,Conservar y revisar; no eliminar ni sobrescribir
Encuesta Normal,62551,201820,data/bronce/Bookeau/Encuesta Normal/Encuesta Estudiante Normal 201820.xlsx,Respuestas,832,encuesta_marcada_invalida_en_origen,Conservar y revisar; no eliminar ni sobrescribir
Encuesta Normal,67299,201820,data/bronce/Bookeau/Encuesta Normal/Encuesta Estudiante Normal 201820.xlsx,Respuestas,1026,encuesta_marcada_invalida_en_origen,Conservar y revisar; no eliminar ni sobrescribir
Encuesta Normal,72194,201910,data/bronce/Bookeau/Encuesta Normal/Encuesta Estudiante Normal 201910.xlsx,Respuestas,2,encuesta_marcada_invalida_en_origen,Conservar y revisar; no eliminar ni sobrescribir
Encuesta Normal,72192,201910,data/bronce/Bookeau/Encuesta Normal/Encuesta Estudiante Normal 201910.xlsx,Respuestas,3,encuesta_marcada_invalida_en_origen,Conservar y revisar; no eliminar ni sobrescribir
Encuesta Normal,72196,201910,data/bronce/Bookeau/Encuesta Normal/Encuesta Estudiante Normal 201910.xlsx,Respuestas,4,encuesta_marcada_invalida_en_origen,Conservar y revisar; no eliminar ni sobrescribir
Encuesta Normal,72216,201910,data/bronce/Bookeau/Encuesta Normal/Encuesta Estudiante Normal 201910.xlsx,Respuestas,5,encuesta_marcada_invalida_en_origen,Conservar y revisar; no eliminar ni sobrescribir
Encuesta Normal,72261,201910,data/bronce/Bookeau/Encuesta Normal/Encuesta Estudiante Normal 201910.xlsx,Respuestas,6,encuesta_marcada_invalida_en_origen,Conservar y revisar; no eliminar ni sobrescribir
Encuesta Normal,72199,201910,data/bronce/Bookeau/Encuesta Normal/Encuesta Estudiante Normal 201910.xlsx,Respuestas,7,encuesta_marcada_invalida_en_origen,Conservar y revisar; no eliminar ni sobrescribir
Encuesta Normal,72204,201910,data/bronce/Bookeau/Encuesta Normal/Encuesta Estudiante Normal 201910.xlsx,Respuestas,8,encuesta_marcada_invalida_en_origen,Conservar y revisar; no eliminar ni sobrescribir
Encuesta Normal,72377,201910,data/bronce/Bookeau/Encuesta Normal/Encuesta Estudiante Normal 201910.xlsx,Respuestas,9,encuesta_marcada_invalida_en_origen,Conservar y revisar; no eliminar ni sobrescribir
Encuesta Normal,72415,201910,data/bronce/Bookeau/Encuesta Normal/Encuesta Estudiante Normal 201910.xlsx,Respuestas,10,encuesta_marcada_invalida_en_origen,Conservar y revisar; no eliminar ni sobrescribir
Encuesta Normal,72444,201910,data/bronce/Bookeau/Encuesta Normal/Encuesta Estudiante Normal 201910.xlsx,Respuestas,11,encuesta_marcada_invalida_en_origen,Conservar y revisar; no eliminar ni sobrescribir
Encuesta Normal,72360,201910,data/bronce/Bookeau/Encuesta Normal/Encuesta Estudiante Normal 201910.xlsx,Respuestas,12,encuesta_marcada_invalida_en_origen,Conservar y revisar; no eliminar ni sobrescribir
Encuesta Normal,72203,201910,data/bronce/Bookeau/Encuesta Normal/Encuesta Estudiante Normal 201910.xlsx,Respuestas,13,encuesta_marcada_invalida_en_origen,Conservar y revisar; no eliminar ni sobrescribir
Encuesta Normal,72285,201910,data/bronce/Bookeau/Encuesta Normal/Encuesta Estudiante Normal 201910.xlsx,Respuestas,14,encuesta_marcada_invalida_en_origen,Conservar y revisar; no eliminar ni sobrescribir
Encuesta Normal,72505,201910,data/bronce/Bookeau/Encuesta Normal/Encuesta Estudiante Normal 201910.xlsx,Respuestas,15,encuesta_marcada_invalida_en_origen,Conservar y revisar; no eliminar ni sobrescribir
Encuesta Normal,73570,201910,data/bronce/Bookeau/Encuesta Normal/Encuesta Estudiante Normal 201910.xlsx,Respuestas,52,encuesta_marcada_invalida_en_origen,Conservar y revisar; no eliminar ni sobrescribir
Encuesta Normal,76524,201910,data/bronce/Bookeau/Encuesta Normal/Encuesta Estudiante Normal 201910.xlsx,Respuestas,176,encuesta_marcada_invalida_en_origen,Conservar y revisar; no eliminar ni sobrescribir
Encuesta Normal,78554,201910,data/bronce/Bookeau/Encuesta Normal/Encuesta Estudiante Normal 201910.xlsx,Respuestas,194,encuesta_marcada_invalida_en_origen,Conservar y revisar; no eliminar ni sobrescribir
Encuesta Normal,81356,201910,data/bronce/Bookeau/Encuesta Normal/Encuesta Estudiante Normal 201910.xlsx,Respuestas,346,encuesta_marcada_invalida_en_origen,Conservar y revisar; no eliminar ni sobrescribir
Encuesta Normal,86930,201910,data/bronce/Bookeau/Encuesta Normal/Encuesta Estudiante Normal 201910.xlsx,Respuestas,442,encuesta_marcada_invalida_en_origen,Conservar y revisar; no eliminar ni sobrescribir
Encuesta Normal,86958,201910,data/bronce/Bookeau/Encuesta Normal/Encuesta Estudiante Normal 201910.xlsx,Respuestas,459,encuesta_marcada_invalida_en_origen,Conservar y revisar; no eliminar ni sobrescribir
Encuesta Normal,86967,201910,data/bronce/Bookeau/Encuesta Normal/Encuesta Estudiante Normal 201910.xlsx,Respuestas,499,encuesta_marcada_invalida_en_origen,Conservar y revisar; no eliminar ni sobrescribir
Encuesta Normal,93038,201910,data/bronce/Bookeau/Encuesta Normal/Encuesta Estudiante Normal 201910.xlsx,Respuestas,697,encuesta_marcada_invalida_en_origen,Conservar y revisar; no eliminar ni sobrescribir
Encuesta Normal,96018,201910,data/bronce/Bookeau/Encuesta Normal/Encuesta Estudiante Normal 201910.xlsx,Respuestas,808,encuesta_marcada_invalida_en_origen,Conservar y revisar; no eliminar ni sobrescribir
Encuesta Normal,97608,201910,data/bronce/Bookeau/Encuesta Normal/Encuesta Estudiante Normal 201910.xlsx,Respuestas,809,encuesta_marcada_invalida_en_origen,Conservar y revisar; no eliminar ni sobrescribir
Encuesta Normal,99220,201910,data/bronce/Bookeau/Encuesta Normal/Encuesta Estudiante Normal 201910.xlsx,Respuestas,845,encuesta_marcada_invalida_en_origen,Conservar y revisar; no eliminar ni sobrescribir
Encuesta Normal,101016,201910,data/bronce/Bookeau/Encuesta Normal/Encuesta Estudiante Normal 201910.xlsx,Respuestas,962,encuesta_marcada_invalida_en_origen,Conservar y revisar; no eliminar ni sobrescribir
Encuesta Normal,141105,201920,data/bronce/Bookeau/Encuesta Normal/Encuesta Estudiante Normal 201920.xlsx,Respuestas,48,encuesta_marcada_invalida_en_origen,Conservar y revisar; no eliminar ni sobrescribir
Encuesta Normal,155870,201920,data/bronce/Bookeau/Encuesta Normal/Encuesta Estudiante Normal 201920.xlsx,Respuestas,125,encuesta_marcada_invalida_en_origen,Conservar y revisar; no eliminar ni sobrescribir
Encuesta Normal,166821,201920,data/bronce/Bookeau/Encuesta Normal/Encuesta Estudiante Normal 201920.xlsx,Respuestas,243,encuesta_marcada_invalida_en_origen,Conservar y revisar; no eliminar ni sobrescribir
Encuesta Normal,168726,201920,data/bronce/Bookeau/Encuesta Normal/Encuesta Estudiante Normal 201920.xlsx,Respuestas,269,encuesta_marcada_invalida_en_origen,Conservar y revisar; no eliminar ni sobrescribir
Encuesta Normal,183223,201920,data/bronce/Bookeau/Encuesta Normal/Encuesta Estudiante Normal 201920.xlsx,Respuestas,420,encuesta_marcada_invalida_en_origen,Conservar y revisar; no eliminar ni sobrescribir
Encuesta Normal,1345472,202310,data/bronce/Bookeau/Encuesta Normal/Encuesta Estudiante Normal 202310.xlsx,Respuestas,109,encuesta_marcada_invalida_en_origen,Conservar y revisar; no eliminar ni sobrescribir
Encuesta Normal,1405303,202310,data/bronce/Bookeau/Encuesta Normal/Encuesta Estudiante Normal 202310.xlsx,Respuestas,178,encuesta_marcada_invalida_en_origen,Conservar y revisar; no eliminar ni sobrescribir
Encuesta Normal,1419517,202310,data/bronce/Bookeau/Encuesta Normal/Encuesta Estudiante Normal 202310.xlsx,Respuestas,199,encuesta_marcada_invalida_en_origen,Conservar y revisar; no eliminar ni sobrescribir
Encuesta Normal,1592675,202320,data/bronce/Bookeau/Encuesta Normal/Encuesta Estudiante Normal 202320.xlsx,Respuestas,346,encuesta_marcada_invalida_en_origen,Conservar y revisar; no eliminar ni sobrescribir
Encuesta Normal,1604902,202320,data/bronce/Bookeau/Encuesta Normal/Encuesta Estudiante Normal 202320.xlsx,Respuestas,404,encuesta_marcada_invalida_en_origen,Conservar y revisar; no eliminar ni sobrescribir
Encuesta Normal,1609111,202320,data/bronce/Bookeau/Encuesta Normal/Encuesta Estudiante Normal 202320.xlsx,Respuestas,440,encuesta_marcada_invalida_en_origen,Conservar y revisar; no eliminar ni sobrescribir
Encuesta Normal,1614688,202320,data/bronce/Bookeau/Encuesta Normal/Encuesta Estudiante Normal 202320.xlsx,Respuestas,471,encuesta_marcada_invalida_en_origen,Conservar y revisar; no eliminar ni sobrescribir
Encuesta Normal,1614909,202320,data/bronce/Bookeau/Encuesta Normal/Encuesta Estudiante Normal 202320.xlsx,Respuestas,489,encuesta_marcada_invalida_en_origen,Conservar y revisar; no eliminar ni sobrescribir
Encuesta Normal,1614961,202320,data/bronce/Bookeau/Encuesta Normal/Encuesta Estudiante Normal 202320.xlsx,Respuestas,596,encuesta_marcada_invalida_en_origen,Conservar y revisar; no eliminar ni sobrescribir
Encuesta Normal,1673258,202320,data/bronce/Bookeau/Encuesta Normal/Encuesta Estudiante Normal 202320.xlsx,Respuestas,963,encuesta_marcada_invalida_en_origen,Conservar y revisar; no eliminar ni sobrescribir
Encuesta Normal,1682345,202320,data/bronce/Bookeau/Encuesta Normal/Encuesta Estudiante Normal 202320.xlsx,Respuestas,1037,encuesta_marcada_invalida_en_origen,Conservar y revisar; no eliminar ni sobrescribir
Encuesta Normal,1706479,202320,data/bronce/Bookeau/Encuesta Normal/Encuesta Estudiante Normal 202320.xlsx,Respuestas,1211,encuesta_marcada_invalida_en_origen,Conservar y revisar; no eliminar ni sobrescribir
Encuesta Normal,1724352,202320,data/bronce/Bookeau/Encuesta Normal/Encuesta Estudiante Normal 202320.xlsx,Respuestas,1493,encuesta_marcada_invalida_en_origen,Conservar y revisar; no eliminar ni sobrescribir
Encuesta Normal,1789069,202410,data/bronce/Bookeau/Encuesta Normal/Encuesta Estudiante Normal 202410.xlsx,Respuestas,77,encuesta_marcada_invalida_en_origen,Conservar y revisar; no eliminar ni sobrescribir
Encuesta Normal,1792271,202410,data/bronce/Bookeau/Encuesta Normal/Encuesta Estudiante Normal 202410.xlsx,Respuestas,105,encuesta_marcada_invalida_en_origen,Conservar y revisar; no eliminar ni sobrescribir
Encuesta Normal,1808550,202410,data/bronce/Bookeau/Encuesta Normal/Encuesta Estudiante Normal 202410.xlsx,Respuestas,189,encuesta_marcada_invalida_en_origen,Conservar y revisar; no eliminar ni sobrescribir
Encuesta Normal,1834782,202410,data/bronce/Bookeau/Encuesta Normal/Encuesta Estudiante Normal 202410.xlsx,Respuestas,322,encuesta_marcada_invalida_en_origen,Conservar y revisar; no eliminar ni sobrescribir
Encuesta Normal,1838158,202410,data/bronce/Bookeau/Encuesta Normal/Encuesta Estudiante Normal 202410.xlsx,Respuestas,334,encuesta_marcada_invalida_en_origen,Conservar y revisar; no eliminar ni sobrescribir
Encuesta Normal,1836994,202410,data/bronce/Bookeau/Encuesta Normal/Encuesta Estudiante Normal 202410.xlsx,Respuestas,358,encuesta_marcada_invalida_en_origen,Conservar y revisar; no eliminar ni sobrescribir
Encuesta Normal,1846192,202410,data/bronce/Bookeau/Encuesta Normal/Encuesta Estudiante Normal 202410.xlsx,Respuestas,417,encuesta_marcada_invalida_en_origen,Conservar y revisar; no eliminar ni sobrescribir
Encuesta Normal,1845043,202410,data/bronce/Bookeau/Encuesta Normal/Encuesta Estudiante Normal 202410.xlsx,Respuestas,424,encuesta_marcada_invalida_en_origen,Conservar y revisar; no eliminar ni sobrescribir
Encuesta Normal,1835211,202410,data/bronce/Bookeau/Encuesta Normal/Encuesta Estudiante Normal 202410.xlsx,Respuestas,429,encuesta_marcada_invalida_en_origen,Conservar y revisar; no eliminar ni sobrescribir
Encuesta Normal,1851002,202410,data/bronce/Bookeau/Encuesta Normal/Encuesta Estudiante Normal 202410.xlsx,Respuestas,525,encuesta_marcada_invalida_en_origen,Conservar y revisar; no eliminar ni sobrescribir
Encuesta Normal,1854482,202410,data/bronce/Bookeau/Encuesta Normal/Encuesta Estudiante Normal 202410.xlsx,Respuestas,542,encuesta_marcada_invalida_en_origen,Conservar y revisar; no eliminar ni sobrescribir
Encuesta Normal,1851046,202410,data/bronce/Bookeau/Encuesta Normal/Encuesta Estudiante Normal 202410.xlsx,Respuestas,556,encuesta_marcada_invalida_en_origen,Conservar y revisar; no eliminar ni sobrescribir
Encuesta Normal,1869181,202410,data/bronce/Bookeau/Encuesta Normal/Encuesta Estudiante Normal 202410.xlsx,Respuestas,643,encuesta_marcada_invalida_en_origen,Conservar y revisar; no eliminar ni sobrescribir
Encuesta Normal,1873573,202410,data/bronce/Bookeau/Encuesta Normal/Encuesta Estudiante Normal 202410.xlsx,Respuestas,651,encuesta_marcada_invalida_en_origen,Conservar y revisar; no eliminar ni sobrescribir
Encuesta Normal,1888953,202410,data/bronce/Bookeau/Encuesta Normal/Encuesta Estudiante Normal 202410.xlsx,Respuestas,750,encuesta_marcada_invalida_en_origen,Conservar y revisar; no eliminar ni sobrescribir
Encuesta Normal,1937806,202410,data/bronce/Bookeau/Encuesta Normal/Encuesta Estudiante Normal 202410.xlsx,Respuestas,1125,encuesta_marcada_invalida_en_origen,Conservar y revisar; no eliminar ni sobrescribir
Encuesta Normal,1945403,202410,data/bronce/Bookeau/Encuesta Normal/Encuesta Estudiante Normal 202410.xlsx,Respuestas,1196,encuesta_marcada_invalida_en_origen,Conservar y revisar; no eliminar ni sobrescribir
Encuesta Normal,1953812,202410,data/bronce/Bookeau/Encuesta Normal/Encuesta Estudiante Normal 202410.xlsx,Respuestas,1213,encuesta_marcada_invalida_en_origen,Conservar y revisar; no eliminar ni sobrescribir
Encuesta Normal,1955355,202410,data/bronce/Bookeau/Encuesta Normal/Encuesta Estudiante Normal 202410.xlsx,Respuestas,1264,encuesta_marcada_invalida_en_origen,Conservar y revisar; no eliminar ni sobrescribir
Encuesta Normal,1975275,202410,data/bronce/Bookeau/Encuesta Normal/Encuesta Estudiante Normal 202410.xlsx,Respuestas,1399,encuesta_marcada_invalida_en_origen,Conservar y revisar; no eliminar ni sobrescribir
Encuesta Normal,1978190,202410,data/bronce/Bookeau/Encuesta Normal/Encuesta Estudiante Normal 202410.xlsx,Respuestas,1443,encuesta_marcada_invalida_en_origen,Conservar y revisar; no eliminar ni sobrescribir
Encuesta Normal,2047653,202420,data/bronce/Bookeau/Encuesta Normal/Encuesta Estudiante Normal 202420.xlsx,Respuestas,59,encuesta_marcada_invalida_en_origen,Conservar y revisar; no eliminar ni sobrescribir
Encuesta Normal,2113487,202420,data/bronce/Bookeau/Encuesta Normal/Encuesta Estudiante Normal 202420.xlsx,Respuestas,443,encuesta_marcada_invalida_en_origen,Conservar y revisar; no eliminar ni sobrescribir
Encuesta Normal,2118664,202420,data/bronce/Bookeau/Encuesta Normal/Encuesta Estudiante Normal 202420.xlsx,Respuestas,495,encuesta_marcada_invalida_en_origen,Conservar y revisar; no eliminar ni sobrescribir
Encuesta Normal,2127576,202420,data/bronce/Bookeau/Encuesta Normal/Encuesta Estudiante Normal 202420.xlsx,Respuestas,597,encuesta_marcada_invalida_en_origen,Conservar y revisar; no eliminar ni sobrescribir
Encuesta Normal,2141139,202420,data/bronce/Bookeau/Encuesta Normal/Encuesta Estudiante Normal 202420.xlsx,Respuestas,660,encuesta_marcada_invalida_en_origen,Conservar y revisar; no eliminar ni sobrescribir
Encuesta Normal,2195469,202420,data/bronce/Bookeau/Encuesta Normal/Encuesta Estudiante Normal 202420.xlsx,Respuestas,1075,encuesta_marcada_invalida_en_origen,Conservar y revisar; no eliminar ni sobrescribir
Encuesta Normal,2196476,202420,data/bronce/Bookeau/Encuesta Normal/Encuesta Estudiante Normal 202420.xlsx,Respuestas,1119,encuesta_marcada_invalida_en_origen,Conservar y revisar; no eliminar ni sobrescribir
Encuesta Normal,2214352,202420,data/bronce/Bookeau/Encuesta Normal/Encuesta Estudiante Normal 202420.xlsx,Respuestas,1214,encuesta_marcada_invalida_en_origen,Conservar y revisar; no eliminar ni sobrescribir
Encuesta Normal,2225576,202420,data/bronce/Bookeau/Encuesta Normal/Encuesta Estudiante Normal 202420.xlsx,Respuestas,1327,encuesta_marcada_invalida_en_origen,Conservar y revisar; no eliminar ni sobrescribir
Encuesta Normal,2271828,202510,data/bronce/Bookeau/Encuesta Normal/Encuesta Estudiante Normal 202510.xlsx,Respuestas,13,atributos_difieren_de_reserva,Conservar y revisar; no eliminar ni sobrescribir
Encuesta Normal,2272006,202510,data/bronce/Bookeau/Encuesta Normal/Encuesta Estudiante Normal 202510.xlsx,Respuestas,17,atributos_difieren_de_reserva,Conservar y revisar; no eliminar ni sobrescribir
Encuesta Normal,2275486,202510,data/bronce/Bookeau/Encuesta Normal/Encuesta Estudiante Normal 202510.xlsx,Respuestas,20,atributos_difieren_de_reserva,Conservar y revisar; no eliminar ni sobrescribir
Encuesta Normal,2275975,202510,data/bronce/Bookeau/Encuesta Normal/Encuesta Estudiante Normal 202510.xlsx,Respuestas,28,atributos_difieren_de_reserva,Conservar y revisar; no eliminar ni sobrescribir
Encuesta Normal,2276943,202510,data/bronce/Bookeau/Encuesta Normal/Encuesta Estudiante Normal 202510.xlsx,Respuestas,30,atributos_difieren_de_reserva,Conservar y revisar; no eliminar ni sobrescribir
Encuesta Normal,2273495,202510,data/bronce/Bookeau/Encuesta Normal/Encuesta Estudiante Normal 202510.xlsx,Respuestas,32,atributos_difieren_de_reserva,Conservar y revisar; no eliminar ni sobrescribir
Encuesta Normal,2273855,202510,data/bronce/Bookeau/Encuesta Normal/Encuesta Estudiante Normal 202510.xlsx,Respuestas,33,atributos_difieren_de_reserva,Conservar y revisar; no eliminar ni sobrescribir
Encuesta Normal,2275030,202510,data/bronce/Bookeau/Encuesta Normal/Encuesta Estudiante Normal 202510.xlsx,Respuestas,45,atributos_difieren_de_reserva,Conservar y revisar; no eliminar ni sobrescribir
Encuesta Normal,2279050,202510,data/bronce/Bookeau/Encuesta Normal/Encuesta Estudiante Normal 202510.xlsx,Respuestas,53,atributos_difieren_de_reserva,Conservar y revisar; no eliminar ni sobrescribir
Encuesta Normal,2278934,202510,data/bronce/Bookeau/Encuesta Normal/Encuesta Estudiante Normal 202510.xlsx,Respuestas,56,atributos_difieren_de_reserva,Conservar y revisar; no eliminar ni sobrescribir
Encuesta Normal,2282751,202510,data/bronce/Bookeau/Encuesta Normal/Encuesta Estudiante Normal 202510.xlsx,Respuestas,62,atributos_difieren_de_reserva,Conservar y revisar; no eliminar ni sobrescribir
Encuesta Normal,2274227,202510,data/bronce/Bookeau/Encuesta Normal/Encuesta Estudiante Normal 202510.xlsx,Respuestas,70,atributos_difieren_de_reserva,Conservar y revisar; no eliminar ni sobrescribir
Encuesta Normal,2277015,202510,data/bronce/Bookeau/Encuesta Normal/Encuesta Estudiante Normal 202510.xlsx,Respuestas,73,encuesta_marcada_invalida_en_origen,Conservar y revisar; no eliminar ni sobrescribir
Encuesta Normal,2282898,202510,data/bronce/Bookeau/Encuesta Normal/Encuesta Estudiante Normal 202510.xlsx,Respuestas,74,atributos_difieren_de_reserva,Conservar y revisar; no eliminar ni sobrescribir
Encuesta Normal,2281600,202510,data/bronce/Bookeau/Encuesta Normal/Encuesta Estudiante Normal 202510.xlsx,Respuestas,91,atributos_difieren_de_reserva,Conservar y revisar; no eliminar ni sobrescribir
Encuesta Normal,2283505,202510,data/bronce/Bookeau/Encuesta Normal/Encuesta Estudiante Normal 202510.xlsx,Respuestas,102,atributos_difieren_de_reserva,Conservar y revisar; no eliminar ni sobrescribir
Encuesta Normal,2286123,202510,data/bronce/Bookeau/Encuesta Normal/Encuesta Estudiante Normal 202510.xlsx,Respuestas,103,atributos_difieren_de_reserva,Conservar y revisar; no eliminar ni sobrescribir
Encuesta Normal,2287828,202510,data/bronce/Bookeau/Encuesta Normal/Encuesta Estudiante Normal 202510.xlsx,Respuestas,106,atributos_difieren_de_reserva,Conservar y revisar; no eliminar ni sobrescribir
Encuesta Normal,2287793,202510,data/bronce/Bookeau/Encuesta Normal/Encuesta Estudiante Normal 202510.xlsx,Respuestas,115,atributos_difieren_de_reserva,Conservar y revisar; no eliminar ni sobrescribir
Encuesta Normal,2288293,202510,data/bronce/Bookeau/Encuesta Normal/Encuesta Estudiante Normal 202510.xlsx,Respuestas,119,atributos_difieren_de_reserva,Conservar y revisar; no eliminar ni sobrescribir
Encuesta Normal,2287867,202510,data/bronce/Bookeau/Encuesta Normal/Encuesta Estudiante Normal 202510.xlsx,Respuestas,121,atributos_difieren_de_reserva,Conservar y revisar; no eliminar ni sobrescribir
Encuesta Normal,2287789,202510,data/bronce/Bookeau/Encuesta Normal/Encuesta Estudiante Normal 202510.xlsx,Respuestas,125,atributos_difieren_de_reserva,Conservar y revisar; no eliminar ni sobrescribir
Encuesta Normal,2287948,202510,data/bronce/Bookeau/Encuesta Normal/Encuesta Estudiante Normal 202510.xlsx,Respuestas,128,atributos_difieren_de_reserva,Conservar y revisar; no eliminar ni sobrescribir
Encuesta Normal,2288130,202510,data/bronce/Bookeau/Encuesta Normal/Encuesta Estudiante Normal 202510.xlsx,Respuestas,129,atributos_difieren_de_reserva,Conservar y revisar; no eliminar ni sobrescribir
Encuesta Normal,2288433,202510,data/bronce/Bookeau/Encuesta Normal/Encuesta Estudiante Normal 202510.xlsx,Respuestas,132,atributos_difieren_de_reserva,Conservar y revisar; no eliminar ni sobrescribir
Encuesta Normal,2293393,202510,data/bronce/Bookeau/Encuesta Normal/Encuesta Estudiante Normal 202510.xlsx,Respuestas,140,atributos_difieren_de_reserva,Conservar y revisar; no eliminar ni sobrescribir
Encuesta Normal,2287823,202510,data/bronce/Bookeau/Encuesta Normal/Encuesta Estudiante Normal 202510.xlsx,Respuestas,141,atributos_difieren_de_reserva,Conservar y revisar; no eliminar ni sobrescribir
Encuesta Normal,2291043,202510,data/bronce/Bookeau/Encuesta Normal/Encuesta Estudiante Normal 202510.xlsx,Respuestas,143,atributos_difieren_de_reserva,Conservar y revisar; no eliminar ni sobrescribir
Encuesta Normal,2287791,202510,data/bronce/Bookeau/Encuesta Normal/Encuesta Estudiante Normal 202510.xlsx,Respuestas,159,atributos_difieren_de_reserva,Conservar y revisar; no eliminar ni sobrescribir
Encuesta Normal,2294502,202510,data/bronce/Bookeau/Encuesta Normal/Encuesta Estudiante Normal 202510.xlsx,Respuestas,164,atributos_difieren_de_reserva,Conservar y revisar; no eliminar ni sobrescribir
Encuesta Normal,2296879,202510,data/bronce/Bookeau/Encuesta Normal/Encuesta Estudiante Normal 202510.xlsx,Respuestas,180,atributos_difieren_de_reserva,Conservar y revisar; no eliminar ni sobrescribir
Encuesta Normal,2299852,202510,data/bronce/Bookeau/Encuesta Normal/Encuesta Estudiante Normal 202510.xlsx,Respuestas,185,atributos_difieren_de_reserva,Conservar y revisar; no eliminar ni sobrescribir
Encuesta Normal,2307324,202510,data/bronce/Bookeau/Encuesta Normal/Encuesta Estudiante Normal 202510.xlsx,Respuestas,197,atributos_difieren_de_reserva,Conservar y revisar; no eliminar ni sobrescribir
Encuesta Normal,2307804,202510,data/bronce/Bookeau/Encuesta Normal/Encuesta Estudiante Normal 202510.xlsx,Respuestas,200,atributos_difieren_de_reserva,Conservar y revisar; no eliminar ni sobrescribir
Encuesta Normal,2309056,202510,data/bronce/Bookeau/Encuesta Normal/Encuesta Estudiante Normal 202510.xlsx,Respuestas,201,atributos_difieren_de_reserva,Conservar y revisar; no eliminar ni sobrescribir
Encuesta Normal,2310543,202510,data/bronce/Bookeau/Encuesta Normal/Encuesta Estudiante Normal 202510.xlsx,Respuestas,208,atributos_difieren_de_reserva,Conservar y revisar; no eliminar ni sobrescribir
Encuesta Normal,2316483,202510,data/bronce/Bookeau/Encuesta Normal/Encuesta Estudiante Normal 202510.xlsx,Respuestas,218,atributos_difieren_de_reserva,Conservar y revisar; no eliminar ni sobrescribir
Encuesta Normal,2319210,202510,data/bronce/Bookeau/Encuesta Normal/Encuesta Estudiante Normal 202510.xlsx,Respuestas,225,atributos_difieren_de_reserva,Conservar y revisar; no eliminar ni sobrescribir
Encuesta Normal,2324842,202510,data/bronce/Bookeau/Encuesta Normal/Encuesta Estudiante Normal 202510.xlsx,Respuestas,232,atributos_difieren_de_reserva,Conservar y revisar; no eliminar ni sobrescribir
Encuesta Normal,2323512,202510,data/bronce/Bookeau/Encuesta Normal/Encuesta Estudiante Normal 202510.xlsx,Respuestas,235,atributos_difieren_de_reserva,Conservar y revisar; no eliminar ni sobrescribir
Encuesta Normal,2324192,202510,data/bronce/Bookeau/Encuesta Normal/Encuesta Estudiante Normal 202510.xlsx,Respuestas,236,atributos_difieren_de_reserva,Conservar y revisar; no eliminar ni sobrescribir
Encuesta Normal,2323426,202510,data/bronce/Bookeau/Encuesta Normal/Encuesta Estudiante Normal 202510.xlsx,Respuestas,242,atributos_difieren_de_reserva,Conservar y revisar; no eliminar ni sobrescribir
Encuesta Normal,2325180,202510,data/bronce/Bookeau/Encuesta Normal/Encuesta Estudiante Normal 202510.xlsx,Respuestas,243,atributos_difieren_de_reserva,Conservar y revisar; no eliminar ni sobrescribir
Encuesta Normal,2330201,202510,data/bronce/Bookeau/Encuesta Normal/Encuesta Estudiante Normal 202510.xlsx,Respuestas,254,atributos_difieren_de_reserva,Conservar y revisar; no eliminar ni sobrescribir
Encuesta Normal,2319215,202510,data/bronce/Bookeau/Encuesta Normal/Encuesta Estudiante Normal 202510.xlsx,Respuestas,257,atributos_difieren_de_reserva,Conservar y revisar; no eliminar ni sobrescribir
Encuesta Normal,2331358,202510,data/bronce/Bookeau/Encuesta Normal/Encuesta Estudiante Normal 202510.xlsx,Respuestas,265,atributos_difieren_de_reserva,Conservar y revisar; no eliminar ni sobrescribir
Encuesta Normal,2331246,202510,data/bronce/Bookeau/Encuesta Normal/Encuesta Estudiante Normal 202510.xlsx,Respuestas,270,atributos_difieren_de_reserva,Conservar y revisar; no eliminar ni sobrescribir
Encuesta Normal,2337618,202510,data/bronce/Bookeau/Encuesta Normal/Encuesta Estudiante Normal 202510.xlsx,Respuestas,277,atributos_difieren_de_reserva,Conservar y revisar; no eliminar ni sobrescribir
Encuesta Normal,2335043,202510,data/bronce/Bookeau/Encuesta Normal/Encuesta Estudiante Normal 202510.xlsx,Respuestas,279,atributos_difieren_de_reserva,Conservar y revisar; no eliminar ni sobrescribir
Encuesta Normal,2334806,202510,data/bronce/Bookeau/Encuesta Normal/Encuesta Estudiante Normal 202510.xlsx,Respuestas,281,atributos_difieren_de_reserva,Conservar y revisar; no eliminar ni sobrescribir
Encuesta Normal,2334787,202510,data/bronce/Bookeau/Encuesta Normal/Encuesta Estudiante Normal 202510.xlsx,Respuestas,283,atributos_difieren_de_reserva,Conservar y revisar; no eliminar ni sobrescribir
Encuesta Normal,2335030,202510,data/bronce/Bookeau/Encuesta Normal/Encuesta Estudiante Normal 202510.xlsx,Respuestas,284,atributos_difieren_de_reserva,Conservar y revisar; no eliminar ni sobrescribir
Encuesta Normal,2336930,202510,data/bronce/Bookeau/Encuesta Normal/Encuesta Estudiante Normal 202510.xlsx,Respuestas,292,atributos_difieren_de_reserva,Conservar y revisar; no eliminar ni sobrescribir
Encuesta Normal,2338867,202510,data/bronce/Bookeau/Encuesta Normal/Encuesta Estudiante Normal 202510.xlsx,Respuestas,294,atributos_difieren_de_reserva,Conservar y revisar; no eliminar ni sobrescribir
Encuesta Normal,2336803,202510,data/bronce/Bookeau/Encuesta Normal/Encuesta Estudiante Normal 202510.xlsx,Respuestas,295,atributos_difieren_de_reserva,Conservar y revisar; no eliminar ni sobrescribir
Encuesta Normal,2339047,202510,data/bronce/Bookeau/Encuesta Normal/Encuesta Estudiante Normal 202510.xlsx,Respuestas,297,atributos_difieren_de_reserva,Conservar y revisar; no eliminar ni sobrescribir
Encuesta Normal,2335034,202510,data/bronce/Bookeau/Encuesta Normal/Encuesta Estudiante Normal 202510.xlsx,Respuestas,300,atributos_difieren_de_reserva,Conservar y revisar; no eliminar ni sobrescribir
Encuesta Normal,2342630,202510,data/bronce/Bookeau/Encuesta Normal/Encuesta Estudiante Normal 202510.xlsx,Respuestas,304,atributos_difieren_de_reserva,Conservar y revisar; no eliminar ni sobrescribir
Encuesta Normal,2339192,202510,data/bronce/Bookeau/Encuesta Normal/Encuesta Estudiante Normal 202510.xlsx,Respuestas,307,atributos_difieren_de_reserva,Conservar y revisar; no eliminar ni sobrescribir
Encuesta Normal,2341689,202510,data/bronce/Bookeau/Encuesta Normal/Encuesta Estudiante Normal 202510.xlsx,Respuestas,316,atributos_difieren_de_reserva,Conservar y revisar; no eliminar ni sobrescribir
Encuesta Normal,2342117,202510,data/bronce/Bookeau/Encuesta Normal/Encuesta Estudiante Normal 202510.xlsx,Respuestas,322,atributos_difieren_de_reserva,Conservar y revisar; no eliminar ni sobrescribir
Encuesta Normal,2345574,202510,data/bronce/Bookeau/Encuesta Normal/Encuesta Estudiante Normal 202510.xlsx,Respuestas,338,atributos_difieren_de_reserva,Conservar y revisar; no eliminar ni sobrescribir
Encuesta Normal,2335108,202510,data/bronce/Bookeau/Encuesta Normal/Encuesta Estudiante Normal 202510.xlsx,Respuestas,339,atributos_difieren_de_reserva,Conservar y revisar; no eliminar ni sobrescribir
Encuesta Normal,2338094,202510,data/bronce/Bookeau/Encuesta Normal/Encuesta Estudiante Normal 202510.xlsx,Respuestas,361,atributos_difieren_de_reserva,Conservar y revisar; no eliminar ni sobrescribir
Encuesta Normal,2345109,202510,data/bronce/Bookeau/Encuesta Normal/Encuesta Estudiante Normal 202510.xlsx,Respuestas,382,atributos_difieren_de_reserva,Conservar y revisar; no eliminar ni sobrescribir
Encuesta Normal,2343917,202510,data/bronce/Bookeau/Encuesta Normal/Encuesta Estudiante Normal 202510.xlsx,Respuestas,386,atributos_difieren_de_reserva,Conservar y revisar; no eliminar ni sobrescribir
Encuesta Normal,2350860,202510,data/bronce/Bookeau/Encuesta Normal/Encuesta Estudiante Normal 202510.xlsx,Respuestas,398,atributos_difieren_de_reserva,Conservar y revisar; no eliminar ni sobrescribir
Encuesta Normal,2350340,202510,data/bronce/Bookeau/Encuesta Normal/Encuesta Estudiante Normal 202510.xlsx,Respuestas,411,atributos_difieren_de_reserva,Conservar y revisar; no eliminar ni sobrescribir
Encuesta Normal,2350343,202510,data/bronce/Bookeau/Encuesta Normal/Encuesta Estudiante Normal 202510.xlsx,Respuestas,412,atributos_difieren_de_reserva,Conservar y revisar; no eliminar ni sobrescribir
Encuesta Normal,2350366,202510,data/bronce/Bookeau/Encuesta Normal/Encuesta Estudiante Normal 202510.xlsx,Respuestas,431,atributos_difieren_de_reserva,Conservar y revisar; no eliminar ni sobrescribir
Encuesta Normal,2350022,202510,data/bronce/Bookeau/Encuesta Normal/Encuesta Estudiante Normal 202510.xlsx,Respuestas,436,atributos_difieren_de_reserva,Conservar y revisar; no eliminar ni sobrescribir
Encuesta Normal,2351266,202510,data/bronce/Bookeau/Encuesta Normal/Encuesta Estudiante Normal 202510.xlsx,Respuestas,439,atributos_difieren_de_reserva,Conservar y revisar; no eliminar ni sobrescribir
Encuesta Normal,2353466,202510,data/bronce/Bookeau/Encuesta Normal/Encuesta Estudiante Normal 202510.xlsx,Respuestas,440,atributos_difieren_de_reserva,Conservar y revisar; no eliminar ni sobrescribir
Encuesta Normal,2354076,202510,data/bronce/Bookeau/Encuesta Normal/Encuesta Estudiante Normal 202510.xlsx,Respuestas,441,encuesta_marcada_invalida_en_origen,Conservar y revisar; no eliminar ni sobrescribir
Encuesta Normal,2350329,202510,data/bronce/Bookeau/Encuesta Normal/Encuesta Estudiante Normal 202510.xlsx,Respuestas,445,atributos_difieren_de_reserva,Conservar y revisar; no eliminar ni sobrescribir
Encuesta Normal,2350419,202510,data/bronce/Bookeau/Encuesta Normal/Encuesta Estudiante Normal 202510.xlsx,Respuestas,447,atributos_difieren_de_reserva,Conservar y revisar; no eliminar ni sobrescribir
Encuesta Normal,2350028,202510,data/bronce/Bookeau/Encuesta Normal/Encuesta Estudiante Normal 202510.xlsx,Respuestas,454,atributos_difieren_de_reserva,Conservar y revisar; no eliminar ni sobrescribir
Encuesta Normal,2350417,202510,data/bronce/Bookeau/Encuesta Normal/Encuesta Estudiante Normal 202510.xlsx,Respuestas,459,atributos_difieren_de_reserva,Conservar y revisar; no eliminar ni sobrescribir
Encuesta Normal,2350948,202510,data/bronce/Bookeau/Encuesta Normal/Encuesta Estudiante Normal 202510.xlsx,Respuestas,464,atributos_difieren_de_reserva,Conservar y revisar; no eliminar ni sobrescribir
Encuesta Normal,2350727,202510,data/bronce/Bookeau/Encuesta Normal/Encuesta Estudiante Normal 202510.xlsx,Respuestas,487,atributos_difieren_de_reserva,Conservar y revisar; no eliminar ni sobrescribir
Encuesta Normal,2357361,202510,data/bronce/Bookeau/Encuesta Normal/Encuesta Estudiante Normal 202510.xlsx,Respuestas,492,atributos_difieren_de_reserva,Conservar y revisar; no eliminar ni sobrescribir
Encuesta Normal,2350667,202510,data/bronce/Bookeau/Encuesta Normal/Encuesta Estudiante Normal 202510.xlsx,Respuestas,497,atributos_difieren_de_reserva,Conservar y revisar; no eliminar ni sobrescribir
Encuesta Normal,2354129,202510,data/bronce/Bookeau/Encuesta Normal/Encuesta Estudiante Normal 202510.xlsx,Respuestas,505,atributos_difieren_de_reserva,Conservar y revisar; no eliminar ni sobrescribir
Encuesta Normal,2353394,202510,data/bronce/Bookeau/Encuesta Normal/Encuesta Estudiante Normal 202510.xlsx,Respuestas,515,atributos_difieren_de_reserva,Conservar y revisar; no eliminar ni sobrescribir
Encuesta Normal,2355964,202510,data/bronce/Bookeau/Encuesta Normal/Encuesta Estudiante Normal 202510.xlsx,Respuestas,532,atributos_difieren_de_reserva,Conservar y revisar; no eliminar ni sobrescribir
Encuesta Normal,2352600,202510,data/bronce/Bookeau/Encuesta Normal/Encuesta Estudiante Normal 202510.xlsx,Respuestas,534,atributos_difieren_de_reserva,Conservar y revisar; no eliminar ni sobrescribir
Encuesta Normal,2360586,202510,data/bronce/Bookeau/Encuesta Normal/Encuesta Estudiante Normal 202510.xlsx,Respuestas,544,atributos_difieren_de_reserva,Conservar y revisar; no eliminar ni sobrescribir
Encuesta Normal,2361106,202510,data/bronce/Bookeau/Encuesta Normal/Encuesta Estudiante Normal 202510.xlsx,Respuestas,545,atributos_difieren_de_reserva,Conservar y revisar; no eliminar ni sobrescribir
Encuesta Normal,2370787,202510,data/bronce/Bookeau/Encuesta Normal/Encuesta Estudiante Normal 202510.xlsx,Respuestas,554,atributos_difieren_de_reserva,Conservar y revisar; no eliminar ni sobrescribir
Encuesta Normal,2373370,202510,data/bronce/Bookeau/Encuesta Normal/Encuesta Estudiante Normal 202510.xlsx,Respuestas,558,atributos_difieren_de_reserva,Conservar y revisar; no eliminar ni sobrescribir
Encuesta Normal,2369569,202510,data/bronce/Bookeau/Encuesta Normal/Encuesta Estudiante Normal 202510.xlsx,Respuestas,559,atributos_difieren_de_reserva,Conservar y revisar; no eliminar ni sobrescribir
Encuesta Normal,2374650,202510,data/bronce/Bookeau/Encuesta Normal/Encuesta Estudiante Normal 202510.xlsx,Respuestas,565,atributos_difieren_de_reserva,Conservar y revisar; no eliminar ni sobrescribir
Encuesta Normal,2382258,202510,data/bronce/Bookeau/Encuesta Normal/Encuesta Estudiante Normal 202510.xlsx,Respuestas,587,atributos_difieren_de_reserva,Conservar y revisar; no eliminar ni sobrescribir
Encuesta Normal,2385062,202510,data/bronce/Bookeau/Encuesta Normal/Encuesta Estudiante Normal 202510.xlsx,Respuestas,589,atributos_difieren_de_reserva,Conservar y revisar; no eliminar ni sobrescribir
Encuesta Normal,2386948,202510,data/bronce/Bookeau/Encuesta Normal/Encuesta Estudiante Normal 202510.xlsx,Respuestas,597,atributos_difieren_de_reserva,Conservar y revisar; no eliminar ni sobrescribir
Encuesta Normal,2388513,202510,data/bronce/Bookeau/Encuesta Normal/Encuesta Estudiante Normal 202510.xlsx,Respuestas,600,atributos_difieren_de_reserva,Conservar y revisar; no eliminar ni sobrescribir
Encuesta Normal,2390264,202510,data/bronce/Bookeau/Encuesta Normal/Encuesta Estudiante Normal 202510.xlsx,Respuestas,615,atributos_difieren_de_reserva,Conservar y revisar; no eliminar ni sobrescribir
Encuesta Normal,2382044,202510,data/bronce/Bookeau/Encuesta Normal/Encuesta Estudiante Normal 202510.xlsx,Respuestas,619,atributos_difieren_de_reserva,Conservar y revisar; no eliminar ni sobrescribir
Encuesta Normal,2395927,202510,data/bronce/Bookeau/Encuesta Normal/Encuesta Estudiante Normal 202510.xlsx,Respuestas,632,atributos_difieren_de_reserva,Conservar y revisar; no eliminar ni sobrescribir
Encuesta Normal,2398107,202510,data/bronce/Bookeau/Encuesta Normal/Encuesta Estudiante Normal 202510.xlsx,Respuestas,642,atributos_difieren_de_reserva,Conservar y revisar; no eliminar ni sobrescribir
Encuesta Normal,2396884,202510,data/bronce/Bookeau/Encuesta Normal/Encuesta Estudiante Normal 202510.xlsx,Respuestas,645,atributos_difieren_de_reserva,Conservar y revisar; no eliminar ni sobrescribir
Encuesta Normal,2399041,202510,data/bronce/Bookeau/Encuesta Normal/Encuesta Estudiante Normal 202510.xlsx,Respuestas,646,atributos_difieren_de_reserva,Conservar y revisar; no eliminar ni sobrescribir
Encuesta Normal,2400334,202510,data/bronce/Bookeau/Encuesta Normal/Encuesta Estudiante Normal 202510.xlsx,Respuestas,652,atributos_difieren_de_reserva,Conservar y revisar; no eliminar ni sobrescribir
Encuesta Normal,2397042,202510,data/bronce/Bookeau/Encuesta Normal/Encuesta Estudiante Normal 202510.xlsx,Respuestas,655,atributos_difieren_de_reserva,Conservar y revisar; no eliminar ni sobrescribir
Encuesta Normal,2399283,202510,data/bronce/Bookeau/Encuesta Normal/Encuesta Estudiante Normal 202510.xlsx,Respuestas,656,atributos_difieren_de_reserva,Conservar y revisar; no eliminar ni sobrescribir
Encuesta Normal,2400179,202510,data/bronce/Bookeau/Encuesta Normal/Encuesta Estudiante Normal 202510.xlsx,Respuestas,670,atributos_difieren_de_reserva,Conservar y revisar; no eliminar ni sobrescribir
Encuesta Normal,2405283,202510,data/bronce/Bookeau/Encuesta Normal/Encuesta Estudiante Normal 202510.xlsx,Respuestas,679,atributos_difieren_de_reserva,Conservar y revisar; no eliminar ni sobrescribir
Encuesta Normal,2404379,202510,data/bronce/Bookeau/Encuesta Normal/Encuesta Estudiante Normal 202510.xlsx,Respuestas,680,atributos_difieren_de_reserva,Conservar y revisar; no eliminar ni sobrescribir
Encuesta Normal,2405304,202510,data/bronce/Bookeau/Encuesta Normal/Encuesta Estudiante Normal 202510.xlsx,Respuestas,688,atributos_difieren_de_reserva,Conservar y revisar; no eliminar ni sobrescribir
Encuesta Normal,2407165,202510,data/bronce/Bookeau/Encuesta Normal/Encuesta Estudiante Normal 202510.xlsx,Respuestas,693,atributos_difieren_de_reserva,Conservar y revisar; no eliminar ni sobrescribir
Encuesta Normal,2409696,202510,data/bronce/Bookeau/Encuesta Normal/Encuesta Estudiante Normal 202510.xlsx,Respuestas,696,atributos_difieren_de_reserva,Conservar y revisar; no eliminar ni sobrescribir
Encuesta Normal,2409347,202510,data/bronce/Bookeau/Encuesta Normal/Encuesta Estudiante Normal 202510.xlsx,Respuestas,703,atributos_difieren_de_reserva,Conservar y revisar; no eliminar ni sobrescribir
Encuesta Normal,2409706,202510,data/bronce/Bookeau/Encuesta Normal/Encuesta Estudiante Normal 202510.xlsx,Respuestas,704,atributos_difieren_de_reserva,Conservar y revisar; no eliminar ni sobrescribir
Encuesta Normal,2409712,202510,data/bronce/Bookeau/Encuesta Normal/Encuesta Estudiante Normal 202510.xlsx,Respuestas,709,atributos_difieren_de_reserva,Conservar y revisar; no eliminar ni sobrescribir
Encuesta Normal,2409994,202510,data/bronce/Bookeau/Encuesta Normal/Encuesta Estudiante Normal 202510.xlsx,Respuestas,716,atributos_difieren_de_reserva,Conservar y revisar; no eliminar ni sobrescribir
Encuesta Normal,2409649,202510,data/bronce/Bookeau/Encuesta Normal/Encuesta Estudiante Normal 202510.xlsx,Respuestas,719,atributos_difieren_de_reserva,Conservar y revisar; no eliminar ni sobrescribir
Encuesta Normal,2409351,202510,data/bronce/Bookeau/Encuesta Normal/Encuesta Estudiante Normal 202510.xlsx,Respuestas,724,atributos_difieren_de_reserva,Conservar y revisar; no eliminar ni sobrescribir
Encuesta Normal,2412523,202510,data/bronce/Bookeau/Encuesta Normal/Encuesta Estudiante Normal 202510.xlsx,Respuestas,734,atributos_difieren_de_reserva,Conservar y revisar; no eliminar ni sobrescribir
Encuesta Normal,2416709,202510,data/bronce/Bookeau/Encuesta Normal/Encuesta Estudiante Normal 202510.xlsx,Respuestas,745,atributos_difieren_de_reserva,Conservar y revisar; no eliminar ni sobrescribir
Encuesta Normal,2416394,202510,data/bronce/Bookeau/Encuesta Normal/Encuesta Estudiante Normal 202510.xlsx,Respuestas,750,atributos_difieren_de_reserva,Conservar y revisar; no eliminar ni sobrescribir
Encuesta Normal,2409711,202510,data/bronce/Bookeau/Encuesta Normal/Encuesta Estudiante Normal 202510.xlsx,Respuestas,751,atributos_difieren_de_reserva,Conservar y revisar; no eliminar ni sobrescribir
Encuesta Normal,2418068,202510,data/bronce/Bookeau/Encuesta Normal/Encuesta Estudiante Normal 202510.xlsx,Respuestas,762,atributos_difieren_de_reserva,Conservar y revisar; no eliminar ni sobrescribir
Encuesta Normal,2412093,202510,data/bronce/Bookeau/Encuesta Normal/Encuesta Estudiante Normal 202510.xlsx,Respuestas,772,atributos_difieren_de_reserva,Conservar y revisar; no eliminar ni sobrescribir
Encuesta Normal,2416271,202510,data/bronce/Bookeau/Encuesta Normal/Encuesta Estudiante Normal 202510.xlsx,Respuestas,784,atributos_difieren_de_reserva,Conservar y revisar; no eliminar ni sobrescribir
Encuesta Normal,2413537,202510,data/bronce/Bookeau/Encuesta Normal/Encuesta Estudiante Normal 202510.xlsx,Respuestas,786,atributos_difieren_de_reserva,Conservar y revisar; no eliminar ni sobrescribir
Encuesta Normal,2421353,202510,data/bronce/Bookeau/Encuesta Normal/Encuesta Estudiante Normal 202510.xlsx,Respuestas,792,atributos_difieren_de_reserva,Conservar y revisar; no eliminar ni sobrescribir
Encuesta Normal,2416278,202510,data/bronce/Bookeau/Encuesta Normal/Encuesta Estudiante Normal 202510.xlsx,Respuestas,797,atributos_difieren_de_reserva,Conservar y revisar; no eliminar ni sobrescribir
Encuesta Normal,2414735,202510,data/bronce/Bookeau/Encuesta Normal/Encuesta Estudiante Normal 202510.xlsx,Respuestas,805,atributos_difieren_de_reserva,Conservar y revisar; no eliminar ni sobrescribir
Encuesta Normal,2424264,202510,data/bronce/Bookeau/Encuesta Normal/Encuesta Estudiante Normal 202510.xlsx,Respuestas,813,atributos_difieren_de_reserva,Conservar y revisar; no eliminar ni sobrescribir
Encuesta Normal,2424070,202510,data/bronce/Bookeau/Encuesta Normal/Encuesta Estudiante Normal 202510.xlsx,Respuestas,825,atributos_difieren_de_reserva,Conservar y revisar; no eliminar ni sobrescribir
Encuesta Normal,2424081,202510,data/bronce/Bookeau/Encuesta Normal/Encuesta Estudiante Normal 202510.xlsx,Respuestas,826,atributos_difieren_de_reserva,Conservar y revisar; no eliminar ni sobrescribir
Encuesta Normal,2424153,202510,data/bronce/Bookeau/Encuesta Normal/Encuesta Estudiante Normal 202510.xlsx,Respuestas,828,atributos_difieren_de_reserva,Conservar y revisar; no eliminar ni sobrescribir
Encuesta Normal,2424267,202510,data/bronce/Bookeau/Encuesta Normal/Encuesta Estudiante Normal 202510.xlsx,Respuestas,835,atributos_difieren_de_reserva,Conservar y revisar; no eliminar ni sobrescribir
Encuesta Normal,2424035,202510,data/bronce/Bookeau/Encuesta Normal/Encuesta Estudiante Normal 202510.xlsx,Respuestas,845,atributos_difieren_de_reserva,Conservar y revisar; no eliminar ni sobrescribir
Encuesta Normal,2424276,202510,data/bronce/Bookeau/Encuesta Normal/Encuesta Estudiante Normal 202510.xlsx,Respuestas,848,atributos_difieren_de_reserva,Conservar y revisar; no eliminar ni sobrescribir
Encuesta Normal,2427965,202510,data/bronce/Bookeau/Encuesta Normal/Encuesta Estudiante Normal 202510.xlsx,Respuestas,853,atributos_difieren_de_reserva,Conservar y revisar; no eliminar ni sobrescribir
Encuesta Normal,2424297,202510,data/bronce/Bookeau/Encuesta Normal/Encuesta Estudiante Normal 202510.xlsx,Respuestas,862,atributos_difieren_de_reserva,Conservar y revisar; no eliminar ni sobrescribir
Encuesta Normal,2424288,202510,data/bronce/Bookeau/Encuesta Normal/Encuesta Estudiante Normal 202510.xlsx,Respuestas,864,atributos_difieren_de_reserva,Conservar y revisar; no eliminar ni sobrescribir
Encuesta Normal,2426782,202510,data/bronce/Bookeau/Encuesta Normal/Encuesta Estudiante Normal 202510.xlsx,Respuestas,867,atributos_difieren_de_reserva,Conservar y revisar; no eliminar ni sobrescribir
Encuesta Normal,2424285,202510,data/bronce/Bookeau/Encuesta Normal/Encuesta Estudiante Normal 202510.xlsx,Respuestas,869,atributos_difieren_de_reserva,Conservar y revisar; no eliminar ni sobrescribir
Encuesta Normal,2427128,202510,data/bronce/Bookeau/Encuesta Normal/Encuesta Estudiante Normal 202510.xlsx,Respuestas,870,atributos_difieren_de_reserva,Conservar y revisar; no eliminar ni sobrescribir
Encuesta Normal,2424402,202510,data/bronce/Bookeau/Encuesta Normal/Encuesta Estudiante Normal 202510.xlsx,Respuestas,874,atributos_difieren_de_reserva,Conservar y revisar; no eliminar ni sobrescribir
Encuesta Normal,2430117,202510,data/bronce/Bookeau/Encuesta Normal/Encuesta Estudiante Normal 202510.xlsx,Respuestas,889,atributos_difieren_de_reserva,Conservar y revisar; no eliminar ni sobrescribir
Encuesta Normal,2424492,202510,data/bronce/Bookeau/Encuesta Normal/Encuesta Estudiante Normal 202510.xlsx,Respuestas,892,atributos_difieren_de_reserva,Conservar y revisar; no eliminar ni sobrescribir
Encuesta Normal,2424817,202510,data/bronce/Bookeau/Encuesta Normal/Encuesta Estudiante Normal 202510.xlsx,Respuestas,899,atributos_difieren_de_reserva,Conservar y revisar; no eliminar ni sobrescribir
Encuesta Normal,2424522,202510,data/bronce/Bookeau/Encuesta Normal/Encuesta Estudiante Normal 202510.xlsx,Respuestas,904,atributos_difieren_de_reserva,Conservar y revisar; no eliminar ni sobrescribir
Encuesta Normal,2426954,202510,data/bronce/Bookeau/Encuesta Normal/Encuesta Estudiante Normal 202510.xlsx,Respuestas,919,atributos_difieren_de_reserva,Conservar y revisar; no eliminar ni sobrescribir
Encuesta Normal,2426101,202510,data/bronce/Bookeau/Encuesta Normal/Encuesta Estudiante Normal 202510.xlsx,Respuestas,924,atributos_difieren_de_reserva,Conservar y revisar; no eliminar ni sobrescribir
Encuesta Normal,2431316,202510,data/bronce/Bookeau/Encuesta Normal/Encuesta Estudiante Normal 202510.xlsx,Respuestas,930,atributos_difieren_de_reserva,Conservar y revisar; no eliminar ni sobrescribir
Encuesta Normal,2431754,202510,data/bronce/Bookeau/Encuesta Normal/Encuesta Estudiante Normal 202510.xlsx,Respuestas,931,atributos_difieren_de_reserva,Conservar y revisar; no eliminar ni sobrescribir
Encuesta Normal,2436372,202510,data/bronce/Bookeau/Encuesta Normal/Encuesta Estudiante Normal 202510.xlsx,Respuestas,940,atributos_difieren_de_reserva,Conservar y revisar; no eliminar ni sobrescribir
Encuesta Normal,2437726,202510,data/bronce/Bookeau/Encuesta Normal/Encuesta Estudiante Normal 202510.xlsx,Respuestas,946,atributos_difieren_de_reserva,Conservar y revisar; no eliminar ni sobrescribir
Encuesta Normal,2439872,202510,data/bronce/Bookeau/Encuesta Normal/Encuesta Estudiante Normal 202510.xlsx,Respuestas,957,atributos_difieren_de_reserva,Conservar y revisar; no eliminar ni sobrescribir
Encuesta Normal,2436692,202510,data/bronce/Bookeau/Encuesta Normal/Encuesta Estudiante Normal 202510.xlsx,Respuestas,958,atributos_difieren_de_reserva,Conservar y revisar; no eliminar ni sobrescribir
Encuesta Normal,2438262,202510,data/bronce/Bookeau/Encuesta Normal/Encuesta Estudiante Normal 202510.xlsx,Respuestas,959,atributos_difieren_de_reserva,Conservar y revisar; no eliminar ni sobrescribir
Encuesta Normal,2437046,202510,data/bronce/Bookeau/Encuesta Normal/Encuesta Estudiante Normal 202510.xlsx,Respuestas,965,atributos_difieren_de_reserva,Conservar y revisar; no eliminar ni sobrescribir
Encuesta Normal,2442483,202510,data/bronce/Bookeau/Encuesta Normal/Encuesta Estudiante Normal 202510.xlsx,Respuestas,971,atributos_difieren_de_reserva,Conservar y revisar; no eliminar ni sobrescribir
Encuesta Normal,2439841,202510,data/bronce/Bookeau/Encuesta Normal/Encuesta Estudiante Normal 202510.xlsx,Respuestas,973,atributos_difieren_de_reserva,Conservar y revisar; no eliminar ni sobrescribir
Encuesta Normal,2443531,202510,data/bronce/Bookeau/Encuesta Normal/Encuesta Estudiante Normal 202510.xlsx,Respuestas,983,atributos_difieren_de_reserva,Conservar y revisar; no eliminar ni sobrescribir
Encuesta Normal,2443742,202510,data/bronce/Bookeau/Encuesta Normal/Encuesta Estudiante Normal 202510.xlsx,Respuestas,986,atributos_difieren_de_reserva,Conservar y revisar; no eliminar ni sobrescribir
Encuesta Normal,2449163,202510,data/bronce/Bookeau/Encuesta Normal/Encuesta Estudiante Normal 202510.xlsx,Respuestas,998,atributos_difieren_de_reserva,Conservar y revisar; no eliminar ni sobrescribir
Encuesta Normal,2449178,202510,data/bronce/Bookeau/Encuesta Normal/Encuesta Estudiante Normal 202510.xlsx,Respuestas,1001,atributos_difieren_de_reserva,Conservar y revisar; no eliminar ni sobrescribir
Encuesta Normal,2449119,202510,data/bronce/Bookeau/Encuesta Normal/Encuesta Estudiante Normal 202510.xlsx,Respuestas,1007,atributos_difieren_de_reserva,Conservar y revisar; no eliminar ni sobrescribir
Encuesta Normal,2452248,202510,data/bronce/Bookeau/Encuesta Normal/Encuesta Estudiante Normal 202510.xlsx,Respuestas,1013,atributos_difieren_de_reserva,Conservar y revisar; no eliminar ni sobrescribir
Encuesta Normal,2450084,202510,data/bronce/Bookeau/Encuesta Normal/Encuesta Estudiante Normal 202510.xlsx,Respuestas,1021,atributos_difieren_de_reserva,Conservar y revisar; no eliminar ni sobrescribir
Encuesta Normal,2454348,202510,data/bronce/Bookeau/Encuesta Normal/Encuesta Estudiante Normal 202510.xlsx,Respuestas,1025,atributos_difieren_de_reserva,Conservar y revisar; no eliminar ni sobrescribir
Encuesta Normal,2451764,202510,data/bronce/Bookeau/Encuesta Normal/Encuesta Estudiante Normal 202510.xlsx,Respuestas,1027,atributos_difieren_de_reserva,Conservar y revisar; no eliminar ni sobrescribir
Encuesta Normal,2455014,202510,data/bronce/Bookeau/Encuesta Normal/Encuesta Estudiante Normal 202510.xlsx,Respuestas,1037,atributos_difieren_de_reserva,Conservar y revisar; no eliminar ni sobrescribir
Encuesta Normal,2458367,202510,data/bronce/Bookeau/Encuesta Normal/Encuesta Estudiante Normal 202510.xlsx,Respuestas,1044,atributos_difieren_de_reserva,Conservar y revisar; no eliminar ni sobrescribir
Encuesta Normal,2456042,202510,data/bronce/Bookeau/Encuesta Normal/Encuesta Estudiante Normal 202510.xlsx,Respuestas,1046,atributos_difieren_de_reserva,Conservar y revisar; no eliminar ni sobrescribir
Encuesta Normal,2458596,202510,data/bronce/Bookeau/Encuesta Normal/Encuesta Estudiante Normal 202510.xlsx,Respuestas,1062,atributos_difieren_de_reserva,Conservar y revisar; no eliminar ni sobrescribir
Encuesta Normal,2461427,202510,data/bronce/Bookeau/Encuesta Normal/Encuesta Estudiante Normal 202510.xlsx,Respuestas,1073,atributos_difieren_de_reserva,Conservar y revisar; no eliminar ni sobrescribir
Encuesta Normal,2463397,202510,data/bronce/Bookeau/Encuesta Normal/Encuesta Estudiante Normal 202510.xlsx,Respuestas,1075,atributos_difieren_de_reserva,Conservar y revisar; no eliminar ni sobrescribir
Encuesta Normal,2463058,202510,data/bronce/Bookeau/Encuesta Normal/Encuesta Estudiante Normal 202510.xlsx,Respuestas,1080,atributos_difieren_de_reserva,Conservar y revisar; no eliminar ni sobrescribir
Encuesta Normal,2463435,202510,data/bronce/Bookeau/Encuesta Normal/Encuesta Estudiante Normal 202510.xlsx,Respuestas,1082,atributos_difieren_de_reserva,Conservar y revisar; no eliminar ni sobrescribir
Encuesta Normal,2463375,202510,data/bronce/Bookeau/Encuesta Normal/Encuesta Estudiante Normal 202510.xlsx,Respuestas,1088,atributos_difieren_de_reserva,Conservar y revisar; no eliminar ni sobrescribir
Encuesta Normal,2464303,202510,data/bronce/Bookeau/Encuesta Normal/Encuesta Estudiante Normal 202510.xlsx,Respuestas,1097,atributos_difieren_de_reserva,Conservar y revisar; no eliminar ni sobrescribir
Encuesta Normal,2463387,202510,data/bronce/Bookeau/Encuesta Normal/Encuesta Estudiante Normal 202510.xlsx,Respuestas,1104,atributos_difieren_de_reserva,Conservar y revisar; no eliminar ni sobrescribir
Encuesta Normal,2463825,202510,data/bronce/Bookeau/Encuesta Normal/Encuesta Estudiante Normal 202510.xlsx,Respuestas,1111,atributos_difieren_de_reserva,Conservar y revisar; no eliminar ni sobrescribir
Encuesta Normal,2463491,202510,data/bronce/Bookeau/Encuesta Normal/Encuesta Estudiante Normal 202510.xlsx,Respuestas,1124,atributos_difieren_de_reserva,Conservar y revisar; no eliminar ni sobrescribir
Encuesta Normal,2463101,202510,data/bronce/Bookeau/Encuesta Normal/Encuesta Estudiante Normal 202510.xlsx,Respuestas,1128,atributos_difieren_de_reserva,Conservar y revisar; no eliminar ni sobrescribir
Encuesta Normal,2464016,202510,data/bronce/Bookeau/Encuesta Normal/Encuesta Estudiante Normal 202510.xlsx,Respuestas,1133,atributos_difieren_de_reserva,Conservar y revisar; no eliminar ni sobrescribir
Encuesta Normal,2466120,202510,data/bronce/Bookeau/Encuesta Normal/Encuesta Estudiante Normal 202510.xlsx,Respuestas,1152,atributos_difieren_de_reserva,Conservar y revisar; no eliminar ni sobrescribir
Encuesta Normal,2465364,202510,data/bronce/Bookeau/Encuesta Normal/Encuesta Estudiante Normal 202510.xlsx,Respuestas,1162,atributos_difieren_de_reserva,Conservar y revisar; no eliminar ni sobrescribir
Encuesta Normal,2465767,202510,data/bronce/Bookeau/Encuesta Normal/Encuesta Estudiante Normal 202510.xlsx,Respuestas,1165,atributos_difieren_de_reserva,Conservar y revisar; no eliminar ni sobrescribir
Encuesta Normal,2471194,202510,data/bronce/Bookeau/Encuesta Normal/Encuesta Estudiante Normal 202510.xlsx,Respuestas,1167,atributos_difieren_de_reserva,Conservar y revisar; no eliminar ni sobrescribir
Encuesta Normal,2470314,202510,data/bronce/Bookeau/Encuesta Normal/Encuesta Estudiante Normal 202510.xlsx,Respuestas,1190,encuesta_marcada_invalida_en_origen,Conservar y revisar; no eliminar ni sobrescribir
Encuesta Normal,2476032,202510,data/bronce/Bookeau/Encuesta Normal/Encuesta Estudiante Normal 202510.xlsx,Respuestas,1204,atributos_difieren_de_reserva,Conservar y revisar; no eliminar ni sobrescribir
Encuesta Normal,2616395,202520,data/bronce/Bookeau/Encuesta Normal/Encuesta Estudiante Normal 202520.xlsx,Respuestas,222,atributos_difieren_de_reserva,Conservar y revisar; no eliminar ni sobrescribir
Encuesta Normal,2619715,202520,data/bronce/Bookeau/Encuesta Normal/Encuesta Estudiante Normal 202520.xlsx,Respuestas,257,encuesta_marcada_invalida_en_origen,Conservar y revisar; no eliminar ni sobrescribir
Encuesta Normal,2644745,202520,data/bronce/Bookeau/Encuesta Normal/Encuesta Estudiante Normal 202520.xlsx,Respuestas,305,atributos_difieren_de_reserva,Conservar y revisar; no eliminar ni sobrescribir
Encuesta Normal,2640045,202520,data/bronce/Bookeau/Encuesta Normal/Encuesta Estudiante Normal 202520.xlsx,Respuestas,306,atributos_difieren_de_reserva,Conservar y revisar; no eliminar ni sobrescribir
Encuesta Normal,2647533,202520,data/bronce/Bookeau/Encuesta Normal/Encuesta Estudiante Normal 202520.xlsx,Respuestas,311,atributos_difieren_de_reserva,Conservar y revisar; no eliminar ni sobrescribir
Encuesta Normal,2645637,202520,data/bronce/Bookeau/Encuesta Normal/Encuesta Estudiante Normal 202520.xlsx,Respuestas,313,atributos_difieren_de_reserva,Conservar y revisar; no eliminar ni sobrescribir
Encuesta Normal,2644998,202520,data/bronce/Bookeau/Encuesta Normal/Encuesta Estudiante Normal 202520.xlsx,Respuestas,314,atributos_difieren_de_reserva,Conservar y revisar; no eliminar ni sobrescribir
Encuesta Normal,2651272,202520,data/bronce/Bookeau/Encuesta Normal/Encuesta Estudiante Normal 202520.xlsx,Respuestas,316,atributos_difieren_de_reserva,Conservar y revisar; no eliminar ni sobrescribir
Encuesta Normal,2651650,202520,data/bronce/Bookeau/Encuesta Normal/Encuesta Estudiante Normal 202520.xlsx,Respuestas,318,atributos_difieren_de_reserva,Conservar y revisar; no eliminar ni sobrescribir
Encuesta Normal,2653523,202520,data/bronce/Bookeau/Encuesta Normal/Encuesta Estudiante Normal 202520.xlsx,Respuestas,319,atributos_difieren_de_reserva,Conservar y revisar; no eliminar ni sobrescribir
Encuesta Normal,2764609,202610,data/bronce/Bookeau/Encuesta Normal/Encuesta Estudiante Normal 202610.xlsx,Respuestas,10,atributos_difieren_de_reserva,Conservar y revisar; no eliminar ni sobrescribir
Encuesta Normal,2768924,202610,data/bronce/Bookeau/Encuesta Normal/Encuesta Estudiante Normal 202610.xlsx,Respuestas,18,atributos_difieren_de_reserva,Conservar y revisar; no eliminar ni sobrescribir
Encuesta Normal,2768950,202610,data/bronce/Bookeau/Encuesta Normal/Encuesta Estudiante Normal 202610.xlsx,Respuestas,19,atributos_difieren_de_reserva,Conservar y revisar; no eliminar ni sobrescribir
Encuesta Normal,2768936,202610,data/bronce/Bookeau/Encuesta Normal/Encuesta Estudiante Normal 202610.xlsx,Respuestas,21,atributos_difieren_de_reserva,Conservar y revisar; no eliminar ni sobrescribir
Encuesta Normal,2769759,202610,data/bronce/Bookeau/Encuesta Normal/Encuesta Estudiante Normal 202610.xlsx,Respuestas,25,atributos_difieren_de_reserva,Conservar y revisar; no eliminar ni sobrescribir
Encuesta Normal,2770723,202610,data/bronce/Bookeau/Encuesta Normal/Encuesta Estudiante Normal 202610.xlsx,Respuestas,35,atributos_difieren_de_reserva,Conservar y revisar; no eliminar ni sobrescribir
Encuesta Normal,2776466,202610,data/bronce/Bookeau/Encuesta Normal/Encuesta Estudiante Normal 202610.xlsx,Respuestas,36,atributos_difieren_de_reserva,Conservar y revisar; no eliminar ni sobrescribir
Encuesta Normal,2776321,202610,data/bronce/Bookeau/Encuesta Normal/Encuesta Estudiante Normal 202610.xlsx,Respuestas,43,atributos_difieren_de_reserva,Conservar y revisar; no eliminar ni sobrescribir
Encuesta Normal,2775435,202610,data/bronce/Bookeau/Encuesta Normal/Encuesta Estudiante Normal 202610.xlsx,Respuestas,44,atributos_difieren_de_reserva,Conservar y revisar; no eliminar ni sobrescribir
Encuesta Normal,2776890,202610,data/bronce/Bookeau/Encuesta Normal/Encuesta Estudiante Normal 202610.xlsx,Respuestas,46,atributos_difieren_de_reserva,Conservar y revisar; no eliminar ni sobrescribir
Encuesta Normal,2774309,202610,data/bronce/Bookeau/Encuesta Normal/Encuesta Estudiante Normal 202610.xlsx,Respuestas,62,atributos_difieren_de_reserva,Conservar y revisar; no eliminar ni sobrescribir
Encuesta Normal,2780176,202610,data/bronce/Bookeau/Encuesta Normal/Encuesta Estudiante Normal 202610.xlsx,Respuestas,67,atributos_difieren_de_reserva,Conservar y revisar; no eliminar ni sobrescribir
Encuesta Normal,2780651,202610,data/bronce/Bookeau/Encuesta Normal/Encuesta Estudiante Normal 202610.xlsx,Respuestas,73,atributos_difieren_de_reserva,Conservar y revisar; no eliminar ni sobrescribir
Encuesta Normal,2779560,202610,data/bronce/Bookeau/Encuesta Normal/Encuesta Estudiante Normal 202610.xlsx,Respuestas,80,atributos_difieren_de_reserva,Conservar y revisar; no eliminar ni sobrescribir
Encuesta Normal,2784670,202610,data/bronce/Bookeau/Encuesta Normal/Encuesta Estudiante Normal 202610.xlsx,Respuestas,92,atributos_difieren_de_reserva,Conservar y revisar; no eliminar ni sobrescribir
Encuesta Normal,2784694,202610,data/bronce/Bookeau/Encuesta Normal/Encuesta Estudiante Normal 202610.xlsx,Respuestas,93,atributos_difieren_de_reserva,Conservar y revisar; no eliminar ni sobrescribir
Encuesta Normal,2784402,202610,data/bronce/Bookeau/Encuesta Normal/Encuesta Estudiante Normal 202610.xlsx,Respuestas,94,atributos_difieren_de_reserva,Conservar y revisar; no eliminar ni sobrescribir
Encuesta Normal,2786405,202610,data/bronce/Bookeau/Encuesta Normal/Encuesta Estudiante Normal 202610.xlsx,Respuestas,99,atributos_difieren_de_reserva,Conservar y revisar; no eliminar ni sobrescribir
Encuesta Normal,2786925,202610,data/bronce/Bookeau/Encuesta Normal/Encuesta Estudiante Normal 202610.xlsx,Respuestas,100,encuesta_marcada_invalida_en_origen,Conservar y revisar; no eliminar ni sobrescribir
Encuesta Normal,2785010,202610,data/bronce/Bookeau/Encuesta Normal/Encuesta Estudiante Normal 202610.xlsx,Respuestas,103,atributos_difieren_de_reserva,Conservar y revisar; no eliminar ni sobrescribir
Encuesta Normal,2791340,202610,data/bronce/Bookeau/Encuesta Normal/Encuesta Estudiante Normal 202610.xlsx,Respuestas,116,atributos_difieren_de_reserva,Conservar y revisar; no eliminar ni sobrescribir
Encuesta Normal,2787462,202610,data/bronce/Bookeau/Encuesta Normal/Encuesta Estudiante Normal 202610.xlsx,Respuestas,118,atributos_difieren_de_reserva,Conservar y revisar; no eliminar ni sobrescribir
Encuesta Normal,2784532,202610,data/bronce/Bookeau/Encuesta Normal/Encuesta Estudiante Normal 202610.xlsx,Respuestas,122,encuesta_marcada_invalida_en_origen,Conservar y revisar; no eliminar ni sobrescribir
Encuesta Normal,2792981,202610,data/bronce/Bookeau/Encuesta Normal/Encuesta Estudiante Normal 202610.xlsx,Respuestas,126,atributos_difieren_de_reserva,Conservar y revisar; no eliminar ni sobrescribir
Encuesta Normal,2790087,202610,data/bronce/Bookeau/Encuesta Normal/Encuesta Estudiante Normal 202610.xlsx,Respuestas,128,atributos_difieren_de_reserva,Conservar y revisar; no eliminar ni sobrescribir
Encuesta Normal,2793192,202610,data/bronce/Bookeau/Encuesta Normal/Encuesta Estudiante Normal 202610.xlsx,Respuestas,139,atributos_difieren_de_reserva,Conservar y revisar; no eliminar ni sobrescribir
Encuesta Normal,2797081,202610,data/bronce/Bookeau/Encuesta Normal/Encuesta Estudiante Normal 202610.xlsx,Respuestas,144,atributos_difieren_de_reserva,Conservar y revisar; no eliminar ni sobrescribir
Encuesta Normal,2799552,202610,data/bronce/Bookeau/Encuesta Normal/Encuesta Estudiante Normal 202610.xlsx,Respuestas,152,atributos_difieren_de_reserva,Conservar y revisar; no eliminar ni sobrescribir
Encuesta Normal,2803477,202610,data/bronce/Bookeau/Encuesta Normal/Encuesta Estudiante Normal 202610.xlsx,Respuestas,153,atributos_difieren_de_reserva,Conservar y revisar; no eliminar ni sobrescribir
Encuesta Normal,2803861,202610,data/bronce/Bookeau/Encuesta Normal/Encuesta Estudiante Normal 202610.xlsx,Respuestas,157,atributos_difieren_de_reserva,Conservar y revisar; no eliminar ni sobrescribir
Encuesta Normal,2815016,202610,data/bronce/Bookeau/Encuesta Normal/Encuesta Estudiante Normal 202610.xlsx,Respuestas,172,encuesta_marcada_invalida_en_origen,Conservar y revisar; no eliminar ni sobrescribir
Encuesta Normal,2815016,202610,data/bronce/Bookeau/Encuesta Normal/Encuesta Estudiante Normal 202610.xlsx,Respuestas,172,atributos_difieren_de_reserva,Conservar y revisar; no eliminar ni sobrescribir
Encuesta Normal,2822818,202610,data/bronce/Bookeau/Encuesta Normal/Encuesta Estudiante Normal 202610.xlsx,Respuestas,182,atributos_difieren_de_reserva,Conservar y revisar; no eliminar ni sobrescribir
Encuesta Normal,2815621,202610,data/bronce/Bookeau/Encuesta Normal/Encuesta Estudiante Normal 202610.xlsx,Respuestas,184,atributos_difieren_de_reserva,Conservar y revisar; no eliminar ni sobrescribir
Encuesta Normal,2822475,202610,data/bronce/Bookeau/Encuesta Normal/Encuesta Estudiante Normal 202610.xlsx,Respuestas,185,atributos_difieren_de_reserva,Conservar y revisar; no eliminar ni sobrescribir
Encuesta Normal,2822156,202610,data/bronce/Bookeau/Encuesta Normal/Encuesta Estudiante Normal 202610.xlsx,Respuestas,190,atributos_difieren_de_reserva,Conservar y revisar; no eliminar ni sobrescribir
Encuesta Normal,2825055,202610,data/bronce/Bookeau/Encuesta Normal/Encuesta Estudiante Normal 202610.xlsx,Respuestas,199,atributos_difieren_de_reserva,Conservar y revisar; no eliminar ni sobrescribir
Encuesta Normal,2828018,202610,data/bronce/Bookeau/Encuesta Normal/Encuesta Estudiante Normal 202610.xlsx,Respuestas,207,atributos_difieren_de_reserva,Conservar y revisar; no eliminar ni sobrescribir
Encuesta Normal,2832175,202610,data/bronce/Bookeau/Encuesta Normal/Encuesta Estudiante Normal 202610.xlsx,Respuestas,211,atributos_difieren_de_reserva,Conservar y revisar; no eliminar ni sobrescribir
Encuesta Normal,2830856,202610,data/bronce/Bookeau/Encuesta Normal/Encuesta Estudiante Normal 202610.xlsx,Respuestas,213,atributos_difieren_de_reserva,Conservar y revisar; no eliminar ni sobrescribir
Encuesta Normal,2832525,202610,data/bronce/Bookeau/Encuesta Normal/Encuesta Estudiante Normal 202610.xlsx,Respuestas,220,atributos_difieren_de_reserva,Conservar y revisar; no eliminar ni sobrescribir
Encuesta Normal,2833831,202610,data/bronce/Bookeau/Encuesta Normal/Encuesta Estudiante Normal 202610.xlsx,Respuestas,228,atributos_difieren_de_reserva,Conservar y revisar; no eliminar ni sobrescribir
Encuesta Normal,2836485,202610,data/bronce/Bookeau/Encuesta Normal/Encuesta Estudiante Normal 202610.xlsx,Respuestas,229,encuesta_marcada_invalida_en_origen,Conservar y revisar; no eliminar ni sobrescribir
Encuesta Normal,2831137,202610,data/bronce/Bookeau/Encuesta Normal/Encuesta Estudiante Normal 202610.xlsx,Respuestas,231,atributos_difieren_de_reserva,Conservar y revisar; no eliminar ni sobrescribir
Encuesta Normal,2838390,202610,data/bronce/Bookeau/Encuesta Normal/Encuesta Estudiante Normal 202610.xlsx,Respuestas,235,atributos_difieren_de_reserva,Conservar y revisar; no eliminar ni sobrescribir
Encuesta Normal,2837980,202610,data/bronce/Bookeau/Encuesta Normal/Encuesta Estudiante Normal 202610.xlsx,Respuestas,242,atributos_difieren_de_reserva,Conservar y revisar; no eliminar ni sobrescribir
Encuesta Normal,2846304,202610,data/bronce/Bookeau/Encuesta Normal/Encuesta Estudiante Normal 202610.xlsx,Respuestas,274,atributos_difieren_de_reserva,Conservar y revisar; no eliminar ni sobrescribir
Encuesta Normal,2846633,202610,data/bronce/Bookeau/Encuesta Normal/Encuesta Estudiante Normal 202610.xlsx,Respuestas,278,atributos_difieren_de_reserva,Conservar y revisar; no eliminar ni sobrescribir
Encuesta Normal,2846212,202610,data/bronce/Bookeau/Encuesta Normal/Encuesta Estudiante Normal 202610.xlsx,Respuestas,281,atributos_difieren_de_reserva,Conservar y revisar; no eliminar ni sobrescribir
Encuesta Normal,2846288,202610,data/bronce/Bookeau/Encuesta Normal/Encuesta Estudiante Normal 202610.xlsx,Respuestas,282,atributos_difieren_de_reserva,Conservar y revisar; no eliminar ni sobrescribir
Encuesta Normal,2846393,202610,data/bronce/Bookeau/Encuesta Normal/Encuesta Estudiante Normal 202610.xlsx,Respuestas,284,atributos_difieren_de_reserva,Conservar y revisar; no eliminar ni sobrescribir
Encuesta Normal,2846029,202610,data/bronce/Bookeau/Encuesta Normal/Encuesta Estudiante Normal 202610.xlsx,Respuestas,287,atributos_difieren_de_reserva,Conservar y revisar; no eliminar ni sobrescribir
Encuesta Normal,2850084,202610,data/bronce/Bookeau/Encuesta Normal/Encuesta Estudiante Normal 202610.xlsx,Respuestas,300,atributos_difieren_de_reserva,Conservar y revisar; no eliminar ni sobrescribir
Encuesta Normal,2847665,202610,data/bronce/Bookeau/Encuesta Normal/Encuesta Estudiante Normal 202610.xlsx,Respuestas,314,atributos_difieren_de_reserva,Conservar y revisar; no eliminar ni sobrescribir
Encuesta Normal,2849424,202610,data/bronce/Bookeau/Encuesta Normal/Encuesta Estudiante Normal 202610.xlsx,Respuestas,315,atributos_difieren_de_reserva,Conservar y revisar; no eliminar ni sobrescribir
Encuesta Normal,2849965,202610,data/bronce/Bookeau/Encuesta Normal/Encuesta Estudiante Normal 202610.xlsx,Respuestas,323,atributos_difieren_de_reserva,Conservar y revisar; no eliminar ni sobrescribir
Encuesta Normal,2850575,202610,data/bronce/Bookeau/Encuesta Normal/Encuesta Estudiante Normal 202610.xlsx,Respuestas,326,atributos_difieren_de_reserva,Conservar y revisar; no eliminar ni sobrescribir
Encuesta Normal,2851276,202610,data/bronce/Bookeau/Encuesta Normal/Encuesta Estudiante Normal 202610.xlsx,Respuestas,327,atributos_difieren_de_reserva,Conservar y revisar; no eliminar ni sobrescribir
Encuesta Normal,2853984,202610,data/bronce/Bookeau/Encuesta Normal/Encuesta Estudiante Normal 202610.xlsx,Respuestas,339,atributos_difieren_de_reserva,Conservar y revisar; no eliminar ni sobrescribir
Encuesta Normal,2847426,202610,data/bronce/Bookeau/Encuesta Normal/Encuesta Estudiante Normal 202610.xlsx,Respuestas,340,atributos_difieren_de_reserva,Conservar y revisar; no eliminar ni sobrescribir
Encuesta Normal,2856707,202610,data/bronce/Bookeau/Encuesta Normal/Encuesta Estudiante Normal 202610.xlsx,Respuestas,351,atributos_difieren_de_reserva,Conservar y revisar; no eliminar ni sobrescribir
Encuesta Normal,2864776,202610,data/bronce/Bookeau/Encuesta Normal/Encuesta Estudiante Normal 202610.xlsx,Respuestas,354,atributos_difieren_de_reserva,Conservar y revisar; no eliminar ni sobrescribir
Encuesta Normal,2866941,202610,data/bronce/Bookeau/Encuesta Normal/Encuesta Estudiante Normal 202610.xlsx,Respuestas,358,atributos_difieren_de_reserva,Conservar y revisar; no eliminar ni sobrescribir
Encuesta Normal,2864308,202610,data/bronce/Bookeau/Encuesta Normal/Encuesta Estudiante Normal 202610.xlsx,Respuestas,365,atributos_difieren_de_reserva,Conservar y revisar; no eliminar ni sobrescribir
Encuesta Normal,2875609,202610,data/bronce/Bookeau/Encuesta Normal/Encuesta Estudiante Normal 202610.xlsx,Respuestas,371,atributos_difieren_de_reserva,Conservar y revisar; no eliminar ni sobrescribir
Encuesta Normal,2879486,202610,data/bronce/Bookeau/Encuesta Normal/Encuesta Estudiante Normal 202610.xlsx,Respuestas,377,atributos_difieren_de_reserva,Conservar y revisar; no eliminar ni sobrescribir
Encuesta Normal,2879323,202610,data/bronce/Bookeau/Encuesta Normal/Encuesta Estudiante Normal 202610.xlsx,Respuestas,382,atributos_difieren_de_reserva,Conservar y revisar; no eliminar ni sobrescribir
Encuesta Normal,2884150,202610,data/bronce/Bookeau/Encuesta Normal/Encuesta Estudiante Normal 202610.xlsx,Respuestas,402,atributos_difieren_de_reserva,Conservar y revisar; no eliminar ni sobrescribir
Encuesta Normal,2890925,202610,data/bronce/Bookeau/Encuesta Normal/Encuesta Estudiante Normal 202610.xlsx,Respuestas,406,atributos_difieren_de_reserva,Conservar y revisar; no eliminar ni sobrescribir
Encuesta Normal,2891607,202610,data/bronce/Bookeau/Encuesta Normal/Encuesta Estudiante Normal 202610.xlsx,Respuestas,410,atributos_difieren_de_reserva,Conservar y revisar; no eliminar ni sobrescribir
Encuesta Normal,2892754,202610,data/bronce/Bookeau/Encuesta Normal/Encuesta Estudiante Normal 202610.xlsx,Respuestas,411,atributos_difieren_de_reserva,Conservar y revisar; no eliminar ni sobrescribir
Encuesta Normal,2890224,202610,data/bronce/Bookeau/Encuesta Normal/Encuesta Estudiante Normal 202610.xlsx,Respuestas,414,atributos_difieren_de_reserva,Conservar y revisar; no eliminar ni sobrescribir
Encuesta Normal,2890306,202610,data/bronce/Bookeau/Encuesta Normal/Encuesta Estudiante Normal 202610.xlsx,Respuestas,419,atributos_difieren_de_reserva,Conservar y revisar; no eliminar ni sobrescribir
Encuesta Normal,2893698,202610,data/bronce/Bookeau/Encuesta Normal/Encuesta Estudiante Normal 202610.xlsx,Respuestas,422,atributos_difieren_de_reserva,Conservar y revisar; no eliminar ni sobrescribir
Encuesta Normal,2895593,202610,data/bronce/Bookeau/Encuesta Normal/Encuesta Estudiante Normal 202610.xlsx,Respuestas,424,atributos_difieren_de_reserva,Conservar y revisar; no eliminar ni sobrescribir
Encuesta Normal,2896772,202610,data/bronce/Bookeau/Encuesta Normal/Encuesta Estudiante Normal 202610.xlsx,Respuestas,426,atributos_difieren_de_reserva,Conservar y revisar; no eliminar ni sobrescribir
Encuesta Normal,2898376,202610,data/bronce/Bookeau/Encuesta Normal/Encuesta Estudiante Normal 202610.xlsx,Respuestas,432,atributos_difieren_de_reserva,Conservar y revisar; no eliminar ni sobrescribir
Encuesta Normal,2898716,202610,data/bronce/Bookeau/Encuesta Normal/Encuesta Estudiante Normal 202610.xlsx,Respuestas,433,atributos_difieren_de_reserva,Conservar y revisar; no eliminar ni sobrescribir
Encuesta Normal,2899521,202610,data/bronce/Bookeau/Encuesta Normal/Encuesta Estudiante Normal 202610.xlsx,Respuestas,447,atributos_difieren_de_reserva,Conservar y revisar; no eliminar ni sobrescribir
Encuesta Normal,2903158,202610,data/bronce/Bookeau/Encuesta Normal/Encuesta Estudiante Normal 202610.xlsx,Respuestas,453,atributos_difieren_de_reserva,Conservar y revisar; no eliminar ni sobrescribir
Encuesta Normal,2906998,202610,data/bronce/Bookeau/Encuesta Normal/Encuesta Estudiante Normal 202610.xlsx,Respuestas,458,encuesta_marcada_invalida_en_origen,Conservar y revisar; no eliminar ni sobrescribir
Encuesta Normal,2908277,202610,data/bronce/Bookeau/Encuesta Normal/Encuesta Estudiante Normal 202610.xlsx,Respuestas,459,atributos_difieren_de_reserva,Conservar y revisar; no eliminar ni sobrescribir
Encuesta Normal,2908274,202610,data/bronce/Bookeau/Encuesta Normal/Encuesta Estudiante Normal 202610.xlsx,Respuestas,462,atributos_difieren_de_reserva,Conservar y revisar; no eliminar ni sobrescribir
Encuesta Normal,2908622,202610,data/bronce/Bookeau/Encuesta Normal/Encuesta Estudiante Normal 202610.xlsx,Respuestas,463,atributos_difieren_de_reserva,Conservar y revisar; no eliminar ni sobrescribir
Encuesta Normal,2908009,202610,data/bronce/Bookeau/Encuesta Normal/Encuesta Estudiante Normal 202610.xlsx,Respuestas,473,atributos_difieren_de_reserva,Conservar y revisar; no eliminar ni sobrescribir
Encuesta Normal,2910252,202610,data/bronce/Bookeau/Encuesta Normal/Encuesta Estudiante Normal 202610.xlsx,Respuestas,475,atributos_difieren_de_reserva,Conservar y revisar; no eliminar ni sobrescribir
Encuesta Normal,2912516,202610,data/bronce/Bookeau/Encuesta Normal/Encuesta Estudiante Normal 202610.xlsx,Respuestas,487,atributos_difieren_de_reserva,Conservar y revisar; no eliminar ni sobrescribir
Encuesta Normal,2913179,202610,data/bronce/Bookeau/Encuesta Normal/Encuesta Estudiante Normal 202610.xlsx,Respuestas,488,atributos_difieren_de_reserva,Conservar y revisar; no eliminar ni sobrescribir
Encuesta Normal,2913720,202610,data/bronce/Bookeau/Encuesta Normal/Encuesta Estudiante Normal 202610.xlsx,Respuestas,498,atributos_difieren_de_reserva,Conservar y revisar; no eliminar ni sobrescribir
Encuesta Normal,2913123,202610,data/bronce/Bookeau/Encuesta Normal/Encuesta Estudiante Normal 202610.xlsx,Respuestas,500,atributos_difieren_de_reserva,Conservar y revisar; no eliminar ni sobrescribir
Encuesta Normal,2915663,202610,data/bronce/Bookeau/Encuesta Normal/Encuesta Estudiante Normal 202610.xlsx,Respuestas,505,atributos_difieren_de_reserva,Conservar y revisar; no eliminar ni sobrescribir
Encuesta Normal,2916345,202610,data/bronce/Bookeau/Encuesta Normal/Encuesta Estudiante Normal 202610.xlsx,Respuestas,516,atributos_difieren_de_reserva,Conservar y revisar; no eliminar ni sobrescribir
Encuesta Normal,2917484,202610,data/bronce/Bookeau/Encuesta Normal/Encuesta Estudiante Normal 202610.xlsx,Respuestas,518,atributos_difieren_de_reserva,Conservar y revisar; no eliminar ni sobrescribir
Encuesta Normal,2918877,202610,data/bronce/Bookeau/Encuesta Normal/Encuesta Estudiante Normal 202610.xlsx,Respuestas,532,atributos_difieren_de_reserva,Conservar y revisar; no eliminar ni sobrescribir
Encuesta Normal,2919024,202610,data/bronce/Bookeau/Encuesta Normal/Encuesta Estudiante Normal 202610.xlsx,Respuestas,533,atributos_difieren_de_reserva,Conservar y revisar; no eliminar ni sobrescribir
Encuesta Normal,2921838,202610,data/bronce/Bookeau/Encuesta Normal/Encuesta Estudiante Normal 202610.xlsx,Respuestas,542,atributos_difieren_de_reserva,Conservar y revisar; no eliminar ni sobrescribir
Encuesta Normal,2920079,202610,data/bronce/Bookeau/Encuesta Normal/Encuesta Estudiante Normal 202610.xlsx,Respuestas,546,atributos_difieren_de_reserva,Conservar y revisar; no eliminar ni sobrescribir
Encuesta Normal,2923324,202610,data/bronce/Bookeau/Encuesta Normal/Encuesta Estudiante Normal 202610.xlsx,Respuestas,556,atributos_difieren_de_reserva,Conservar y revisar; no eliminar ni sobrescribir
Encuesta Normal,2925661,202610,data/bronce/Bookeau/Encuesta Normal/Encuesta Estudiante Normal 202610.xlsx,Respuestas,562,atributos_difieren_de_reserva,Conservar y revisar; no eliminar ni sobrescribir
Encuesta Normal,2923174,202610,data/bronce/Bookeau/Encuesta Normal/Encuesta Estudiante Normal 202610.xlsx,Respuestas,569,atributos_difieren_de_reserva,Conservar y revisar; no eliminar ni sobrescribir
Encuesta Normal,2921311,202610,data/bronce/Bookeau/Encuesta Normal/Encuesta Estudiante Normal 202610.xlsx,Respuestas,570,atributos_difieren_de_reserva,Conservar y revisar; no eliminar ni sobrescribir
Encuesta Normal,2926654,202610,data/bronce/Bookeau/Encuesta Normal/Encuesta Estudiante Normal 202610.xlsx,Respuestas,577,atributos_difieren_de_reserva,Conservar y revisar; no eliminar ni sobrescribir
Encuesta Normal,2928014,202610,data/bronce/Bookeau/Encuesta Normal/Encuesta Estudiante Normal 202610.xlsx,Respuestas,580,atributos_difieren_de_reserva,Conservar y revisar; no eliminar ni sobrescribir
Encuesta Normal,2926154,202610,data/bronce/Bookeau/Encuesta Normal/Encuesta Estudiante Normal 202610.xlsx,Respuestas,582,atributos_difieren_de_reserva,Conservar y revisar; no eliminar ni sobrescribir
Encuesta Normal,2940283,202610,data/bronce/Bookeau/Encuesta Normal/Encuesta Estudiante Normal 202610.xlsx,Respuestas,592,atributos_difieren_de_reserva,Conservar y revisar; no eliminar ni sobrescribir
Encuesta Normal,2945155,202610,data/bronce/Bookeau/Encuesta Normal/Encuesta Estudiante Normal 202610.xlsx,Respuestas,599,atributos_difieren_de_reserva,Conservar y revisar; no eliminar ni sobrescribir
Encuesta Normal,2946188,202610,data/bronce/Bookeau/Encuesta Normal/Encuesta Estudiante Normal 202610.xlsx,Respuestas,601,atributos_difieren_de_reserva,Conservar y revisar; no eliminar ni sobrescribir
Encuesta Normal,2948358,202610,data/bronce/Bookeau/Encuesta Normal/Encuesta Estudiante Normal 202610.xlsx,Respuestas,604,atributos_difieren_de_reserva,Conservar y revisar; no eliminar ni sobrescribir
Encuesta Normal,2948595,202610,data/bronce/Bookeau/Encuesta Normal/Encuesta Estudiante Normal 202610.xlsx,Respuestas,605,atributos_difieren_de_reserva,Conservar y revisar; no eliminar ni sobrescribir
Encuesta Normal,2948594,202610,data/bronce/Bookeau/Encuesta Normal/Encuesta Estudiante Normal 202610.xlsx,Respuestas,611,encuesta_marcada_invalida_en_origen,Conservar y revisar; no eliminar ni sobrescribir
Encuesta Normal,2949940,202610,data/bronce/Bookeau/Encuesta Normal/Encuesta Estudiante Normal 202610.xlsx,Respuestas,613,atributos_difieren_de_reserva,Conservar y revisar; no eliminar ni sobrescribir
Encuesta Normal,2950301,202610,data/bronce/Bookeau/Encuesta Normal/Encuesta Estudiante Normal 202610.xlsx,Respuestas,614,atributos_difieren_de_reserva,Conservar y revisar; no eliminar ni sobrescribir
Encuesta Normal,2950012,202610,data/bronce/Bookeau/Encuesta Normal/Encuesta Estudiante Normal 202610.xlsx,Respuestas,619,atributos_difieren_de_reserva,Conservar y revisar; no eliminar ni sobrescribir
Encuesta Normal,2952208,202610,data/bronce/Bookeau/Encuesta Normal/Encuesta Estudiante Normal 202610.xlsx,Respuestas,626,atributos_difieren_de_reserva,Conservar y revisar; no eliminar ni sobrescribir
Encuesta Normal,2951579,202610,data/bronce/Bookeau/Encuesta Normal/Encuesta Estudiante Normal 202610.xlsx,Respuestas,627,atributos_difieren_de_reserva,Conservar y revisar; no eliminar ni sobrescribir
Encuesta Normal,2958339,202610,data/bronce/Bookeau/Encuesta Normal/Encuesta Estudiante Normal 202610.xlsx,Respuestas,638,atributos_difieren_de_reserva,Conservar y revisar; no eliminar ni sobrescribir
Encuesta Normal,2959098,202610,data/bronce/Bookeau/Encuesta Normal/Encuesta Estudiante Normal 202610.xlsx,Respuestas,654,atributos_difieren_de_reserva,Conservar y revisar; no eliminar ni sobrescribir
Encuesta Normal,2960875,202610,data/bronce/Bookeau/Encuesta Normal/Encuesta Estudiante Normal 202610.xlsx,Respuestas,664,atributos_difieren_de_reserva,Conservar y revisar; no eliminar ni sobrescribir
Encuesta Normal,2961169,202610,data/bronce/Bookeau/Encuesta Normal/Encuesta Estudiante Normal 202610.xlsx,Respuestas,665,atributos_difieren_de_reserva,Conservar y revisar; no eliminar ni sobrescribir
Encuesta Normal,2962730,202610,data/bronce/Bookeau/Encuesta Normal/Encuesta Estudiante Normal 202610.xlsx,Respuestas,666,atributos_difieren_de_reserva,Conservar y revisar; no eliminar ni sobrescribir
Encuesta Normal,2964425,202610,data/bronce/Bookeau/Encuesta Normal/Encuesta Estudiante Normal 202610.xlsx,Respuestas,676,atributos_difieren_de_reserva,Conservar y revisar; no eliminar ni sobrescribir
Encuesta Normal,2958420,202610,data/bronce/Bookeau/Encuesta Normal/Encuesta Estudiante Normal 202610.xlsx,Respuestas,683,atributos_difieren_de_reserva,Conservar y revisar; no eliminar ni sobrescribir
Encuesta Normal,2964844,202610,data/bronce/Bookeau/Encuesta Normal/Encuesta Estudiante Normal 202610.xlsx,Respuestas,685,atributos_difieren_de_reserva,Conservar y revisar; no eliminar ni sobrescribir
Encuesta Reserva Express,2271905,202510,data/bronce/Bookeau/Encuesta Reserva Express/Encuesta Reserva Express IP 202510.xlsx,Respuestas,17,atributos_difieren_de_reserva,Conservar y revisar; no eliminar ni sobrescribir
Encuesta Reserva Express,2276214,202510,data/bronce/Bookeau/Encuesta Reserva Express/Encuesta Reserva Express IP 202510.xlsx,Respuestas,18,atributos_difieren_de_reserva,Conservar y revisar; no eliminar ni sobrescribir
Encuesta Reserva Express,2272872,202510,data/bronce/Bookeau/Encuesta Reserva Express/Encuesta Reserva Express IP 202510.xlsx,Respuestas,21,atributos_difieren_de_reserva,Conservar y revisar; no eliminar ni sobrescribir
Encuesta Reserva Express,2273504,202510,data/bronce/Bookeau/Encuesta Reserva Express/Encuesta Reserva Express IP 202510.xlsx,Respuestas,25,atributos_difieren_de_reserva,Conservar y revisar; no eliminar ni sobrescribir
Encuesta Reserva Express,2273512,202510,data/bronce/Bookeau/Encuesta Reserva Express/Encuesta Reserva Express IP 202510.xlsx,Respuestas,26,atributos_difieren_de_reserva,Conservar y revisar; no eliminar ni sobrescribir
Encuesta Reserva Express,2277937,202510,data/bronce/Bookeau/Encuesta Reserva Express/Encuesta Reserva Express IP 202510.xlsx,Respuestas,29,atributos_difieren_de_reserva,Conservar y revisar; no eliminar ni sobrescribir
Encuesta Reserva Express,2273871,202510,data/bronce/Bookeau/Encuesta Reserva Express/Encuesta Reserva Express IP 202510.xlsx,Respuestas,35,atributos_difieren_de_reserva,Conservar y revisar; no eliminar ni sobrescribir
Encuesta Reserva Express,2281806,202510,data/bronce/Bookeau/Encuesta Reserva Express/Encuesta Reserva Express IP 202510.xlsx,Respuestas,46,atributos_difieren_de_reserva,Conservar y revisar; no eliminar ni sobrescribir
Encuesta Reserva Express,2277575,202510,data/bronce/Bookeau/Encuesta Reserva Express/Encuesta Reserva Express IP 202510.xlsx,Respuestas,59,atributos_difieren_de_reserva,Conservar y revisar; no eliminar ni sobrescribir
Encuesta Reserva Express,2283562,202510,data/bronce/Bookeau/Encuesta Reserva Express/Encuesta Reserva Express IP 202510.xlsx,Respuestas,61,atributos_difieren_de_reserva,Conservar y revisar; no eliminar ni sobrescribir
Encuesta Reserva Express,2278955,202510,data/bronce/Bookeau/Encuesta Reserva Express/Encuesta Reserva Express IP 202510.xlsx,Respuestas,80,atributos_difieren_de_reserva,Conservar y revisar; no eliminar ni sobrescribir
Encuesta Reserva Express,2283971,202510,data/bronce/Bookeau/Encuesta Reserva Express/Encuesta Reserva Express IP 202510.xlsx,Respuestas,84,atributos_difieren_de_reserva,Conservar y revisar; no eliminar ni sobrescribir
Encuesta Reserva Express,2284103,202510,data/bronce/Bookeau/Encuesta Reserva Express/Encuesta Reserva Express IP 202510.xlsx,Respuestas,90,atributos_difieren_de_reserva,Conservar y revisar; no eliminar ni sobrescribir
Encuesta Reserva Express,2288573,202510,data/bronce/Bookeau/Encuesta Reserva Express/Encuesta Reserva Express IP 202510.xlsx,Respuestas,107,atributos_difieren_de_reserva,Conservar y revisar; no eliminar ni sobrescribir
Encuesta Reserva Express,2288920,202510,data/bronce/Bookeau/Encuesta Reserva Express/Encuesta Reserva Express IP 202510.xlsx,Respuestas,108,atributos_difieren_de_reserva,Conservar y revisar; no eliminar ni sobrescribir
Encuesta Reserva Express,2287866,202510,data/bronce/Bookeau/Encuesta Reserva Express/Encuesta Reserva Express IP 202510.xlsx,Respuestas,110,atributos_difieren_de_reserva,Conservar y revisar; no eliminar ni sobrescribir
Encuesta Reserva Express,2288690,202510,data/bronce/Bookeau/Encuesta Reserva Express/Encuesta Reserva Express IP 202510.xlsx,Respuestas,113,atributos_difieren_de_reserva,Conservar y revisar; no eliminar ni sobrescribir
Encuesta Reserva Express,2288493,202510,data/bronce/Bookeau/Encuesta Reserva Express/Encuesta Reserva Express IP 202510.xlsx,Respuestas,122,atributos_difieren_de_reserva,Conservar y revisar; no eliminar ni sobrescribir
Encuesta Reserva Express,2297623,202510,data/bronce/Bookeau/Encuesta Reserva Express/Encuesta Reserva Express IP 202510.xlsx,Respuestas,145,atributos_difieren_de_reserva,Conservar y revisar; no eliminar ni sobrescribir
Encuesta Reserva Express,2316733,202510,data/bronce/Bookeau/Encuesta Reserva Express/Encuesta Reserva Express IP 202510.xlsx,Respuestas,168,atributos_difieren_de_reserva,Conservar y revisar; no eliminar ni sobrescribir
Encuesta Reserva Express,2320440,202510,data/bronce/Bookeau/Encuesta Reserva Express/Encuesta Reserva Express IP 202510.xlsx,Respuestas,172,atributos_difieren_de_reserva,Conservar y revisar; no eliminar ni sobrescribir
Encuesta Reserva Express,2324981,202510,data/bronce/Bookeau/Encuesta Reserva Express/Encuesta Reserva Express IP 202510.xlsx,Respuestas,187,atributos_difieren_de_reserva,Conservar y revisar; no eliminar ni sobrescribir
Encuesta Reserva Express,2333126,202510,data/bronce/Bookeau/Encuesta Reserva Express/Encuesta Reserva Express IP 202510.xlsx,Respuestas,194,atributos_difieren_de_reserva,Conservar y revisar; no eliminar ni sobrescribir
Encuesta Reserva Express,2339774,202510,data/bronce/Bookeau/Encuesta Reserva Express/Encuesta Reserva Express IP 202510.xlsx,Respuestas,199,atributos_difieren_de_reserva,Conservar y revisar; no eliminar ni sobrescribir
Encuesta Reserva Express,2342959,202510,data/bronce/Bookeau/Encuesta Reserva Express/Encuesta Reserva Express IP 202510.xlsx,Respuestas,217,atributos_difieren_de_reserva,Conservar y revisar; no eliminar ni sobrescribir
Encuesta Reserva Express,2336231,202510,data/bronce/Bookeau/Encuesta Reserva Express/Encuesta Reserva Express IP 202510.xlsx,Respuestas,229,atributos_difieren_de_reserva,Conservar y revisar; no eliminar ni sobrescribir
Encuesta Reserva Express,2344372,202510,data/bronce/Bookeau/Encuesta Reserva Express/Encuesta Reserva Express IP 202510.xlsx,Respuestas,249,atributos_difieren_de_reserva,Conservar y revisar; no eliminar ni sobrescribir
Encuesta Reserva Express,2344445,202510,data/bronce/Bookeau/Encuesta Reserva Express/Encuesta Reserva Express IP 202510.xlsx,Respuestas,251,atributos_difieren_de_reserva,Conservar y revisar; no eliminar ni sobrescribir
Encuesta Reserva Express,2344973,202510,data/bronce/Bookeau/Encuesta Reserva Express/Encuesta Reserva Express IP 202510.xlsx,Respuestas,297,atributos_difieren_de_reserva,Conservar y revisar; no eliminar ni sobrescribir
Encuesta Reserva Express,2350371,202510,data/bronce/Bookeau/Encuesta Reserva Express/Encuesta Reserva Express IP 202510.xlsx,Respuestas,316,atributos_difieren_de_reserva,Conservar y revisar; no eliminar ni sobrescribir
Encuesta Reserva Express,2351532,202510,data/bronce/Bookeau/Encuesta Reserva Express/Encuesta Reserva Express IP 202510.xlsx,Respuestas,322,atributos_difieren_de_reserva,Conservar y revisar; no eliminar ni sobrescribir
Encuesta Reserva Express,2350352,202510,data/bronce/Bookeau/Encuesta Reserva Express/Encuesta Reserva Express IP 202510.xlsx,Respuestas,327,atributos_difieren_de_reserva,Conservar y revisar; no eliminar ni sobrescribir
Encuesta Reserva Express,2351747,202510,data/bronce/Bookeau/Encuesta Reserva Express/Encuesta Reserva Express IP 202510.xlsx,Respuestas,334,atributos_difieren_de_reserva,Conservar y revisar; no eliminar ni sobrescribir
Encuesta Reserva Express,2350370,202510,data/bronce/Bookeau/Encuesta Reserva Express/Encuesta Reserva Express IP 202510.xlsx,Respuestas,342,atributos_difieren_de_reserva,Conservar y revisar; no eliminar ni sobrescribir
Encuesta Reserva Express,2350380,202510,data/bronce/Bookeau/Encuesta Reserva Express/Encuesta Reserva Express IP 202510.xlsx,Respuestas,343,atributos_difieren_de_reserva,Conservar y revisar; no eliminar ni sobrescribir
Encuesta Reserva Express,2350470,202510,data/bronce/Bookeau/Encuesta Reserva Express/Encuesta Reserva Express IP 202510.xlsx,Respuestas,352,atributos_difieren_de_reserva,Conservar y revisar; no eliminar ni sobrescribir
Encuesta Reserva Express,2350390,202510,data/bronce/Bookeau/Encuesta Reserva Express/Encuesta Reserva Express IP 202510.xlsx,Respuestas,364,atributos_difieren_de_reserva,Conservar y revisar; no eliminar ni sobrescribir
Encuesta Reserva Express,2351108,202510,data/bronce/Bookeau/Encuesta Reserva Express/Encuesta Reserva Express IP 202510.xlsx,Respuestas,392,atributos_difieren_de_reserva,Conservar y revisar; no eliminar ni sobrescribir
Encuesta Reserva Express,2358662,202510,data/bronce/Bookeau/Encuesta Reserva Express/Encuesta Reserva Express IP 202510.xlsx,Respuestas,423,atributos_difieren_de_reserva,Conservar y revisar; no eliminar ni sobrescribir
Encuesta Reserva Express,2388492,202510,data/bronce/Bookeau/Encuesta Reserva Express/Encuesta Reserva Express IP 202510.xlsx,Respuestas,473,atributos_difieren_de_reserva,Conservar y revisar; no eliminar ni sobrescribir
Encuesta Reserva Express,2397273,202510,data/bronce/Bookeau/Encuesta Reserva Express/Encuesta Reserva Express IP 202510.xlsx,Respuestas,482,atributos_difieren_de_reserva,Conservar y revisar; no eliminar ni sobrescribir
Encuesta Reserva Express,2399427,202510,data/bronce/Bookeau/Encuesta Reserva Express/Encuesta Reserva Express IP 202510.xlsx,Respuestas,486,atributos_difieren_de_reserva,Conservar y revisar; no eliminar ni sobrescribir
Encuesta Reserva Express,2411142,202510,data/bronce/Bookeau/Encuesta Reserva Express/Encuesta Reserva Express IP 202510.xlsx,Respuestas,501,atributos_difieren_de_reserva,Conservar y revisar; no eliminar ni sobrescribir
Encuesta Reserva Express,2411266,202510,data/bronce/Bookeau/Encuesta Reserva Express/Encuesta Reserva Express IP 202510.xlsx,Respuestas,504,atributos_difieren_de_reserva,Conservar y revisar; no eliminar ni sobrescribir
Encuesta Reserva Express,2409951,202510,data/bronce/Bookeau/Encuesta Reserva Express/Encuesta Reserva Express IP 202510.xlsx,Respuestas,508,atributos_difieren_de_reserva,Conservar y revisar; no eliminar ni sobrescribir
Encuesta Reserva Express,2410252,202510,data/bronce/Bookeau/Encuesta Reserva Express/Encuesta Reserva Express IP 202510.xlsx,Respuestas,510,atributos_difieren_de_reserva,Conservar y revisar; no eliminar ni sobrescribir
Encuesta Reserva Express,2417390,202510,data/bronce/Bookeau/Encuesta Reserva Express/Encuesta Reserva Express IP 202510.xlsx,Respuestas,528,atributos_difieren_de_reserva,Conservar y revisar; no eliminar ni sobrescribir
Encuesta Reserva Express,2409934,202510,data/bronce/Bookeau/Encuesta Reserva Express/Encuesta Reserva Express IP 202510.xlsx,Respuestas,540,atributos_difieren_de_reserva,Conservar y revisar; no eliminar ni sobrescribir
Encuesta Reserva Express,2417237,202510,data/bronce/Bookeau/Encuesta Reserva Express/Encuesta Reserva Express IP 202510.xlsx,Respuestas,542,atributos_difieren_de_reserva,Conservar y revisar; no eliminar ni sobrescribir
Encuesta Reserva Express,2419726,202510,data/bronce/Bookeau/Encuesta Reserva Express/Encuesta Reserva Express IP 202510.xlsx,Respuestas,554,atributos_difieren_de_reserva,Conservar y revisar; no eliminar ni sobrescribir
Encuesta Reserva Express,2416375,202510,data/bronce/Bookeau/Encuesta Reserva Express/Encuesta Reserva Express IP 202510.xlsx,Respuestas,567,atributos_difieren_de_reserva,Conservar y revisar; no eliminar ni sobrescribir
Encuesta Reserva Express,2424653,202510,data/bronce/Bookeau/Encuesta Reserva Express/Encuesta Reserva Express IP 202510.xlsx,Respuestas,596,atributos_difieren_de_reserva,Conservar y revisar; no eliminar ni sobrescribir
Encuesta Reserva Express,2424119,202510,data/bronce/Bookeau/Encuesta Reserva Express/Encuesta Reserva Express IP 202510.xlsx,Respuestas,606,atributos_difieren_de_reserva,Conservar y revisar; no eliminar ni sobrescribir
Encuesta Reserva Express,2424478,202510,data/bronce/Bookeau/Encuesta Reserva Express/Encuesta Reserva Express IP 202510.xlsx,Respuestas,609,atributos_difieren_de_reserva,Conservar y revisar; no eliminar ni sobrescribir
Encuesta Reserva Express,2424312,202510,data/bronce/Bookeau/Encuesta Reserva Express/Encuesta Reserva Express IP 202510.xlsx,Respuestas,618,atributos_difieren_de_reserva,Conservar y revisar; no eliminar ni sobrescribir
Encuesta Reserva Express,2423653,202510,data/bronce/Bookeau/Encuesta Reserva Express/Encuesta Reserva Express IP 202510.xlsx,Respuestas,635,atributos_difieren_de_reserva,Conservar y revisar; no eliminar ni sobrescribir
Encuesta Reserva Express,2424364,202510,data/bronce/Bookeau/Encuesta Reserva Express/Encuesta Reserva Express IP 202510.xlsx,Respuestas,643,atributos_difieren_de_reserva,Conservar y revisar; no eliminar ni sobrescribir
Encuesta Reserva Express,2430674,202510,data/bronce/Bookeau/Encuesta Reserva Express/Encuesta Reserva Express IP 202510.xlsx,Respuestas,661,atributos_difieren_de_reserva,Conservar y revisar; no eliminar ni sobrescribir
Encuesta Reserva Express,2431542,202510,data/bronce/Bookeau/Encuesta Reserva Express/Encuesta Reserva Express IP 202510.xlsx,Respuestas,674,atributos_difieren_de_reserva,Conservar y revisar; no eliminar ni sobrescribir
Encuesta Reserva Express,2431945,202510,data/bronce/Bookeau/Encuesta Reserva Express/Encuesta Reserva Express IP 202510.xlsx,Respuestas,679,atributos_difieren_de_reserva,Conservar y revisar; no eliminar ni sobrescribir
Encuesta Reserva Express,2432214,202510,data/bronce/Bookeau/Encuesta Reserva Express/Encuesta Reserva Express IP 202510.xlsx,Respuestas,680,atributos_difieren_de_reserva,Conservar y revisar; no eliminar ni sobrescribir
Encuesta Reserva Express,2436341,202510,data/bronce/Bookeau/Encuesta Reserva Express/Encuesta Reserva Express IP 202510.xlsx,Respuestas,692,atributos_difieren_de_reserva,Conservar y revisar; no eliminar ni sobrescribir
Encuesta Reserva Express,2451309,202510,data/bronce/Bookeau/Encuesta Reserva Express/Encuesta Reserva Express IP 202510.xlsx,Respuestas,710,atributos_difieren_de_reserva,Conservar y revisar; no eliminar ni sobrescribir
Encuesta Reserva Express,2453958,202510,data/bronce/Bookeau/Encuesta Reserva Express/Encuesta Reserva Express IP 202510.xlsx,Respuestas,715,atributos_difieren_de_reserva,Conservar y revisar; no eliminar ni sobrescribir
Encuesta Reserva Express,2457717,202510,data/bronce/Bookeau/Encuesta Reserva Express/Encuesta Reserva Express IP 202510.xlsx,Respuestas,722,atributos_difieren_de_reserva,Conservar y revisar; no eliminar ni sobrescribir
Encuesta Reserva Express,2458584,202510,data/bronce/Bookeau/Encuesta Reserva Express/Encuesta Reserva Express IP 202510.xlsx,Respuestas,731,atributos_difieren_de_reserva,Conservar y revisar; no eliminar ni sobrescribir
Encuesta Reserva Express,2464271,202510,data/bronce/Bookeau/Encuesta Reserva Express/Encuesta Reserva Express IP 202510.xlsx,Respuestas,742,atributos_difieren_de_reserva,Conservar y revisar; no eliminar ni sobrescribir
Encuesta Reserva Express,2464171,202510,data/bronce/Bookeau/Encuesta Reserva Express/Encuesta Reserva Express IP 202510.xlsx,Respuestas,747,atributos_difieren_de_reserva,Conservar y revisar; no eliminar ni sobrescribir
Encuesta Reserva Express,2463732,202510,data/bronce/Bookeau/Encuesta Reserva Express/Encuesta Reserva Express IP 202510.xlsx,Respuestas,749,atributos_difieren_de_reserva,Conservar y revisar; no eliminar ni sobrescribir
Encuesta Reserva Express,2471575,202510,data/bronce/Bookeau/Encuesta Reserva Express/Encuesta Reserva Express IP 202510.xlsx,Respuestas,790,atributos_difieren_de_reserva,Conservar y revisar; no eliminar ni sobrescribir
Encuesta Reserva Express,2467831,202510,data/bronce/Bookeau/Encuesta Reserva Express/Encuesta Reserva Express IP 202510.xlsx,Respuestas,801,atributos_difieren_de_reserva,Conservar y revisar; no eliminar ni sobrescribir
Encuesta Reserva Express,2469555,202510,data/bronce/Bookeau/Encuesta Reserva Express/Encuesta Reserva Express IP 202510.xlsx,Respuestas,806,atributos_difieren_de_reserva,Conservar y revisar; no eliminar ni sobrescribir
Encuesta Reserva Express,2470916,202510,data/bronce/Bookeau/Encuesta Reserva Express/Encuesta Reserva Express IP 202510.xlsx,Respuestas,807,atributos_difieren_de_reserva,Conservar y revisar; no eliminar ni sobrescribir
Encuesta Reserva Express,2468961,202510,data/bronce/Bookeau/Encuesta Reserva Express/Encuesta Reserva Express IP 202510.xlsx,Respuestas,821,atributos_difieren_de_reserva,Conservar y revisar; no eliminar ni sobrescribir
Encuesta Reserva Express,2463120,202510,data/bronce/Bookeau/Encuesta Reserva Express/Encuesta Reserva Express IP 202510.xlsx,Respuestas,852,atributos_difieren_de_reserva,Conservar y revisar; no eliminar ni sobrescribir
Encuesta Reserva Express,2475935,202510,data/bronce/Bookeau/Encuesta Reserva Express/Encuesta Reserva Express IP 202510.xlsx,Respuestas,858,atributos_difieren_de_reserva,Conservar y revisar; no eliminar ni sobrescribir
Encuesta Reserva Express,2548385,202520,data/bronce/Bookeau/Encuesta Reserva Express/Encuesta Reserva Express IP 202520.xlsx,Respuestas,4,atributos_difieren_de_reserva,Conservar y revisar; no eliminar ni sobrescribir
Encuesta Reserva Express,2548181,202520,data/bronce/Bookeau/Encuesta Reserva Express/Encuesta Reserva Express IP 202520.xlsx,Respuestas,16,atributos_difieren_de_reserva,Conservar y revisar; no eliminar ni sobrescribir
Encuesta Reserva Express,2551546,202520,data/bronce/Bookeau/Encuesta Reserva Express/Encuesta Reserva Express IP 202520.xlsx,Respuestas,28,atributos_difieren_de_reserva,Conservar y revisar; no eliminar ni sobrescribir
Encuesta Reserva Express,2556295,202520,data/bronce/Bookeau/Encuesta Reserva Express/Encuesta Reserva Express IP 202520.xlsx,Respuestas,30,atributos_difieren_de_reserva,Conservar y revisar; no eliminar ni sobrescribir
Encuesta Reserva Express,2561522,202520,data/bronce/Bookeau/Encuesta Reserva Express/Encuesta Reserva Express IP 202520.xlsx,Respuestas,32,atributos_difieren_de_reserva,Conservar y revisar; no eliminar ni sobrescribir
Encuesta Reserva Express,2560794,202520,data/bronce/Bookeau/Encuesta Reserva Express/Encuesta Reserva Express IP 202520.xlsx,Respuestas,35,atributos_difieren_de_reserva,Conservar y revisar; no eliminar ni sobrescribir
Encuesta Reserva Express,2565514,202520,data/bronce/Bookeau/Encuesta Reserva Express/Encuesta Reserva Express IP 202520.xlsx,Respuestas,46,atributos_difieren_de_reserva,Conservar y revisar; no eliminar ni sobrescribir
Encuesta Reserva Express,2567701,202520,data/bronce/Bookeau/Encuesta Reserva Express/Encuesta Reserva Express IP 202520.xlsx,Respuestas,61,atributos_difieren_de_reserva,Conservar y revisar; no eliminar ni sobrescribir
Encuesta Reserva Express,2567654,202520,data/bronce/Bookeau/Encuesta Reserva Express/Encuesta Reserva Express IP 202520.xlsx,Respuestas,69,atributos_difieren_de_reserva,Conservar y revisar; no eliminar ni sobrescribir
Encuesta Reserva Express,2570024,202520,data/bronce/Bookeau/Encuesta Reserva Express/Encuesta Reserva Express IP 202520.xlsx,Respuestas,72,atributos_difieren_de_reserva,Conservar y revisar; no eliminar ni sobrescribir
Encuesta Reserva Express,2575765,202520,data/bronce/Bookeau/Encuesta Reserva Express/Encuesta Reserva Express IP 202520.xlsx,Respuestas,76,atributos_difieren_de_reserva,Conservar y revisar; no eliminar ni sobrescribir
Encuesta Reserva Express,2590803,202520,data/bronce/Bookeau/Encuesta Reserva Express/Encuesta Reserva Express IP 202520.xlsx,Respuestas,85,atributos_difieren_de_reserva,Conservar y revisar; no eliminar ni sobrescribir
Encuesta Reserva Express,2593537,202520,data/bronce/Bookeau/Encuesta Reserva Express/Encuesta Reserva Express IP 202520.xlsx,Respuestas,87,atributos_difieren_de_reserva,Conservar y revisar; no eliminar ni sobrescribir
Encuesta Reserva Express,2592226,202520,data/bronce/Bookeau/Encuesta Reserva Express/Encuesta Reserva Express IP 202520.xlsx,Respuestas,97,atributos_difieren_de_reserva,Conservar y revisar; no eliminar ni sobrescribir
Encuesta Reserva Express,2605772,202520,data/bronce/Bookeau/Encuesta Reserva Express/Encuesta Reserva Express IP 202520.xlsx,Respuestas,105,atributos_difieren_de_reserva,Conservar y revisar; no eliminar ni sobrescribir
Encuesta Reserva Express,2612956,202520,data/bronce/Bookeau/Encuesta Reserva Express/Encuesta Reserva Express IP 202520.xlsx,Respuestas,126,atributos_difieren_de_reserva,Conservar y revisar; no eliminar ni sobrescribir
Encuesta Reserva Express,2616323,202520,data/bronce/Bookeau/Encuesta Reserva Express/Encuesta Reserva Express IP 202520.xlsx,Respuestas,143,atributos_difieren_de_reserva,Conservar y revisar; no eliminar ni sobrescribir
Encuesta Reserva Express,2610518,202520,data/bronce/Bookeau/Encuesta Reserva Express/Encuesta Reserva Express IP 202520.xlsx,Respuestas,149,atributos_difieren_de_reserva,Conservar y revisar; no eliminar ni sobrescribir
Encuesta Reserva Express,2620545,202520,data/bronce/Bookeau/Encuesta Reserva Express/Encuesta Reserva Express IP 202520.xlsx,Respuestas,156,atributos_difieren_de_reserva,Conservar y revisar; no eliminar ni sobrescribir
Encuesta Reserva Express,2621132,202520,data/bronce/Bookeau/Encuesta Reserva Express/Encuesta Reserva Express IP 202520.xlsx,Respuestas,158,atributos_difieren_de_reserva,Conservar y revisar; no eliminar ni sobrescribir
Encuesta Reserva Express,2620969,202520,data/bronce/Bookeau/Encuesta Reserva Express/Encuesta Reserva Express IP 202520.xlsx,Respuestas,163,atributos_difieren_de_reserva,Conservar y revisar; no eliminar ni sobrescribir
Encuesta Reserva Express,2623683,202520,data/bronce/Bookeau/Encuesta Reserva Express/Encuesta Reserva Express IP 202520.xlsx,Respuestas,168,atributos_difieren_de_reserva,Conservar y revisar; no eliminar ni sobrescribir
Encuesta Reserva Express,2623523,202520,data/bronce/Bookeau/Encuesta Reserva Express/Encuesta Reserva Express IP 202520.xlsx,Respuestas,173,atributos_difieren_de_reserva,Conservar y revisar; no eliminar ni sobrescribir
Encuesta Reserva Express,2624845,202520,data/bronce/Bookeau/Encuesta Reserva Express/Encuesta Reserva Express IP 202520.xlsx,Respuestas,184,atributos_difieren_de_reserva,Conservar y revisar; no eliminar ni sobrescribir
Encuesta Reserva Express,2625698,202520,data/bronce/Bookeau/Encuesta Reserva Express/Encuesta Reserva Express IP 202520.xlsx,Respuestas,187,atributos_difieren_de_reserva,Conservar y revisar; no eliminar ni sobrescribir
Encuesta Reserva Express,2625968,202520,data/bronce/Bookeau/Encuesta Reserva Express/Encuesta Reserva Express IP 202520.xlsx,Respuestas,193,atributos_difieren_de_reserva,Conservar y revisar; no eliminar ni sobrescribir
Encuesta Reserva Express,2625897,202520,data/bronce/Bookeau/Encuesta Reserva Express/Encuesta Reserva Express IP 202520.xlsx,Respuestas,203,atributos_difieren_de_reserva,Conservar y revisar; no eliminar ni sobrescribir
Encuesta Reserva Express,2627753,202520,data/bronce/Bookeau/Encuesta Reserva Express/Encuesta Reserva Express IP 202520.xlsx,Respuestas,214,atributos_difieren_de_reserva,Conservar y revisar; no eliminar ni sobrescribir
Encuesta Reserva Express,2641938,202520,data/bronce/Bookeau/Encuesta Reserva Express/Encuesta Reserva Express IP 202520.xlsx,Respuestas,232,atributos_difieren_de_reserva,Conservar y revisar; no eliminar ni sobrescribir
Encuesta Reserva Express,2656905,202520,data/bronce/Bookeau/Encuesta Reserva Express/Encuesta Reserva Express IP 202520.xlsx,Respuestas,250,atributos_difieren_de_reserva,Conservar y revisar; no eliminar ni sobrescribir
Encuesta Reserva Express,2659936,202520,data/bronce/Bookeau/Encuesta Reserva Express/Encuesta Reserva Express IP 202520.xlsx,Respuestas,259,atributos_difieren_de_reserva,Conservar y revisar; no eliminar ni sobrescribir
Encuesta Reserva Express,2670770,202520,data/bronce/Bookeau/Encuesta Reserva Express/Encuesta Reserva Express IP 202520.xlsx,Respuestas,280,atributos_difieren_de_reserva,Conservar y revisar; no eliminar ni sobrescribir
Encuesta Reserva Express,2671645,202520,data/bronce/Bookeau/Encuesta Reserva Express/Encuesta Reserva Express IP 202520.xlsx,Respuestas,287,atributos_difieren_de_reserva,Conservar y revisar; no eliminar ni sobrescribir
Encuesta Reserva Express,2677262,202520,data/bronce/Bookeau/Encuesta Reserva Express/Encuesta Reserva Express IP 202520.xlsx,Respuestas,299,atributos_difieren_de_reserva,Conservar y revisar; no eliminar ni sobrescribir
Encuesta Reserva Express,2682561,202520,data/bronce/Bookeau/Encuesta Reserva Express/Encuesta Reserva Express IP 202520.xlsx,Respuestas,313,atributos_difieren_de_reserva,Conservar y revisar; no eliminar ni sobrescribir
Encuesta Reserva Express,2684378,202520,data/bronce/Bookeau/Encuesta Reserva Express/Encuesta Reserva Express IP 202520.xlsx,Respuestas,322,atributos_difieren_de_reserva,Conservar y revisar; no eliminar ni sobrescribir
Encuesta Reserva Express,2685985,202520,data/bronce/Bookeau/Encuesta Reserva Express/Encuesta Reserva Express IP 202520.xlsx,Respuestas,350,atributos_difieren_de_reserva,Conservar y revisar; no eliminar ni sobrescribir
Encuesta Reserva Express,2688715,202520,data/bronce/Bookeau/Encuesta Reserva Express/Encuesta Reserva Express IP 202520.xlsx,Respuestas,360,atributos_difieren_de_reserva,Conservar y revisar; no eliminar ni sobrescribir
Encuesta Reserva Express,2688628,202520,data/bronce/Bookeau/Encuesta Reserva Express/Encuesta Reserva Express IP 202520.xlsx,Respuestas,365,atributos_difieren_de_reserva,Conservar y revisar; no eliminar ni sobrescribir
Encuesta Reserva Express,2689554,202520,data/bronce/Bookeau/Encuesta Reserva Express/Encuesta Reserva Express IP 202520.xlsx,Respuestas,386,atributos_difieren_de_reserva,Conservar y revisar; no eliminar ni sobrescribir
Encuesta Reserva Express,2690640,202520,data/bronce/Bookeau/Encuesta Reserva Express/Encuesta Reserva Express IP 202520.xlsx,Respuestas,400,atributos_difieren_de_reserva,Conservar y revisar; no eliminar ni sobrescribir
Encuesta Reserva Express,2689206,202520,data/bronce/Bookeau/Encuesta Reserva Express/Encuesta Reserva Express IP 202520.xlsx,Respuestas,411,atributos_difieren_de_reserva,Conservar y revisar; no eliminar ni sobrescribir
Encuesta Reserva Express,2713344,202520,data/bronce/Bookeau/Encuesta Reserva Express/Encuesta Reserva Express IP 202520.xlsx,Respuestas,457,atributos_difieren_de_reserva,Conservar y revisar; no eliminar ni sobrescribir
Encuesta Reserva Express,2715885,202520,data/bronce/Bookeau/Encuesta Reserva Express/Encuesta Reserva Express IP 202520.xlsx,Respuestas,459,atributos_difieren_de_reserva,Conservar y revisar; no eliminar ni sobrescribir
Encuesta Reserva Express,2717307,202520,data/bronce/Bookeau/Encuesta Reserva Express/Encuesta Reserva Express IP 202520.xlsx,Respuestas,462,atributos_difieren_de_reserva,Conservar y revisar; no eliminar ni sobrescribir
Encuesta Reserva Express,2716676,202520,data/bronce/Bookeau/Encuesta Reserva Express/Encuesta Reserva Express IP 202520.xlsx,Respuestas,463,atributos_difieren_de_reserva,Conservar y revisar; no eliminar ni sobrescribir
Encuesta Reserva Express,2720206,202520,data/bronce/Bookeau/Encuesta Reserva Express/Encuesta Reserva Express IP 202520.xlsx,Respuestas,471,atributos_difieren_de_reserva,Conservar y revisar; no eliminar ni sobrescribir
Encuesta Reserva Express,2724666,202520,data/bronce/Bookeau/Encuesta Reserva Express/Encuesta Reserva Express IP 202520.xlsx,Respuestas,480,atributos_difieren_de_reserva,Conservar y revisar; no eliminar ni sobrescribir
Encuesta Reserva Express,2724209,202520,data/bronce/Bookeau/Encuesta Reserva Express/Encuesta Reserva Express IP 202520.xlsx,Respuestas,484,atributos_difieren_de_reserva,Conservar y revisar; no eliminar ni sobrescribir
Encuesta Reserva Express,2724719,202520,data/bronce/Bookeau/Encuesta Reserva Express/Encuesta Reserva Express IP 202520.xlsx,Respuestas,489,atributos_difieren_de_reserva,Conservar y revisar; no eliminar ni sobrescribir
Encuesta Reserva Express,2725127,202520,data/bronce/Bookeau/Encuesta Reserva Express/Encuesta Reserva Express IP 202520.xlsx,Respuestas,490,atributos_difieren_de_reserva,Conservar y revisar; no eliminar ni sobrescribir
Encuesta Reserva Express,2728165,202520,data/bronce/Bookeau/Encuesta Reserva Express/Encuesta Reserva Express IP 202520.xlsx,Respuestas,492,atributos_difieren_de_reserva,Conservar y revisar; no eliminar ni sobrescribir
Encuesta Reserva Express,2723494,202520,data/bronce/Bookeau/Encuesta Reserva Express/Encuesta Reserva Express IP 202520.xlsx,Respuestas,496,atributos_difieren_de_reserva,Conservar y revisar; no eliminar ni sobrescribir
Encuesta Reserva Express,2726846,202520,data/bronce/Bookeau/Encuesta Reserva Express/Encuesta Reserva Express IP 202520.xlsx,Respuestas,504,atributos_difieren_de_reserva,Conservar y revisar; no eliminar ni sobrescribir
Encuesta Reserva Express,2729081,202520,data/bronce/Bookeau/Encuesta Reserva Express/Encuesta Reserva Express IP 202520.xlsx,Respuestas,508,atributos_difieren_de_reserva,Conservar y revisar; no eliminar ni sobrescribir
Encuesta Reserva Express,2730145,202520,data/bronce/Bookeau/Encuesta Reserva Express/Encuesta Reserva Express IP 202520.xlsx,Respuestas,509,atributos_difieren_de_reserva,Conservar y revisar; no eliminar ni sobrescribir
Encuesta Reserva Express,2729533,202520,data/bronce/Bookeau/Encuesta Reserva Express/Encuesta Reserva Express IP 202520.xlsx,Respuestas,516,atributos_difieren_de_reserva,Conservar y revisar; no eliminar ni sobrescribir
Encuesta Reserva Express,2731350,202520,data/bronce/Bookeau/Encuesta Reserva Express/Encuesta Reserva Express IP 202520.xlsx,Respuestas,520,atributos_difieren_de_reserva,Conservar y revisar; no eliminar ni sobrescribir
Encuesta Reserva Express,2731454,202520,data/bronce/Bookeau/Encuesta Reserva Express/Encuesta Reserva Express IP 202520.xlsx,Respuestas,523,atributos_difieren_de_reserva,Conservar y revisar; no eliminar ni sobrescribir
Encuesta Reserva Express,2728274,202520,data/bronce/Bookeau/Encuesta Reserva Express/Encuesta Reserva Express IP 202520.xlsx,Respuestas,524,atributos_difieren_de_reserva,Conservar y revisar; no eliminar ni sobrescribir
Encuesta Reserva Express,2730953,202520,data/bronce/Bookeau/Encuesta Reserva Express/Encuesta Reserva Express IP 202520.xlsx,Respuestas,526,atributos_difieren_de_reserva,Conservar y revisar; no eliminar ni sobrescribir
Encuesta Reserva Express,2731022,202520,data/bronce/Bookeau/Encuesta Reserva Express/Encuesta Reserva Express IP 202520.xlsx,Respuestas,529,atributos_difieren_de_reserva,Conservar y revisar; no eliminar ni sobrescribir
Encuesta Reserva Express,2731169,202520,data/bronce/Bookeau/Encuesta Reserva Express/Encuesta Reserva Express IP 202520.xlsx,Respuestas,538,atributos_difieren_de_reserva,Conservar y revisar; no eliminar ni sobrescribir
Encuesta Reserva Express,2731932,202520,data/bronce/Bookeau/Encuesta Reserva Express/Encuesta Reserva Express IP 202520.xlsx,Respuestas,550,atributos_difieren_de_reserva,Conservar y revisar; no eliminar ni sobrescribir
Encuesta Reserva Express,2732816,202520,data/bronce/Bookeau/Encuesta Reserva Express/Encuesta Reserva Express IP 202520.xlsx,Respuestas,560,atributos_difieren_de_reserva,Conservar y revisar; no eliminar ni sobrescribir
Encuesta Reserva Express,2733102,202520,data/bronce/Bookeau/Encuesta Reserva Express/Encuesta Reserva Express IP 202520.xlsx,Respuestas,561,atributos_difieren_de_reserva,Conservar y revisar; no eliminar ni sobrescribir
Encuesta Reserva Express,2725840,202520,data/bronce/Bookeau/Encuesta Reserva Express/Encuesta Reserva Express IP 202520.xlsx,Respuestas,563,atributos_difieren_de_reserva,Conservar y revisar; no eliminar ni sobrescribir
Encuesta Reserva Express,2732264,202520,data/bronce/Bookeau/Encuesta Reserva Express/Encuesta Reserva Express IP 202520.xlsx,Respuestas,565,atributos_difieren_de_reserva,Conservar y revisar; no eliminar ni sobrescribir
Encuesta Reserva Normal IP,413908,202110,data/bronce/Bookeau/Encuesta Reserva Normal IP/Encuesta Reserva Normal IP 202110.xlsx,Respuestas,2217,encuesta_marcada_invalida_en_origen,Conservar y revisar; no eliminar ni sobrescribir
Encuesta Reserva Normal IP,2190770,202420,data/bronce/Bookeau/Encuesta Reserva Normal IP/Encuesta Reserva Normal IP 202420.xlsx,Respuestas,1691,atributos_difieren_de_reserva,Conservar y revisar; no eliminar ni sobrescribir
Encuesta Reserva Normal IP,2549825,202520,data/bronce/Bookeau/Encuesta Reserva Normal IP/Encuesta Reserva Normal IP 202520.xlsx,Respuestas,8,atributos_difieren_de_reserva,Conservar y revisar; no eliminar ni sobrescribir
Encuesta Reserva Normal IP,2551721,202520,data/bronce/Bookeau/Encuesta Reserva Normal IP/Encuesta Reserva Normal IP 202520.xlsx,Respuestas,14,atributos_difieren_de_reserva,Conservar y revisar; no eliminar ni sobrescribir
Encuesta Reserva Normal IP,2552324,202520,data/bronce/Bookeau/Encuesta Reserva Normal IP/Encuesta Reserva Normal IP 202520.xlsx,Respuestas,24,atributos_difieren_de_reserva,Conservar y revisar; no eliminar ni sobrescribir
Encuesta Reserva Normal IP,2555458,202520,data/bronce/Bookeau/Encuesta Reserva Normal IP/Encuesta Reserva Normal IP 202520.xlsx,Respuestas,32,atributos_difieren_de_reserva,Conservar y revisar; no eliminar ni sobrescribir
Encuesta Reserva Normal IP,2555503,202520,data/bronce/Bookeau/Encuesta Reserva Normal IP/Encuesta Reserva Normal IP 202520.xlsx,Respuestas,35,atributos_difieren_de_reserva,Conservar y revisar; no eliminar ni sobrescribir
Encuesta Reserva Normal IP,2552386,202520,data/bronce/Bookeau/Encuesta Reserva Normal IP/Encuesta Reserva Normal IP 202520.xlsx,Respuestas,39,atributos_difieren_de_reserva,Conservar y revisar; no eliminar ni sobrescribir
Encuesta Reserva Normal IP,2556467,202520,data/bronce/Bookeau/Encuesta Reserva Normal IP/Encuesta Reserva Normal IP 202520.xlsx,Respuestas,43,atributos_difieren_de_reserva,Conservar y revisar; no eliminar ni sobrescribir
Encuesta Reserva Normal IP,2552401,202520,data/bronce/Bookeau/Encuesta Reserva Normal IP/Encuesta Reserva Normal IP 202520.xlsx,Respuestas,52,atributos_difieren_de_reserva,Conservar y revisar; no eliminar ni sobrescribir
Encuesta Reserva Normal IP,2558251,202520,data/bronce/Bookeau/Encuesta Reserva Normal IP/Encuesta Reserva Normal IP 202520.xlsx,Respuestas,55,atributos_difieren_de_reserva,Conservar y revisar; no eliminar ni sobrescribir
Encuesta Reserva Normal IP,2550123,202520,data/bronce/Bookeau/Encuesta Reserva Normal IP/Encuesta Reserva Normal IP 202520.xlsx,Respuestas,56,atributos_difieren_de_reserva,Conservar y revisar; no eliminar ni sobrescribir
Encuesta Reserva Normal IP,2548176,202520,data/bronce/Bookeau/Encuesta Reserva Normal IP/Encuesta Reserva Normal IP 202520.xlsx,Respuestas,60,atributos_difieren_de_reserva,Conservar y revisar; no eliminar ni sobrescribir
Encuesta Reserva Normal IP,2558922,202520,data/bronce/Bookeau/Encuesta Reserva Normal IP/Encuesta Reserva Normal IP 202520.xlsx,Respuestas,63,atributos_difieren_de_reserva,Conservar y revisar; no eliminar ni sobrescribir
Encuesta Reserva Normal IP,2560799,202520,data/bronce/Bookeau/Encuesta Reserva Normal IP/Encuesta Reserva Normal IP 202520.xlsx,Respuestas,70,atributos_difieren_de_reserva,Conservar y revisar; no eliminar ni sobrescribir
Encuesta Reserva Normal IP,2560857,202520,data/bronce/Bookeau/Encuesta Reserva Normal IP/Encuesta Reserva Normal IP 202520.xlsx,Respuestas,72,atributos_difieren_de_reserva,Conservar y revisar; no eliminar ni sobrescribir
Encuesta Reserva Normal IP,2560919,202520,data/bronce/Bookeau/Encuesta Reserva Normal IP/Encuesta Reserva Normal IP 202520.xlsx,Respuestas,76,atributos_difieren_de_reserva,Conservar y revisar; no eliminar ni sobrescribir
Encuesta Reserva Normal IP,2560806,202520,data/bronce/Bookeau/Encuesta Reserva Normal IP/Encuesta Reserva Normal IP 202520.xlsx,Respuestas,80,atributos_difieren_de_reserva,Conservar y revisar; no eliminar ni sobrescribir
Encuesta Reserva Normal IP,2562326,202520,data/bronce/Bookeau/Encuesta Reserva Normal IP/Encuesta Reserva Normal IP 202520.xlsx,Respuestas,92,atributos_difieren_de_reserva,Conservar y revisar; no eliminar ni sobrescribir
Encuesta Reserva Normal IP,2562341,202520,data/bronce/Bookeau/Encuesta Reserva Normal IP/Encuesta Reserva Normal IP 202520.xlsx,Respuestas,126,atributos_difieren_de_reserva,Conservar y revisar; no eliminar ni sobrescribir
Encuesta Reserva Normal IP,2561213,202520,data/bronce/Bookeau/Encuesta Reserva Normal IP/Encuesta Reserva Normal IP 202520.xlsx,Respuestas,142,atributos_difieren_de_reserva,Conservar y revisar; no eliminar ni sobrescribir
Encuesta Reserva Normal IP,2561353,202520,data/bronce/Bookeau/Encuesta Reserva Normal IP/Encuesta Reserva Normal IP 202520.xlsx,Respuestas,160,atributos_difieren_de_reserva,Conservar y revisar; no eliminar ni sobrescribir
Encuesta Reserva Normal IP,2561953,202520,data/bronce/Bookeau/Encuesta Reserva Normal IP/Encuesta Reserva Normal IP 202520.xlsx,Respuestas,161,atributos_difieren_de_reserva,Conservar y revisar; no eliminar ni sobrescribir
Encuesta Reserva Normal IP,2562109,202520,data/bronce/Bookeau/Encuesta Reserva Normal IP/Encuesta Reserva Normal IP 202520.xlsx,Respuestas,162,atributos_difieren_de_reserva,Conservar y revisar; no eliminar ni sobrescribir
Encuesta Reserva Normal IP,2569223,202520,data/bronce/Bookeau/Encuesta Reserva Normal IP/Encuesta Reserva Normal IP 202520.xlsx,Respuestas,176,atributos_difieren_de_reserva,Conservar y revisar; no eliminar ni sobrescribir
Encuesta Reserva Normal IP,2562264,202520,data/bronce/Bookeau/Encuesta Reserva Normal IP/Encuesta Reserva Normal IP 202520.xlsx,Respuestas,178,atributos_difieren_de_reserva,Conservar y revisar; no eliminar ni sobrescribir
Encuesta Reserva Normal IP,2561492,202520,data/bronce/Bookeau/Encuesta Reserva Normal IP/Encuesta Reserva Normal IP 202520.xlsx,Respuestas,187,atributos_difieren_de_reserva,Conservar y revisar; no eliminar ni sobrescribir
Encuesta Reserva Normal IP,2579848,202520,data/bronce/Bookeau/Encuesta Reserva Normal IP/Encuesta Reserva Normal IP 202520.xlsx,Respuestas,194,atributos_difieren_de_reserva,Conservar y revisar; no eliminar ni sobrescribir
Encuesta Reserva Normal IP,2585704,202520,data/bronce/Bookeau/Encuesta Reserva Normal IP/Encuesta Reserva Normal IP 202520.xlsx,Respuestas,200,atributos_difieren_de_reserva,Conservar y revisar; no eliminar ni sobrescribir
Encuesta Reserva Normal IP,2586435,202520,data/bronce/Bookeau/Encuesta Reserva Normal IP/Encuesta Reserva Normal IP 202520.xlsx,Respuestas,201,atributos_difieren_de_reserva,Conservar y revisar; no eliminar ni sobrescribir
Encuesta Reserva Normal IP,2586373,202520,data/bronce/Bookeau/Encuesta Reserva Normal IP/Encuesta Reserva Normal IP 202520.xlsx,Respuestas,204,atributos_difieren_de_reserva,Conservar y revisar; no eliminar ni sobrescribir
Encuesta Reserva Normal IP,2586865,202520,data/bronce/Bookeau/Encuesta Reserva Normal IP/Encuesta Reserva Normal IP 202520.xlsx,Respuestas,208,atributos_difieren_de_reserva,Conservar y revisar; no eliminar ni sobrescribir
Encuesta Reserva Normal IP,2594421,202520,data/bronce/Bookeau/Encuesta Reserva Normal IP/Encuesta Reserva Normal IP 202520.xlsx,Respuestas,217,atributos_difieren_de_reserva,Conservar y revisar; no eliminar ni sobrescribir
Encuesta Reserva Normal IP,2591252,202520,data/bronce/Bookeau/Encuesta Reserva Normal IP/Encuesta Reserva Normal IP 202520.xlsx,Respuestas,219,atributos_difieren_de_reserva,Conservar y revisar; no eliminar ni sobrescribir
Encuesta Reserva Normal IP,2595401,202520,data/bronce/Bookeau/Encuesta Reserva Normal IP/Encuesta Reserva Normal IP 202520.xlsx,Respuestas,223,atributos_difieren_de_reserva,Conservar y revisar; no eliminar ni sobrescribir
Encuesta Reserva Normal IP,2594448,202520,data/bronce/Bookeau/Encuesta Reserva Normal IP/Encuesta Reserva Normal IP 202520.xlsx,Respuestas,229,atributos_difieren_de_reserva,Conservar y revisar; no eliminar ni sobrescribir
Encuesta Reserva Normal IP,2600144,202520,data/bronce/Bookeau/Encuesta Reserva Normal IP/Encuesta Reserva Normal IP 202520.xlsx,Respuestas,244,atributos_difieren_de_reserva,Conservar y revisar; no eliminar ni sobrescribir
Encuesta Reserva Normal IP,2597753,202520,data/bronce/Bookeau/Encuesta Reserva Normal IP/Encuesta Reserva Normal IP 202520.xlsx,Respuestas,249,atributos_difieren_de_reserva,Conservar y revisar; no eliminar ni sobrescribir
Encuesta Reserva Normal IP,2600410,202520,data/bronce/Bookeau/Encuesta Reserva Normal IP/Encuesta Reserva Normal IP 202520.xlsx,Respuestas,250,atributos_difieren_de_reserva,Conservar y revisar; no eliminar ni sobrescribir
Encuesta Reserva Normal IP,2598974,202520,data/bronce/Bookeau/Encuesta Reserva Normal IP/Encuesta Reserva Normal IP 202520.xlsx,Respuestas,262,atributos_difieren_de_reserva,Conservar y revisar; no eliminar ni sobrescribir
Encuesta Reserva Normal IP,2600969,202520,data/bronce/Bookeau/Encuesta Reserva Normal IP/Encuesta Reserva Normal IP 202520.xlsx,Respuestas,267,atributos_difieren_de_reserva,Conservar y revisar; no eliminar ni sobrescribir
Encuesta Reserva Normal IP,2605414,202520,data/bronce/Bookeau/Encuesta Reserva Normal IP/Encuesta Reserva Normal IP 202520.xlsx,Respuestas,273,atributos_difieren_de_reserva,Conservar y revisar; no eliminar ni sobrescribir
Encuesta Reserva Normal IP,2605564,202520,data/bronce/Bookeau/Encuesta Reserva Normal IP/Encuesta Reserva Normal IP 202520.xlsx,Respuestas,275,atributos_difieren_de_reserva,Conservar y revisar; no eliminar ni sobrescribir
Encuesta Reserva Normal IP,2608485,202520,data/bronce/Bookeau/Encuesta Reserva Normal IP/Encuesta Reserva Normal IP 202520.xlsx,Respuestas,287,atributos_difieren_de_reserva,Conservar y revisar; no eliminar ni sobrescribir
Encuesta Reserva Normal IP,2608939,202520,data/bronce/Bookeau/Encuesta Reserva Normal IP/Encuesta Reserva Normal IP 202520.xlsx,Respuestas,291,atributos_difieren_de_reserva,Conservar y revisar; no eliminar ni sobrescribir
Encuesta Reserva Normal IP,2612417,202520,data/bronce/Bookeau/Encuesta Reserva Normal IP/Encuesta Reserva Normal IP 202520.xlsx,Respuestas,311,atributos_difieren_de_reserva,Conservar y revisar; no eliminar ni sobrescribir
Encuesta Reserva Normal IP,2613960,202520,data/bronce/Bookeau/Encuesta Reserva Normal IP/Encuesta Reserva Normal IP 202520.xlsx,Respuestas,317,atributos_difieren_de_reserva,Conservar y revisar; no eliminar ni sobrescribir
Encuesta Reserva Normal IP,2609495,202520,data/bronce/Bookeau/Encuesta Reserva Normal IP/Encuesta Reserva Normal IP 202520.xlsx,Respuestas,323,atributos_difieren_de_reserva,Conservar y revisar; no eliminar ni sobrescribir
Encuesta Reserva Normal IP,2611459,202520,data/bronce/Bookeau/Encuesta Reserva Normal IP/Encuesta Reserva Normal IP 202520.xlsx,Respuestas,327,atributos_difieren_de_reserva,Conservar y revisar; no eliminar ni sobrescribir
Encuesta Reserva Normal IP,2613274,202520,data/bronce/Bookeau/Encuesta Reserva Normal IP/Encuesta Reserva Normal IP 202520.xlsx,Respuestas,329,atributos_difieren_de_reserva,Conservar y revisar; no eliminar ni sobrescribir
Encuesta Reserva Normal IP,2615556,202520,data/bronce/Bookeau/Encuesta Reserva Normal IP/Encuesta Reserva Normal IP 202520.xlsx,Respuestas,348,atributos_difieren_de_reserva,Conservar y revisar; no eliminar ni sobrescribir
Encuesta Reserva Normal IP,2614770,202520,data/bronce/Bookeau/Encuesta Reserva Normal IP/Encuesta Reserva Normal IP 202520.xlsx,Respuestas,350,atributos_difieren_de_reserva,Conservar y revisar; no eliminar ni sobrescribir
Encuesta Reserva Normal IP,2614756,202520,data/bronce/Bookeau/Encuesta Reserva Normal IP/Encuesta Reserva Normal IP 202520.xlsx,Respuestas,355,atributos_difieren_de_reserva,Conservar y revisar; no eliminar ni sobrescribir
Encuesta Reserva Normal IP,2616593,202520,data/bronce/Bookeau/Encuesta Reserva Normal IP/Encuesta Reserva Normal IP 202520.xlsx,Respuestas,363,atributos_difieren_de_reserva,Conservar y revisar; no eliminar ni sobrescribir
Encuesta Reserva Normal IP,2611353,202520,data/bronce/Bookeau/Encuesta Reserva Normal IP/Encuesta Reserva Normal IP 202520.xlsx,Respuestas,364,atributos_difieren_de_reserva,Conservar y revisar; no eliminar ni sobrescribir
Encuesta Reserva Normal IP,2611635,202520,data/bronce/Bookeau/Encuesta Reserva Normal IP/Encuesta Reserva Normal IP 202520.xlsx,Respuestas,366,atributos_difieren_de_reserva,Conservar y revisar; no eliminar ni sobrescribir
Encuesta Reserva Normal IP,2614921,202520,data/bronce/Bookeau/Encuesta Reserva Normal IP/Encuesta Reserva Normal IP 202520.xlsx,Respuestas,367,atributos_difieren_de_reserva,Conservar y revisar; no eliminar ni sobrescribir
Encuesta Reserva Normal IP,2615575,202520,data/bronce/Bookeau/Encuesta Reserva Normal IP/Encuesta Reserva Normal IP 202520.xlsx,Respuestas,373,atributos_difieren_de_reserva,Conservar y revisar; no eliminar ni sobrescribir
Encuesta Reserva Normal IP,2620102,202520,data/bronce/Bookeau/Encuesta Reserva Normal IP/Encuesta Reserva Normal IP 202520.xlsx,Respuestas,382,atributos_difieren_de_reserva,Conservar y revisar; no eliminar ni sobrescribir
Encuesta Reserva Normal IP,2619981,202520,data/bronce/Bookeau/Encuesta Reserva Normal IP/Encuesta Reserva Normal IP 202520.xlsx,Respuestas,384,atributos_difieren_de_reserva,Conservar y revisar; no eliminar ni sobrescribir
Encuesta Reserva Normal IP,2620117,202520,data/bronce/Bookeau/Encuesta Reserva Normal IP/Encuesta Reserva Normal IP 202520.xlsx,Respuestas,391,atributos_difieren_de_reserva,Conservar y revisar; no eliminar ni sobrescribir
Encuesta Reserva Normal IP,2620666,202520,data/bronce/Bookeau/Encuesta Reserva Normal IP/Encuesta Reserva Normal IP 202520.xlsx,Respuestas,392,atributos_difieren_de_reserva,Conservar y revisar; no eliminar ni sobrescribir
Encuesta Reserva Normal IP,2620370,202520,data/bronce/Bookeau/Encuesta Reserva Normal IP/Encuesta Reserva Normal IP 202520.xlsx,Respuestas,398,atributos_difieren_de_reserva,Conservar y revisar; no eliminar ni sobrescribir
Encuesta Reserva Normal IP,2619858,202520,data/bronce/Bookeau/Encuesta Reserva Normal IP/Encuesta Reserva Normal IP 202520.xlsx,Respuestas,401,atributos_difieren_de_reserva,Conservar y revisar; no eliminar ni sobrescribir
Encuesta Reserva Normal IP,2621571,202520,data/bronce/Bookeau/Encuesta Reserva Normal IP/Encuesta Reserva Normal IP 202520.xlsx,Respuestas,408,atributos_difieren_de_reserva,Conservar y revisar; no eliminar ni sobrescribir
Encuesta Reserva Normal IP,2621502,202520,data/bronce/Bookeau/Encuesta Reserva Normal IP/Encuesta Reserva Normal IP 202520.xlsx,Respuestas,419,atributos_difieren_de_reserva,Conservar y revisar; no eliminar ni sobrescribir
Encuesta Reserva Normal IP,2621553,202520,data/bronce/Bookeau/Encuesta Reserva Normal IP/Encuesta Reserva Normal IP 202520.xlsx,Respuestas,425,atributos_difieren_de_reserva,Conservar y revisar; no eliminar ni sobrescribir
Encuesta Reserva Normal IP,2623282,202520,data/bronce/Bookeau/Encuesta Reserva Normal IP/Encuesta Reserva Normal IP 202520.xlsx,Respuestas,428,atributos_difieren_de_reserva,Conservar y revisar; no eliminar ni sobrescribir
Encuesta Reserva Normal IP,2621896,202520,data/bronce/Bookeau/Encuesta Reserva Normal IP/Encuesta Reserva Normal IP 202520.xlsx,Respuestas,430,atributos_difieren_de_reserva,Conservar y revisar; no eliminar ni sobrescribir
Encuesta Reserva Normal IP,2620971,202520,data/bronce/Bookeau/Encuesta Reserva Normal IP/Encuesta Reserva Normal IP 202520.xlsx,Respuestas,437,atributos_difieren_de_reserva,Conservar y revisar; no eliminar ni sobrescribir
Encuesta Reserva Normal IP,2625693,202520,data/bronce/Bookeau/Encuesta Reserva Normal IP/Encuesta Reserva Normal IP 202520.xlsx,Respuestas,478,atributos_difieren_de_reserva,Conservar y revisar; no eliminar ni sobrescribir
Encuesta Reserva Normal IP,2626119,202520,data/bronce/Bookeau/Encuesta Reserva Normal IP/Encuesta Reserva Normal IP 202520.xlsx,Respuestas,479,atributos_difieren_de_reserva,Conservar y revisar; no eliminar ni sobrescribir
Encuesta Reserva Normal IP,2621101,202520,data/bronce/Bookeau/Encuesta Reserva Normal IP/Encuesta Reserva Normal IP 202520.xlsx,Respuestas,482,atributos_difieren_de_reserva,Conservar y revisar; no eliminar ni sobrescribir
Encuesta Reserva Normal IP,2625702,202520,data/bronce/Bookeau/Encuesta Reserva Normal IP/Encuesta Reserva Normal IP 202520.xlsx,Respuestas,489,atributos_difieren_de_reserva,Conservar y revisar; no eliminar ni sobrescribir
Encuesta Reserva Normal IP,2622356,202520,data/bronce/Bookeau/Encuesta Reserva Normal IP/Encuesta Reserva Normal IP 202520.xlsx,Respuestas,511,atributos_difieren_de_reserva,Conservar y revisar; no eliminar ni sobrescribir
Encuesta Reserva Normal IP,2623581,202520,data/bronce/Bookeau/Encuesta Reserva Normal IP/Encuesta Reserva Normal IP 202520.xlsx,Respuestas,513,atributos_difieren_de_reserva,Conservar y revisar; no eliminar ni sobrescribir
Encuesta Reserva Normal IP,2626483,202520,data/bronce/Bookeau/Encuesta Reserva Normal IP/Encuesta Reserva Normal IP 202520.xlsx,Respuestas,533,atributos_difieren_de_reserva,Conservar y revisar; no eliminar ni sobrescribir
Encuesta Reserva Normal IP,2621079,202520,data/bronce/Bookeau/Encuesta Reserva Normal IP/Encuesta Reserva Normal IP 202520.xlsx,Respuestas,537,atributos_difieren_de_reserva,Conservar y revisar; no eliminar ni sobrescribir
Encuesta Reserva Normal IP,2620958,202520,data/bronce/Bookeau/Encuesta Reserva Normal IP/Encuesta Reserva Normal IP 202520.xlsx,Respuestas,540,atributos_difieren_de_reserva,Conservar y revisar; no eliminar ni sobrescribir
Encuesta Reserva Normal IP,2620967,202520,data/bronce/Bookeau/Encuesta Reserva Normal IP/Encuesta Reserva Normal IP 202520.xlsx,Respuestas,541,atributos_difieren_de_reserva,Conservar y revisar; no eliminar ni sobrescribir
Encuesta Reserva Normal IP,2626419,202520,data/bronce/Bookeau/Encuesta Reserva Normal IP/Encuesta Reserva Normal IP 202520.xlsx,Respuestas,560,atributos_difieren_de_reserva,Conservar y revisar; no eliminar ni sobrescribir
Encuesta Reserva Normal IP,2642049,202520,data/bronce/Bookeau/Encuesta Reserva Normal IP/Encuesta Reserva Normal IP 202520.xlsx,Respuestas,585,atributos_difieren_de_reserva,Conservar y revisar; no eliminar ni sobrescribir
Encuesta Reserva Normal IP,2641292,202520,data/bronce/Bookeau/Encuesta Reserva Normal IP/Encuesta Reserva Normal IP 202520.xlsx,Respuestas,588,atributos_difieren_de_reserva,Conservar y revisar; no eliminar ni sobrescribir
Encuesta Reserva Normal IP,2644592,202520,data/bronce/Bookeau/Encuesta Reserva Normal IP/Encuesta Reserva Normal IP 202520.xlsx,Respuestas,591,atributos_difieren_de_reserva,Conservar y revisar; no eliminar ni sobrescribir
Encuesta Reserva Normal IP,2644637,202520,data/bronce/Bookeau/Encuesta Reserva Normal IP/Encuesta Reserva Normal IP 202520.xlsx,Respuestas,592,atributos_difieren_de_reserva,Conservar y revisar; no eliminar ni sobrescribir
Encuesta Reserva Normal IP,2645410,202520,data/bronce/Bookeau/Encuesta Reserva Normal IP/Encuesta Reserva Normal IP 202520.xlsx,Respuestas,596,atributos_difieren_de_reserva,Conservar y revisar; no eliminar ni sobrescribir
Encuesta Reserva Normal IP,2646261,202520,data/bronce/Bookeau/Encuesta Reserva Normal IP/Encuesta Reserva Normal IP 202520.xlsx,Respuestas,598,atributos_difieren_de_reserva,Conservar y revisar; no eliminar ni sobrescribir
Encuesta Reserva Normal IP,2647037,202520,data/bronce/Bookeau/Encuesta Reserva Normal IP/Encuesta Reserva Normal IP 202520.xlsx,Respuestas,601,atributos_difieren_de_reserva,Conservar y revisar; no eliminar ni sobrescribir
Encuesta Reserva Normal IP,2646282,202520,data/bronce/Bookeau/Encuesta Reserva Normal IP/Encuesta Reserva Normal IP 202520.xlsx,Respuestas,603,atributos_difieren_de_reserva,Conservar y revisar; no eliminar ni sobrescribir
Encuesta Reserva Normal IP,2647533,202520,data/bronce/Bookeau/Encuesta Reserva Normal IP/Encuesta Reserva Normal IP 202520.xlsx,Respuestas,605,atributos_difieren_de_reserva,Conservar y revisar; no eliminar ni sobrescribir
Encuesta Reserva Normal IP,2650900,202520,data/bronce/Bookeau/Encuesta Reserva Normal IP/Encuesta Reserva Normal IP 202520.xlsx,Respuestas,615,atributos_difieren_de_reserva,Conservar y revisar; no eliminar ni sobrescribir
Encuesta Reserva Normal IP,2651273,202520,data/bronce/Bookeau/Encuesta Reserva Normal IP/Encuesta Reserva Normal IP 202520.xlsx,Respuestas,619,atributos_difieren_de_reserva,Conservar y revisar; no eliminar ni sobrescribir
Encuesta Reserva Normal IP,2652986,202520,data/bronce/Bookeau/Encuesta Reserva Normal IP/Encuesta Reserva Normal IP 202520.xlsx,Respuestas,630,atributos_difieren_de_reserva,Conservar y revisar; no eliminar ni sobrescribir
Encuesta Reserva Normal IP,2654842,202520,data/bronce/Bookeau/Encuesta Reserva Normal IP/Encuesta Reserva Normal IP 202520.xlsx,Respuestas,638,atributos_difieren_de_reserva,Conservar y revisar; no eliminar ni sobrescribir
Encuesta Reserva Normal IP,2653832,202520,data/bronce/Bookeau/Encuesta Reserva Normal IP/Encuesta Reserva Normal IP 202520.xlsx,Respuestas,648,atributos_difieren_de_reserva,Conservar y revisar; no eliminar ni sobrescribir
Encuesta Reserva Normal IP,2654133,202520,data/bronce/Bookeau/Encuesta Reserva Normal IP/Encuesta Reserva Normal IP 202520.xlsx,Respuestas,651,atributos_difieren_de_reserva,Conservar y revisar; no eliminar ni sobrescribir
Encuesta Reserva Normal IP,2652988,202520,data/bronce/Bookeau/Encuesta Reserva Normal IP/Encuesta Reserva Normal IP 202520.xlsx,Respuestas,656,atributos_difieren_de_reserva,Conservar y revisar; no eliminar ni sobrescribir
Encuesta Reserva Normal IP,2657045,202520,data/bronce/Bookeau/Encuesta Reserva Normal IP/Encuesta Reserva Normal IP 202520.xlsx,Respuestas,670,atributos_difieren_de_reserva,Conservar y revisar; no eliminar ni sobrescribir
Encuesta Reserva Normal IP,2658574,202520,data/bronce/Bookeau/Encuesta Reserva Normal IP/Encuesta Reserva Normal IP 202520.xlsx,Respuestas,672,atributos_difieren_de_reserva,Conservar y revisar; no eliminar ni sobrescribir
Encuesta Reserva Normal IP,2658576,202520,data/bronce/Bookeau/Encuesta Reserva Normal IP/Encuesta Reserva Normal IP 202520.xlsx,Respuestas,681,atributos_difieren_de_reserva,Conservar y revisar; no eliminar ni sobrescribir
Encuesta Reserva Normal IP,2662176,202520,data/bronce/Bookeau/Encuesta Reserva Normal IP/Encuesta Reserva Normal IP 202520.xlsx,Respuestas,684,atributos_difieren_de_reserva,Conservar y revisar; no eliminar ni sobrescribir
Encuesta Reserva Normal IP,2662361,202520,data/bronce/Bookeau/Encuesta Reserva Normal IP/Encuesta Reserva Normal IP 202520.xlsx,Respuestas,686,atributos_difieren_de_reserva,Conservar y revisar; no eliminar ni sobrescribir
Encuesta Reserva Normal IP,2661862,202520,data/bronce/Bookeau/Encuesta Reserva Normal IP/Encuesta Reserva Normal IP 202520.xlsx,Respuestas,687,atributos_difieren_de_reserva,Conservar y revisar; no eliminar ni sobrescribir
Encuesta Reserva Normal IP,2661902,202520,data/bronce/Bookeau/Encuesta Reserva Normal IP/Encuesta Reserva Normal IP 202520.xlsx,Respuestas,690,atributos_difieren_de_reserva,Conservar y revisar; no eliminar ni sobrescribir
Encuesta Reserva Normal IP,2663771,202520,data/bronce/Bookeau/Encuesta Reserva Normal IP/Encuesta Reserva Normal IP 202520.xlsx,Respuestas,692,atributos_difieren_de_reserva,Conservar y revisar; no eliminar ni sobrescribir
Encuesta Reserva Normal IP,2662183,202520,data/bronce/Bookeau/Encuesta Reserva Normal IP/Encuesta Reserva Normal IP 202520.xlsx,Respuestas,693,atributos_difieren_de_reserva,Conservar y revisar; no eliminar ni sobrescribir
Encuesta Reserva Normal IP,2662189,202520,data/bronce/Bookeau/Encuesta Reserva Normal IP/Encuesta Reserva Normal IP 202520.xlsx,Respuestas,696,atributos_difieren_de_reserva,Conservar y revisar; no eliminar ni sobrescribir
Encuesta Reserva Normal IP,2663368,202520,data/bronce/Bookeau/Encuesta Reserva Normal IP/Encuesta Reserva Normal IP 202520.xlsx,Respuestas,698,atributos_difieren_de_reserva,Conservar y revisar; no eliminar ni sobrescribir
Encuesta Reserva Normal IP,2663680,202520,data/bronce/Bookeau/Encuesta Reserva Normal IP/Encuesta Reserva Normal IP 202520.xlsx,Respuestas,699,atributos_difieren_de_reserva,Conservar y revisar; no eliminar ni sobrescribir
Encuesta Reserva Normal IP,2665743,202520,data/bronce/Bookeau/Encuesta Reserva Normal IP/Encuesta Reserva Normal IP 202520.xlsx,Respuestas,701,atributos_difieren_de_reserva,Conservar y revisar; no eliminar ni sobrescribir
Encuesta Reserva Normal IP,2666683,202520,data/bronce/Bookeau/Encuesta Reserva Normal IP/Encuesta Reserva Normal IP 202520.xlsx,Respuestas,704,atributos_difieren_de_reserva,Conservar y revisar; no eliminar ni sobrescribir
Encuesta Reserva Normal IP,2667991,202520,data/bronce/Bookeau/Encuesta Reserva Normal IP/Encuesta Reserva Normal IP 202520.xlsx,Respuestas,713,atributos_difieren_de_reserva,Conservar y revisar; no eliminar ni sobrescribir
Encuesta Reserva Normal IP,2662289,202520,data/bronce/Bookeau/Encuesta Reserva Normal IP/Encuesta Reserva Normal IP 202520.xlsx,Respuestas,731,atributos_difieren_de_reserva,Conservar y revisar; no eliminar ni sobrescribir
Encuesta Reserva Normal IP,2662250,202520,data/bronce/Bookeau/Encuesta Reserva Normal IP/Encuesta Reserva Normal IP 202520.xlsx,Respuestas,734,atributos_difieren_de_reserva,Conservar y revisar; no eliminar ni sobrescribir
Encuesta Reserva Normal IP,2671280,202520,data/bronce/Bookeau/Encuesta Reserva Normal IP/Encuesta Reserva Normal IP 202520.xlsx,Respuestas,738,atributos_difieren_de_reserva,Conservar y revisar; no eliminar ni sobrescribir
Encuesta Reserva Normal IP,2671202,202520,data/bronce/Bookeau/Encuesta Reserva Normal IP/Encuesta Reserva Normal IP 202520.xlsx,Respuestas,745,atributos_difieren_de_reserva,Conservar y revisar; no eliminar ni sobrescribir
Encuesta Reserva Normal IP,2669881,202520,data/bronce/Bookeau/Encuesta Reserva Normal IP/Encuesta Reserva Normal IP 202520.xlsx,Respuestas,748,atributos_difieren_de_reserva,Conservar y revisar; no eliminar ni sobrescribir
Encuesta Reserva Normal IP,2669036,202520,data/bronce/Bookeau/Encuesta Reserva Normal IP/Encuesta Reserva Normal IP 202520.xlsx,Respuestas,759,atributos_difieren_de_reserva,Conservar y revisar; no eliminar ni sobrescribir
Encuesta Reserva Normal IP,2672621,202520,data/bronce/Bookeau/Encuesta Reserva Normal IP/Encuesta Reserva Normal IP 202520.xlsx,Respuestas,764,atributos_difieren_de_reserva,Conservar y revisar; no eliminar ni sobrescribir
Encuesta Reserva Normal IP,2673809,202520,data/bronce/Bookeau/Encuesta Reserva Normal IP/Encuesta Reserva Normal IP 202520.xlsx,Respuestas,766,atributos_difieren_de_reserva,Conservar y revisar; no eliminar ni sobrescribir
Encuesta Reserva Normal IP,2673492,202520,data/bronce/Bookeau/Encuesta Reserva Normal IP/Encuesta Reserva Normal IP 202520.xlsx,Respuestas,768,atributos_difieren_de_reserva,Conservar y revisar; no eliminar ni sobrescribir
Encuesta Reserva Normal IP,2672285,202520,data/bronce/Bookeau/Encuesta Reserva Normal IP/Encuesta Reserva Normal IP 202520.xlsx,Respuestas,769,atributos_difieren_de_reserva,Conservar y revisar; no eliminar ni sobrescribir
Encuesta Reserva Normal IP,2672586,202520,data/bronce/Bookeau/Encuesta Reserva Normal IP/Encuesta Reserva Normal IP 202520.xlsx,Respuestas,770,atributos_difieren_de_reserva,Conservar y revisar; no eliminar ni sobrescribir
Encuesta Reserva Normal IP,2676915,202520,data/bronce/Bookeau/Encuesta Reserva Normal IP/Encuesta Reserva Normal IP 202520.xlsx,Respuestas,773,atributos_difieren_de_reserva,Conservar y revisar; no eliminar ni sobrescribir
Encuesta Reserva Normal IP,2675949,202520,data/bronce/Bookeau/Encuesta Reserva Normal IP/Encuesta Reserva Normal IP 202520.xlsx,Respuestas,774,atributos_difieren_de_reserva,Conservar y revisar; no eliminar ni sobrescribir
Encuesta Reserva Normal IP,2676391,202520,data/bronce/Bookeau/Encuesta Reserva Normal IP/Encuesta Reserva Normal IP 202520.xlsx,Respuestas,778,atributos_difieren_de_reserva,Conservar y revisar; no eliminar ni sobrescribir
Encuesta Reserva Normal IP,2677575,202520,data/bronce/Bookeau/Encuesta Reserva Normal IP/Encuesta Reserva Normal IP 202520.xlsx,Respuestas,787,atributos_difieren_de_reserva,Conservar y revisar; no eliminar ni sobrescribir
Encuesta Reserva Normal IP,2680276,202520,data/bronce/Bookeau/Encuesta Reserva Normal IP/Encuesta Reserva Normal IP 202520.xlsx,Respuestas,789,atributos_difieren_de_reserva,Conservar y revisar; no eliminar ni sobrescribir
Encuesta Reserva Normal IP,2678681,202520,data/bronce/Bookeau/Encuesta Reserva Normal IP/Encuesta Reserva Normal IP 202520.xlsx,Respuestas,807,atributos_difieren_de_reserva,Conservar y revisar; no eliminar ni sobrescribir
Encuesta Reserva Normal IP,2679031,202520,data/bronce/Bookeau/Encuesta Reserva Normal IP/Encuesta Reserva Normal IP 202520.xlsx,Respuestas,808,atributos_difieren_de_reserva,Conservar y revisar; no eliminar ni sobrescribir
Encuesta Reserva Normal IP,2676065,202520,data/bronce/Bookeau/Encuesta Reserva Normal IP/Encuesta Reserva Normal IP 202520.xlsx,Respuestas,819,atributos_difieren_de_reserva,Conservar y revisar; no eliminar ni sobrescribir
Encuesta Reserva Normal IP,2680739,202520,data/bronce/Bookeau/Encuesta Reserva Normal IP/Encuesta Reserva Normal IP 202520.xlsx,Respuestas,821,atributos_difieren_de_reserva,Conservar y revisar; no eliminar ni sobrescribir
Encuesta Reserva Normal IP,2675916,202520,data/bronce/Bookeau/Encuesta Reserva Normal IP/Encuesta Reserva Normal IP 202520.xlsx,Respuestas,827,atributos_difieren_de_reserva,Conservar y revisar; no eliminar ni sobrescribir
Encuesta Reserva Normal IP,2678612,202520,data/bronce/Bookeau/Encuesta Reserva Normal IP/Encuesta Reserva Normal IP 202520.xlsx,Respuestas,835,atributos_difieren_de_reserva,Conservar y revisar; no eliminar ni sobrescribir
Encuesta Reserva Normal IP,2676961,202520,data/bronce/Bookeau/Encuesta Reserva Normal IP/Encuesta Reserva Normal IP 202520.xlsx,Respuestas,838,atributos_difieren_de_reserva,Conservar y revisar; no eliminar ni sobrescribir
Encuesta Reserva Normal IP,2684473,202520,data/bronce/Bookeau/Encuesta Reserva Normal IP/Encuesta Reserva Normal IP 202520.xlsx,Respuestas,844,atributos_difieren_de_reserva,Conservar y revisar; no eliminar ni sobrescribir
Encuesta Reserva Normal IP,2683630,202520,data/bronce/Bookeau/Encuesta Reserva Normal IP/Encuesta Reserva Normal IP 202520.xlsx,Respuestas,878,atributos_difieren_de_reserva,Conservar y revisar; no eliminar ni sobrescribir
Encuesta Reserva Normal IP,2686782,202520,data/bronce/Bookeau/Encuesta Reserva Normal IP/Encuesta Reserva Normal IP 202520.xlsx,Respuestas,888,atributos_difieren_de_reserva,Conservar y revisar; no eliminar ni sobrescribir
Encuesta Reserva Normal IP,2688526,202520,data/bronce/Bookeau/Encuesta Reserva Normal IP/Encuesta Reserva Normal IP 202520.xlsx,Respuestas,909,atributos_difieren_de_reserva,Conservar y revisar; no eliminar ni sobrescribir
Encuesta Reserva Normal IP,2689471,202520,data/bronce/Bookeau/Encuesta Reserva Normal IP/Encuesta Reserva Normal IP 202520.xlsx,Respuestas,937,atributos_difieren_de_reserva,Conservar y revisar; no eliminar ni sobrescribir
Encuesta Reserva Normal IP,2688618,202520,data/bronce/Bookeau/Encuesta Reserva Normal IP/Encuesta Reserva Normal IP 202520.xlsx,Respuestas,940,atributos_difieren_de_reserva,Conservar y revisar; no eliminar ni sobrescribir
Encuesta Reserva Normal IP,2688523,202520,data/bronce/Bookeau/Encuesta Reserva Normal IP/Encuesta Reserva Normal IP 202520.xlsx,Respuestas,983,atributos_difieren_de_reserva,Conservar y revisar; no eliminar ni sobrescribir
Encuesta Reserva Normal IP,2688551,202520,data/bronce/Bookeau/Encuesta Reserva Normal IP/Encuesta Reserva Normal IP 202520.xlsx,Respuestas,985,atributos_difieren_de_reserva,Conservar y revisar; no eliminar ni sobrescribir
Encuesta Reserva Normal IP,2688511,202520,data/bronce/Bookeau/Encuesta Reserva Normal IP/Encuesta Reserva Normal IP 202520.xlsx,Respuestas,993,atributos_difieren_de_reserva,Conservar y revisar; no eliminar ni sobrescribir
Encuesta Reserva Normal IP,2694982,202520,data/bronce/Bookeau/Encuesta Reserva Normal IP/Encuesta Reserva Normal IP 202520.xlsx,Respuestas,1019,atributos_difieren_de_reserva,Conservar y revisar; no eliminar ni sobrescribir
Encuesta Reserva Normal IP,2688515,202520,data/bronce/Bookeau/Encuesta Reserva Normal IP/Encuesta Reserva Normal IP 202520.xlsx,Respuestas,1020,atributos_difieren_de_reserva,Conservar y revisar; no eliminar ni sobrescribir
Encuesta Reserva Normal IP,2690060,202520,data/bronce/Bookeau/Encuesta Reserva Normal IP/Encuesta Reserva Normal IP 202520.xlsx,Respuestas,1031,atributos_difieren_de_reserva,Conservar y revisar; no eliminar ni sobrescribir
Encuesta Reserva Normal IP,2692388,202520,data/bronce/Bookeau/Encuesta Reserva Normal IP/Encuesta Reserva Normal IP 202520.xlsx,Respuestas,1033,atributos_difieren_de_reserva,Conservar y revisar; no eliminar ni sobrescribir
Encuesta Reserva Normal IP,2691614,202520,data/bronce/Bookeau/Encuesta Reserva Normal IP/Encuesta Reserva Normal IP 202520.xlsx,Respuestas,1043,atributos_difieren_de_reserva,Conservar y revisar; no eliminar ni sobrescribir
Encuesta Reserva Normal IP,2696637,202520,data/bronce/Bookeau/Encuesta Reserva Normal IP/Encuesta Reserva Normal IP 202520.xlsx,Respuestas,1077,atributos_difieren_de_reserva,Conservar y revisar; no eliminar ni sobrescribir
Encuesta Reserva Normal IP,2699875,202520,data/bronce/Bookeau/Encuesta Reserva Normal IP/Encuesta Reserva Normal IP 202520.xlsx,Respuestas,1083,atributos_difieren_de_reserva,Conservar y revisar; no eliminar ni sobrescribir
Encuesta Reserva Normal IP,2700672,202520,data/bronce/Bookeau/Encuesta Reserva Normal IP/Encuesta Reserva Normal IP 202520.xlsx,Respuestas,1084,atributos_difieren_de_reserva,Conservar y revisar; no eliminar ni sobrescribir
Encuesta Reserva Normal IP,2703315,202520,data/bronce/Bookeau/Encuesta Reserva Normal IP/Encuesta Reserva Normal IP 202520.xlsx,Respuestas,1085,atributos_difieren_de_reserva,Conservar y revisar; no eliminar ni sobrescribir
Encuesta Reserva Normal IP,2704015,202520,data/bronce/Bookeau/Encuesta Reserva Normal IP/Encuesta Reserva Normal IP 202520.xlsx,Respuestas,1093,atributos_difieren_de_reserva,Conservar y revisar; no eliminar ni sobrescribir
Encuesta Reserva Normal IP,2706606,202520,data/bronce/Bookeau/Encuesta Reserva Normal IP/Encuesta Reserva Normal IP 202520.xlsx,Respuestas,1094,atributos_difieren_de_reserva,Conservar y revisar; no eliminar ni sobrescribir
Encuesta Reserva Normal IP,2706725,202520,data/bronce/Bookeau/Encuesta Reserva Normal IP/Encuesta Reserva Normal IP 202520.xlsx,Respuestas,1100,atributos_difieren_de_reserva,Conservar y revisar; no eliminar ni sobrescribir
Encuesta Reserva Normal IP,2708617,202520,data/bronce/Bookeau/Encuesta Reserva Normal IP/Encuesta Reserva Normal IP 202520.xlsx,Respuestas,1105,atributos_difieren_de_reserva,Conservar y revisar; no eliminar ni sobrescribir
Encuesta Reserva Normal IP,2703230,202520,data/bronce/Bookeau/Encuesta Reserva Normal IP/Encuesta Reserva Normal IP 202520.xlsx,Respuestas,1111,atributos_difieren_de_reserva,Conservar y revisar; no eliminar ni sobrescribir
Encuesta Reserva Normal IP,2706827,202520,data/bronce/Bookeau/Encuesta Reserva Normal IP/Encuesta Reserva Normal IP 202520.xlsx,Respuestas,1115,atributos_difieren_de_reserva,Conservar y revisar; no eliminar ni sobrescribir
Encuesta Reserva Normal IP,2709536,202520,data/bronce/Bookeau/Encuesta Reserva Normal IP/Encuesta Reserva Normal IP 202520.xlsx,Respuestas,1117,atributos_difieren_de_reserva,Conservar y revisar; no eliminar ni sobrescribir
Encuesta Reserva Normal IP,2709292,202520,data/bronce/Bookeau/Encuesta Reserva Normal IP/Encuesta Reserva Normal IP 202520.xlsx,Respuestas,1118,atributos_difieren_de_reserva,Conservar y revisar; no eliminar ni sobrescribir
Encuesta Reserva Normal IP,2713032,202520,data/bronce/Bookeau/Encuesta Reserva Normal IP/Encuesta Reserva Normal IP 202520.xlsx,Respuestas,1124,atributos_difieren_de_reserva,Conservar y revisar; no eliminar ni sobrescribir
Encuesta Reserva Normal IP,2713392,202520,data/bronce/Bookeau/Encuesta Reserva Normal IP/Encuesta Reserva Normal IP 202520.xlsx,Respuestas,1125,atributos_difieren_de_reserva,Conservar y revisar; no eliminar ni sobrescribir
Encuesta Reserva Normal IP,2714347,202520,data/bronce/Bookeau/Encuesta Reserva Normal IP/Encuesta Reserva Normal IP 202520.xlsx,Respuestas,1128,atributos_difieren_de_reserva,Conservar y revisar; no eliminar ni sobrescribir
Encuesta Reserva Normal IP,2715087,202520,data/bronce/Bookeau/Encuesta Reserva Normal IP/Encuesta Reserva Normal IP 202520.xlsx,Respuestas,1138,atributos_difieren_de_reserva,Conservar y revisar; no eliminar ni sobrescribir
Encuesta Reserva Normal IP,2713043,202520,data/bronce/Bookeau/Encuesta Reserva Normal IP/Encuesta Reserva Normal IP 202520.xlsx,Respuestas,1150,atributos_difieren_de_reserva,Conservar y revisar; no eliminar ni sobrescribir
Encuesta Reserva Normal IP,2716208,202520,data/bronce/Bookeau/Encuesta Reserva Normal IP/Encuesta Reserva Normal IP 202520.xlsx,Respuestas,1152,atributos_difieren_de_reserva,Conservar y revisar; no eliminar ni sobrescribir
Encuesta Reserva Normal IP,2717316,202520,data/bronce/Bookeau/Encuesta Reserva Normal IP/Encuesta Reserva Normal IP 202520.xlsx,Respuestas,1160,atributos_difieren_de_reserva,Conservar y revisar; no eliminar ni sobrescribir
Encuesta Reserva Normal IP,2714632,202520,data/bronce/Bookeau/Encuesta Reserva Normal IP/Encuesta Reserva Normal IP 202520.xlsx,Respuestas,1163,atributos_difieren_de_reserva,Conservar y revisar; no eliminar ni sobrescribir
Encuesta Reserva Normal IP,2716251,202520,data/bronce/Bookeau/Encuesta Reserva Normal IP/Encuesta Reserva Normal IP 202520.xlsx,Respuestas,1166,atributos_difieren_de_reserva,Conservar y revisar; no eliminar ni sobrescribir
Encuesta Reserva Normal IP,2713073,202520,data/bronce/Bookeau/Encuesta Reserva Normal IP/Encuesta Reserva Normal IP 202520.xlsx,Respuestas,1171,atributos_difieren_de_reserva,Conservar y revisar; no eliminar ni sobrescribir
Encuesta Reserva Normal IP,2715276,202520,data/bronce/Bookeau/Encuesta Reserva Normal IP/Encuesta Reserva Normal IP 202520.xlsx,Respuestas,1178,atributos_difieren_de_reserva,Conservar y revisar; no eliminar ni sobrescribir
Encuesta Reserva Normal IP,2718737,202520,data/bronce/Bookeau/Encuesta Reserva Normal IP/Encuesta Reserva Normal IP 202520.xlsx,Respuestas,1190,atributos_difieren_de_reserva,Conservar y revisar; no eliminar ni sobrescribir
Encuesta Reserva Normal IP,2720253,202520,data/bronce/Bookeau/Encuesta Reserva Normal IP/Encuesta Reserva Normal IP 202520.xlsx,Respuestas,1200,atributos_difieren_de_reserva,Conservar y revisar; no eliminar ni sobrescribir
Encuesta Reserva Normal IP,2719567,202520,data/bronce/Bookeau/Encuesta Reserva Normal IP/Encuesta Reserva Normal IP 202520.xlsx,Respuestas,1201,atributos_difieren_de_reserva,Conservar y revisar; no eliminar ni sobrescribir
Encuesta Reserva Normal IP,2723829,202520,data/bronce/Bookeau/Encuesta Reserva Normal IP/Encuesta Reserva Normal IP 202520.xlsx,Respuestas,1203,atributos_difieren_de_reserva,Conservar y revisar; no eliminar ni sobrescribir
Encuesta Reserva Normal IP,2723559,202520,data/bronce/Bookeau/Encuesta Reserva Normal IP/Encuesta Reserva Normal IP 202520.xlsx,Respuestas,1206,atributos_difieren_de_reserva,Conservar y revisar; no eliminar ni sobrescribir
Encuesta Reserva Normal IP,2724809,202520,data/bronce/Bookeau/Encuesta Reserva Normal IP/Encuesta Reserva Normal IP 202520.xlsx,Respuestas,1208,atributos_difieren_de_reserva,Conservar y revisar; no eliminar ni sobrescribir
Encuesta Reserva Normal IP,2724156,202520,data/bronce/Bookeau/Encuesta Reserva Normal IP/Encuesta Reserva Normal IP 202520.xlsx,Respuestas,1210,atributos_difieren_de_reserva,Conservar y revisar; no eliminar ni sobrescribir
Encuesta Reserva Normal IP,2723789,202520,data/bronce/Bookeau/Encuesta Reserva Normal IP/Encuesta Reserva Normal IP 202520.xlsx,Respuestas,1212,atributos_difieren_de_reserva,Conservar y revisar; no eliminar ni sobrescribir
Encuesta Reserva Normal IP,2723883,202520,data/bronce/Bookeau/Encuesta Reserva Normal IP/Encuesta Reserva Normal IP 202520.xlsx,Respuestas,1213,atributos_difieren_de_reserva,Conservar y revisar; no eliminar ni sobrescribir
Encuesta Reserva Normal IP,2723507,202520,data/bronce/Bookeau/Encuesta Reserva Normal IP/Encuesta Reserva Normal IP 202520.xlsx,Respuestas,1215,atributos_difieren_de_reserva,Conservar y revisar; no eliminar ni sobrescribir
Encuesta Reserva Normal IP,2723537,202520,data/bronce/Bookeau/Encuesta Reserva Normal IP/Encuesta Reserva Normal IP 202520.xlsx,Respuestas,1216,atributos_difieren_de_reserva,Conservar y revisar; no eliminar ni sobrescribir
Encuesta Reserva Normal IP,2725890,202520,data/bronce/Bookeau/Encuesta Reserva Normal IP/Encuesta Reserva Normal IP 202520.xlsx,Respuestas,1234,atributos_difieren_de_reserva,Conservar y revisar; no eliminar ni sobrescribir
Encuesta Reserva Normal IP,2723504,202520,data/bronce/Bookeau/Encuesta Reserva Normal IP/Encuesta Reserva Normal IP 202520.xlsx,Respuestas,1238,atributos_difieren_de_reserva,Conservar y revisar; no eliminar ni sobrescribir
Encuesta Reserva Normal IP,2723781,202520,data/bronce/Bookeau/Encuesta Reserva Normal IP/Encuesta Reserva Normal IP 202520.xlsx,Respuestas,1241,atributos_difieren_de_reserva,Conservar y revisar; no eliminar ni sobrescribir
Encuesta Reserva Normal IP,2727943,202520,data/bronce/Bookeau/Encuesta Reserva Normal IP/Encuesta Reserva Normal IP 202520.xlsx,Respuestas,1248,atributos_difieren_de_reserva,Conservar y revisar; no eliminar ni sobrescribir
Encuesta Reserva Normal IP,2725419,202520,data/bronce/Bookeau/Encuesta Reserva Normal IP/Encuesta Reserva Normal IP 202520.xlsx,Respuestas,1265,atributos_difieren_de_reserva,Conservar y revisar; no eliminar ni sobrescribir
Encuesta Reserva Normal IP,2729172,202520,data/bronce/Bookeau/Encuesta Reserva Normal IP/Encuesta Reserva Normal IP 202520.xlsx,Respuestas,1275,atributos_difieren_de_reserva,Conservar y revisar; no eliminar ni sobrescribir
Encuesta Reserva Normal IP,2723812,202520,data/bronce/Bookeau/Encuesta Reserva Normal IP/Encuesta Reserva Normal IP 202520.xlsx,Respuestas,1276,atributos_difieren_de_reserva,Conservar y revisar; no eliminar ni sobrescribir
Encuesta Reserva Normal IP,2724817,202520,data/bronce/Bookeau/Encuesta Reserva Normal IP/Encuesta Reserva Normal IP 202520.xlsx,Respuestas,1290,atributos_difieren_de_reserva,Conservar y revisar; no eliminar ni sobrescribir
Encuesta Reserva Normal IP,2725917,202520,data/bronce/Bookeau/Encuesta Reserva Normal IP/Encuesta Reserva Normal IP 202520.xlsx,Respuestas,1292,atributos_difieren_de_reserva,Conservar y revisar; no eliminar ni sobrescribir
Encuesta Reserva Normal IP,2725934,202520,data/bronce/Bookeau/Encuesta Reserva Normal IP/Encuesta Reserva Normal IP 202520.xlsx,Respuestas,1293,atributos_difieren_de_reserva,Conservar y revisar; no eliminar ni sobrescribir
Encuesta Reserva Normal IP,2727436,202520,data/bronce/Bookeau/Encuesta Reserva Normal IP/Encuesta Reserva Normal IP 202520.xlsx,Respuestas,1294,atributos_difieren_de_reserva,Conservar y revisar; no eliminar ni sobrescribir
Encuesta Reserva Normal IP,2728743,202520,data/bronce/Bookeau/Encuesta Reserva Normal IP/Encuesta Reserva Normal IP 202520.xlsx,Respuestas,1295,atributos_difieren_de_reserva,Conservar y revisar; no eliminar ni sobrescribir
Encuesta Reserva Normal IP,2726939,202520,data/bronce/Bookeau/Encuesta Reserva Normal IP/Encuesta Reserva Normal IP 202520.xlsx,Respuestas,1309,atributos_difieren_de_reserva,Conservar y revisar; no eliminar ni sobrescribir
Encuesta Reserva Normal IP,2723498,202520,data/bronce/Bookeau/Encuesta Reserva Normal IP/Encuesta Reserva Normal IP 202520.xlsx,Respuestas,1313,atributos_difieren_de_reserva,Conservar y revisar; no eliminar ni sobrescribir
Encuesta Reserva Normal IP,2723511,202520,data/bronce/Bookeau/Encuesta Reserva Normal IP/Encuesta Reserva Normal IP 202520.xlsx,Respuestas,1314,atributos_difieren_de_reserva,Conservar y revisar; no eliminar ni sobrescribir
Encuesta Reserva Normal IP,2725903,202520,data/bronce/Bookeau/Encuesta Reserva Normal IP/Encuesta Reserva Normal IP 202520.xlsx,Respuestas,1315,atributos_difieren_de_reserva,Conservar y revisar; no eliminar ni sobrescribir
Encuesta Reserva Normal IP,2723496,202520,data/bronce/Bookeau/Encuesta Reserva Normal IP/Encuesta Reserva Normal IP 202520.xlsx,Respuestas,1319,atributos_difieren_de_reserva,Conservar y revisar; no eliminar ni sobrescribir
Encuesta Reserva Normal IP,2724712,202520,data/bronce/Bookeau/Encuesta Reserva Normal IP/Encuesta Reserva Normal IP 202520.xlsx,Respuestas,1321,atributos_difieren_de_reserva,Conservar y revisar; no eliminar ni sobrescribir
Encuesta Reserva Normal IP,2725587,202520,data/bronce/Bookeau/Encuesta Reserva Normal IP/Encuesta Reserva Normal IP 202520.xlsx,Respuestas,1322,atributos_difieren_de_reserva,Conservar y revisar; no eliminar ni sobrescribir
Encuesta Reserva Normal IP,2723489,202520,data/bronce/Bookeau/Encuesta Reserva Normal IP/Encuesta Reserva Normal IP 202520.xlsx,Respuestas,1327,atributos_difieren_de_reserva,Conservar y revisar; no eliminar ni sobrescribir
Encuesta Reserva Normal IP,2725839,202520,data/bronce/Bookeau/Encuesta Reserva Normal IP/Encuesta Reserva Normal IP 202520.xlsx,Respuestas,1329,atributos_difieren_de_reserva,Conservar y revisar; no eliminar ni sobrescribir
Encuesta Reserva Normal IP,2730467,202520,data/bronce/Bookeau/Encuesta Reserva Normal IP/Encuesta Reserva Normal IP 202520.xlsx,Respuestas,1335,atributos_difieren_de_reserva,Conservar y revisar; no eliminar ni sobrescribir
Encuesta Reserva Normal IP,2730787,202520,data/bronce/Bookeau/Encuesta Reserva Normal IP/Encuesta Reserva Normal IP 202520.xlsx,Respuestas,1351,atributos_difieren_de_reserva,Conservar y revisar; no eliminar ni sobrescribir
Encuesta Reserva Normal IP,2732052,202520,data/bronce/Bookeau/Encuesta Reserva Normal IP/Encuesta Reserva Normal IP 202520.xlsx,Respuestas,1354,atributos_difieren_de_reserva,Conservar y revisar; no eliminar ni sobrescribir
Encuesta Reserva Normal IP,2727030,202520,data/bronce/Bookeau/Encuesta Reserva Normal IP/Encuesta Reserva Normal IP 202520.xlsx,Respuestas,1361,atributos_difieren_de_reserva,Conservar y revisar; no eliminar ni sobrescribir
Encuesta Reserva Normal IP,2725727,202520,data/bronce/Bookeau/Encuesta Reserva Normal IP/Encuesta Reserva Normal IP 202520.xlsx,Respuestas,1368,atributos_difieren_de_reserva,Conservar y revisar; no eliminar ni sobrescribir
Encuesta Reserva Normal IP,2732406,202520,data/bronce/Bookeau/Encuesta Reserva Normal IP/Encuesta Reserva Normal IP 202520.xlsx,Respuestas,1373,atributos_difieren_de_reserva,Conservar y revisar; no eliminar ni sobrescribir
Encuesta Reserva Normal IP,2730151,202520,data/bronce/Bookeau/Encuesta Reserva Normal IP/Encuesta Reserva Normal IP 202520.xlsx,Respuestas,1380,atributos_difieren_de_reserva,Conservar y revisar; no eliminar ni sobrescribir
Encuesta Reserva Normal IP,2731970,202520,data/bronce/Bookeau/Encuesta Reserva Normal IP/Encuesta Reserva Normal IP 202520.xlsx,Respuestas,1385,atributos_difieren_de_reserva,Conservar y revisar; no eliminar ni sobrescribir
Encuesta Reserva Normal IP,2728815,202520,data/bronce/Bookeau/Encuesta Reserva Normal IP/Encuesta Reserva Normal IP 202520.xlsx,Respuestas,1389,atributos_difieren_de_reserva,Conservar y revisar; no eliminar ni sobrescribir
Encuesta Reserva Normal IP,2729845,202520,data/bronce/Bookeau/Encuesta Reserva Normal IP/Encuesta Reserva Normal IP 202520.xlsx,Respuestas,1390,atributos_difieren_de_reserva,Conservar y revisar; no eliminar ni sobrescribir
Encuesta Reserva Normal IP,2730360,202520,data/bronce/Bookeau/Encuesta Reserva Normal IP/Encuesta Reserva Normal IP 202520.xlsx,Respuestas,1392,atributos_difieren_de_reserva,Conservar y revisar; no eliminar ni sobrescribir
Encuesta Reserva Normal IP,2730571,202520,data/bronce/Bookeau/Encuesta Reserva Normal IP/Encuesta Reserva Normal IP 202520.xlsx,Respuestas,1393,atributos_difieren_de_reserva,Conservar y revisar; no eliminar ni sobrescribir
Encuesta Reserva Normal IP,2723809,202520,data/bronce/Bookeau/Encuesta Reserva Normal IP/Encuesta Reserva Normal IP 202520.xlsx,Respuestas,1396,atributos_difieren_de_reserva,Conservar y revisar; no eliminar ni sobrescribir
Encuesta Reserva Normal IP,2725689,202520,data/bronce/Bookeau/Encuesta Reserva Normal IP/Encuesta Reserva Normal IP 202520.xlsx,Respuestas,1397,atributos_difieren_de_reserva,Conservar y revisar; no eliminar ni sobrescribir
Encuesta Reserva Normal IP,2728730,202520,data/bronce/Bookeau/Encuesta Reserva Normal IP/Encuesta Reserva Normal IP 202520.xlsx,Respuestas,1398,atributos_difieren_de_reserva,Conservar y revisar; no eliminar ni sobrescribir
Encuesta Reserva Normal IP,2847247,202610,data/bronce/Bookeau/Encuesta Reserva Normal IP/Encuesta Reserva Normal IP 202610.xlsx,Respuestas,409,encuesta_marcada_invalida_en_origen,Conservar y revisar; no eliminar ni sobrescribir
Reservas,1,201620,data/bronce/Bookeau/Reservas/Reservas201620.xlsx,Citas,2,revisar_cancelacion_con_llegada,Conservar y revisar; no eliminar ni sobrescribir
Reservas,2,201620,data/bronce/Bookeau/Reservas/Reservas201620.xlsx,Citas,3,revisar_cancelacion_con_llegada,Conservar y revisar; no eliminar ni sobrescribir
Reservas,256,201620,data/bronce/Bookeau/Reservas/Reservas201620.xlsx,Citas,161,revisar_finalizada_sin_llegada,Conservar y revisar; no eliminar ni sobrescribir
Reservas,257,201620,data/bronce/Bookeau/Reservas/Reservas201620.xlsx,Citas,162,revisar_cancelacion_con_llegada,Conservar y revisar; no eliminar ni sobrescribir
Reservas,349,201620,data/bronce/Bookeau/Reservas/Reservas201620.xlsx,Citas,271,revisar_finalizada_sin_llegada,Conservar y revisar; no eliminar ni sobrescribir
Reservas,421,201620,data/bronce/Bookeau/Reservas/Reservas201620.xlsx,Citas,272,revisar_cancelacion_con_llegada,Conservar y revisar; no eliminar ni sobrescribir
Reservas,476,201620,data/bronce/Bookeau/Reservas/Reservas201620.xlsx,Citas,295,revisar_cancelacion_con_llegada,Conservar y revisar; no eliminar ni sobrescribir
Reservas,493,201620,data/bronce/Bookeau/Reservas/Reservas201620.xlsx,Citas,317,revisar_cancelacion_con_llegada,Conservar y revisar; no eliminar ni sobrescribir
Reservas,903,201620,data/bronce/Bookeau/Reservas/Reservas201620.xlsx,Citas,678,revisar_cancelacion_con_llegada,Conservar y revisar; no eliminar ni sobrescribir
Reservas,1636,201620,data/bronce/Bookeau/Reservas/Reservas201620.xlsx,Citas,1251,revisar_cancelacion_con_llegada,Conservar y revisar; no eliminar ni sobrescribir
Reservas,2146,201620,data/bronce/Bookeau/Reservas/Reservas201620.xlsx,Citas,1668,revisar_no_asistio_con_llegada,Conservar y revisar; no eliminar ni sobrescribir
Reservas,2337,201620,data/bronce/Bookeau/Reservas/Reservas201620.xlsx,Citas,1822,revisar_cancelacion_con_llegada,Conservar y revisar; no eliminar ni sobrescribir
Reservas,3016,201620,data/bronce/Bookeau/Reservas/Reservas201620.xlsx,Citas,2311,revisar_cancelacion_con_llegada,Conservar y revisar; no eliminar ni sobrescribir
Reservas,3133,201620,data/bronce/Bookeau/Reservas/Reservas201620.xlsx,Citas,2508,revisar_no_asistio_con_llegada,Conservar y revisar; no eliminar ni sobrescribir
Reservas,3695,201620,data/bronce/Bookeau/Reservas/Reservas201620.xlsx,Citas,2754,revisar_no_asistio_con_llegada,Conservar y revisar; no eliminar ni sobrescribir
Reservas,4285,201710,data/bronce/Bookeau/Reservas/Reservas201710.xlsx,Citas,282,revisar_no_asistio_con_llegada,Conservar y revisar; no eliminar ni sobrescribir
Reservas,4368,201710,data/bronce/Bookeau/Reservas/Reservas201710.xlsx,Citas,368,revisar_no_asistio_con_llegada,Conservar y revisar; no eliminar ni sobrescribir
Reservas,4821,201710,data/bronce/Bookeau/Reservas/Reservas201710.xlsx,Citas,711,revisar_no_asistio_con_llegada,Conservar y revisar; no eliminar ni sobrescribir
Reservas,4876,201710,data/bronce/Bookeau/Reservas/Reservas201710.xlsx,Citas,746,revisar_cancelacion_con_llegada,Conservar y revisar; no eliminar ni sobrescribir
Reservas,5676,201710,data/bronce/Bookeau/Reservas/Reservas201710.xlsx,Citas,1786,revisar_finalizada_sin_llegada,Conservar y revisar; no eliminar ni sobrescribir
Reservas,6038,201710,data/bronce/Bookeau/Reservas/Reservas201710.xlsx,Citas,1812,revisar_cancelacion_con_llegada,Conservar y revisar; no eliminar ni sobrescribir
Reservas,6043,201710,data/bronce/Bookeau/Reservas/Reservas201710.xlsx,Citas,1813,revisar_cancelacion_con_llegada,Conservar y revisar; no eliminar ni sobrescribir
Reservas,7039,201710,data/bronce/Bookeau/Reservas/Reservas201710.xlsx,Citas,2784,revisar_cancelacion_con_llegada,Conservar y revisar; no eliminar ni sobrescribir
Reservas,7696,201710,data/bronce/Bookeau/Reservas/Reservas201710.xlsx,Citas,3349,revisar_no_asistio_con_llegada,Conservar y revisar; no eliminar ni sobrescribir
Reservas,8146,201710,data/bronce/Bookeau/Reservas/Reservas201710.xlsx,Citas,3700,revisar_no_asistio_con_llegada,Conservar y revisar; no eliminar ni sobrescribir
Reservas,9296,201720,data/bronce/Bookeau/Reservas/Reservas201720.xlsx,Citas,577,revisar_no_asistio_con_llegada,Conservar y revisar; no eliminar ni sobrescribir
Reservas,9397,201720,data/bronce/Bookeau/Reservas/Reservas201720.xlsx,Citas,596,revisar_cancelacion_con_llegada,Conservar y revisar; no eliminar ni sobrescribir
Reservas,9380,201720,data/bronce/Bookeau/Reservas/Reservas201720.xlsx,Citas,625,revisar_cancelacion_con_llegada,Conservar y revisar; no eliminar ni sobrescribir
Reservas,9399,201720,data/bronce/Bookeau/Reservas/Reservas201720.xlsx,Citas,626,revisar_finalizada_sin_llegada,Conservar y revisar; no eliminar ni sobrescribir
Reservas,9374,201720,data/bronce/Bookeau/Reservas/Reservas201720.xlsx,Citas,645,revisar_cancelacion_con_llegada,Conservar y revisar; no eliminar ni sobrescribir
Reservas,9513,201720,data/bronce/Bookeau/Reservas/Reservas201720.xlsx,Citas,754,revisar_cancelacion_con_llegada,Conservar y revisar; no eliminar ni sobrescribir
Reservas,9751,201720,data/bronce/Bookeau/Reservas/Reservas201720.xlsx,Citas,1047,revisar_cancelacion_con_llegada,Conservar y revisar; no eliminar ni sobrescribir
Reservas,9752,201720,data/bronce/Bookeau/Reservas/Reservas201720.xlsx,Citas,1048,revisar_finalizada_sin_llegada,Conservar y revisar; no eliminar ni sobrescribir
Reservas,9949,201720,data/bronce/Bookeau/Reservas/Reservas201720.xlsx,Citas,1129,revisar_cancelacion_con_llegada,Conservar y revisar; no eliminar ni sobrescribir
Reservas,10154,201720,data/bronce/Bookeau/Reservas/Reservas201720.xlsx,Citas,1226,revisar_cancelacion_con_llegada,Conservar y revisar; no eliminar ni sobrescribir
Reservas,10159,201720,data/bronce/Bookeau/Reservas/Reservas201720.xlsx,Citas,1227,revisar_finalizada_sin_llegada,Conservar y revisar; no eliminar ni sobrescribir
Reservas,10168,201720,data/bronce/Bookeau/Reservas/Reservas201720.xlsx,Citas,1253,revisar_cancelacion_con_llegada,Conservar y revisar; no eliminar ni sobrescribir
Reservas,10173,201720,data/bronce/Bookeau/Reservas/Reservas201720.xlsx,Citas,1254,revisar_finalizada_sin_llegada,Conservar y revisar; no eliminar ni sobrescribir
Reservas,31946,201810,data/bronce/Bookeau/Reservas/Reservas201810.xlsx,Citas,1601,revisar_finalizada_sin_llegada,Conservar y revisar; no eliminar ni sobrescribir
Reservas,38095,201810,data/bronce/Bookeau/Reservas/Reservas201810.xlsx,Citas,2519,revisar_cancelacion_con_llegada,Conservar y revisar; no eliminar ni sobrescribir
Reservas,72314,201910,data/bronce/Bookeau/Reservas/Reservas201910.xlsx,Citas,58,revisar_cancelacion_con_llegada,Conservar y revisar; no eliminar ni sobrescribir
Reservas,90364,201910,data/bronce/Bookeau/Reservas/Reservas201910.xlsx,Citas,2155,revisar_cancelacion_con_llegada,Conservar y revisar; no eliminar ni sobrescribir
Reservas,90540,201910,data/bronce/Bookeau/Reservas/Reservas201910.xlsx,Citas,2350,revisar_cancelacion_con_llegada,Conservar y revisar; no eliminar ni sobrescribir
Reservas,183232,201920,data/bronce/Bookeau/Reservas/Reservas201920.xlsx,Citas,1247,revisar_cancelacion_con_llegada,Conservar y revisar; no eliminar ni sobrescribir
Reservas,309874,202020,data/bronce/Bookeau/Reservas/Reservas202020.xlsx,Citas,276,revisar_cancelacion_con_llegada,Conservar y revisar; no eliminar ni sobrescribir
Reservas,310905,202020,data/bronce/Bookeau/Reservas/Reservas202020.xlsx,Citas,571,revisar_cancelacion_con_llegada,Conservar y revisar; no eliminar ni sobrescribir
Reservas,378347,202110,data/bronce/Bookeau/Reservas/Reservas202110.xlsx,Citas,1634,revisar_cancelacion_con_llegada,Conservar y revisar; no eliminar ni sobrescribir
Reservas,400873,202110,data/bronce/Bookeau/Reservas/Reservas202110.xlsx,Citas,3910,revisar_cancelacion_con_llegada,Conservar y revisar; no eliminar ni sobrescribir
Reservas,467344,202120,data/bronce/Bookeau/Reservas/Reservas202120.xlsx,Citas,461,revisar_cancelacion_con_llegada,Conservar y revisar; no eliminar ni sobrescribir
